1929	04	20	BB	TT	3	0	F		26	1326	1566	−	−8	55	36
1929	04	22	BB	TT	2	0	F		21	1347	1545	+1	−4	54	40
1929	04	24	BB	TT	2	1	F		13	1360	1532	+1	0	53	40
1931	02	09	BB	MQ	1	2	F		-9	1351	1509	−1	−	56	39
1931	02	11	BB	MQ	3	2	F		12	1363	1497	0	−2	56	41
1931	02	12	BB	MQ	0	0	F		1	1364	1496	0	−2	56	43
1931	03	09	TT	BB	7	1	MS	RG	21	1509	1343	+5	0	39	56
1931	03	13	RG	BB	9	0	MS		16	1481	1327	0	0	46	56
1931	03	16	TT	BB	5	1	MS	RG	14	1525	1313	0	−2	39	58
1931	03	20	RG	BB	7	0	MS		11	1511	1302	+2	−2	39	60
1932	04	16	BB	RG	0	1	MS		-11	1291	1499	0	+4	63	43
1932	04	18	BB	TT	1	0	MS		19	1310	1470	0	−1	63	48
1932	04	23	BB	RG	2	2	MS		3	1313	1480	+2	−1	61	48
1932	04	26	BB	TT	1	3	MS		-18	1295	1504	−2	+5	63	41
1933	10	23	TT	BB	8	4	F		5	1509	1290	+1	0	44	65
1933	10	26	RG	BB	2	0	MS	TT	12	1471	1278	+2	−4	51	69
1933	10	30	TT	BB	3	1	MS		6	1518	1272	+1	−1	43	70
1933	11	01	RG	BB	5	2	MS	TT	12	1489	1260	+1	−1	50	71
1933	11	06	TT	BB	6	0	MS		7	1535	1253	0	0	42	71
1936	05	02	BB	GD	1	2	F		-6	1247	1511	0	+2	76	46
1936	09	12	VC	BB	1	1	F		-6	1394	1253	−	−1	59	77
1936	09	14	VC	BB	1	1	F		-6	1388	1259	−1	0	60	77
1942	04	11	BB	TT	3	3	F		6	1265	1582	+1	0	85	43
1944	00	00	TT	BB	5	0	F		3	1585	1262	0	0	44	87
1944	05	04	BB	TT	1	1	F		6	1268	1579	0	0	89	45
1944	05	08	BB	TT	1	1	F		5	1273	1574	+1	0	88	45
1944	05	10	BB	TT	1	4	F		-8	1265	1582	−1	0	89	45
1944	10	05	TT	BB	3	0	FT		5	1575	1260	+1	−1	45	90
1944	10	07	RG	BB	3	0	FT	TT	22	1337	1238	+2	−1	75	91
1944	10	09	TT	BB	6	1	FT		4	1579	1234	0	0	45	91
1944	10	11	RG	BB	1	0	FT	TT	11	1348	1223	+3	0	72	91
1951	03	19	BB	GD	1	3	F		-7	1216	1548	−1	+2	103	49
1951	03	21	BB	GD	3	2	F		16	1232	1532	+1	−2	102	51
1951	05	25	BB	JM	3	0	F		19	1251	1342	+1	−1	103	82
1951	05	26	BB	JM	0	1	F		-10	1241	1352	−1	0	104	82
1951	05	28	BB	JM	5	2	F		18	1259	1334	+3	−2	101	84
1953	08	21	RG	BB	2	0	F		11	1256	1248	+1	−2	105	106
1959	03	02	TT	BB	2	0	FT		6	1491	1242	+2	−1	73	119
1959	03	04	JM	BB	3	1	FT	TT	16	1364	1226	+3	−2	97	121
1959	03	09	BB	RG	2	1	FT	TT	17	1243	1250	+2	−2	119	117
1962	11	25	BB	LC	1	1	F		-1	1242	1301	0	0	122	111
1966	01	00	BB	RG	1	1	FT		-5	1237	1222	−1	0	129	131
1968	04	06	BB	UM	0	2	F		-7	1230	1555	0	+1	126	59
1968	04	08	BB	UM	0	0	F		6	1236	1549	0	−1	126	60
1971	06	26	BB	GD	6	1	F		31	1267	1509	+6	−2	122	65
1971	06	27	BB	GD	6	1	F		28	1295	1481	+8	−4	114	69
1971	07	21	BB	SV	0	3	OQ		-26	1269	1515	−9	+2	123	66
1971	07	28	SV	BB	4	2	OQ		7	1522	1262	+2	0	65	124
1971	11	30	BB	AN	1	3	F		-14	1248	1396	−3	+2	127	94
1973	02	08	BB	HT	3	2	F		17	1265	1615	+2	−2	127	44
1973	11	06	UM	BB	2	0	FT	GY	7	1569	1258	+2	0	55	125
1974	02	28	CU	BB	2	0	CAC	DO	18	1422	1240	+4	−3	87	130
1974	03	02	TT	BB	1	0	CAC	DO	5	1593	1235	0	0	51	130
1974	03	04	BB	NI	1	0	CAC	DO	10	1245	1025	0	−2	130	160
1974	03	08	BB	PR	2	0	CAC	DO	6	1251	847	+1	0	129	176
1975	03	31	BB	UM	1	0	F		15	1266	1539	+3	−3	123	56
1975	04	12	BB	TT	1	1	OQ		9	1275	1525	0	−5	123	61
1975	04	29	TT	BB	0	0	OQ		-15	1510	1290	−2	+5	64	118
1975	05	25	BB	TT	1	3	OQ		-20	1270	1530	−4	+5	122	60
1975	10	05	AG	BB	1	0	F		10	1167	1260	0	−1	138	121
1976	08	15	BB	TT	2	1	WCQ		28	1288	1478	+4	−8	117	70
1976	08	31	TT	BB	1	0	WCQ		6	1484	1282	+3	−1	67	118
1976	09	14	BB	TT	1	3	WCQ		-21	1261	1505	−4	+6	123	61
1977	10	21	GY	BB	2	0	FT		17	1263	1244	+3	−3	123	126
1977	10	24	GY	BB	0	0	FT		-5	1258	1249	0	0	123	126
1977	10	26	GY	BB	0	0	FT		-5	1253	1254	−1	+3	124	123
1977	12	08	BB	VC	2	1	F		12	1266	1429	+3	−3	120	85
1977	12	11	BB	VC	2	0	F		18	1284	1411	+3	−5	117	90
1978	05	01	BB	GY	1	0	F		6	1290	1247	+1	−3	117	127
1978	05	03	BB	GY	3	0	F		11	1301	1236	+1	−1	116	128
1978	06	25	BB	AN	0	0	CUQ		-3	1298	1344	0	0	116	106
1978	07	29	AN	BB	1	0	CUQ		18	1249	1280	+4	−2	123	117
1978	11	25	GD	BB	2	0	F		6	1439	1274	0	0	84	118
1978	11	26	GD	BB	0	0	F		-6	1433	1280	0	0	84	118
1979	02	00	BB	TT	2	2	FT		2	1282	1427	0	0	119	84
1979	03	00	BB	MQ	1	2	FT		-14	1268	1429	−1	+4	120	84
1979	05	06	BB	SR	1	2	OQ		-11	1257	1550	−2	+2	121	58
1979	05	20	SR	BB	5	1	OQ		7	1557	1250	+3	−2	56	123
1980	02	17	BB	VC	0	0	F		4	1254	1492	0	−1	121	70
1981	07	05	BB	TT	1	1	CUQ		3	1257	1402	+1	+1	121	90
1981	07	17	TT	BB	1	1	CUQ		-12	1390	1269	−3	+2	93	119
1981	11	04	TT	BB	2	1	F		3	1496	1266	+2	0	72	119
1981	11	06	TT	BB	0	0	F		-7	1489	1273	−3	+1	75	118
1982	05	15	BB	BM	2	1	F		8	1281	1303	+1	−3	114	109
1982	05	17	BB	BM	0	0	F		-2	1279	1305	−1	+1	115	108
1983	01	16	AG	BB	0	1	OQ		-17	1112	1296	−3	+4	150	112
1983	02	23	BB	AG	2	1	OQ		7	1303	1105	0	−2	111	152
1983	03	06	BB	SR	1	0	CUQ		24	1327	1457	+7	−4	104	81
1983	03	08	BB	SR	0	0	CUQ		2	1329	1455	0	0	104	81
1983	03	27	CU	BB	2	0	OQ		6	1615	1323	0	0	42	104
1983	04	10	BB	CU	0	0	OQ		10	1333	1605	+2	−2	103	44
1983	04	24	BB	GY	1	1	CUQ		-10	1323	1253	−2	+1	105	124
1983	05	08	GY	BB	2	0	CUQ		27	1280	1296	+6	−6	118	112
1983	11	19	BB	SE	0	4	F		-2	1294	1864	−2	0	117	12
1985	01	13	BB	LC	4	1	F		13	1307	1280	+2	−4	112	120
1985	04	20	BB	JM	2	2	F		-4	1303	1275	0	0	109	119
1985	06	25	BB	SR	0	0	CUC		3	1306	1450	0	0	110	83
1985	06	27	BB	GP	1	1	CUC		-1	1305	1381	0	0	110	91
1985	06	30	BB	MQ	1	1	CUC		7	1312	1522	+2	−1	108	66
1986	06	00	GY	BB	0	2	F		-17	1241	1329	−1	0	126	107
1986	06	00	GY	BB	2	1	F		10	1251	1319	−1	0	126	107
1986	06	26	BB	AN	1	1	CAC	DO	-2	1317	1285	0	0	107	115
1986	06	28	HN	BB	1	0	CAC	DO	6	1629	1311	+1	−1	42	108
1986	06	30	DO	BB	3	1	CAC		49	997	1262	+3	−13	166	121
1987	01	04	BB	VC	3	0	F		19	1281	1364	+6	−3	115	94
1987	03	14	BB	GY	2	2	F		-3	1278	1288	−1	+1	118	110
1987	03	22	BB	JM	0	0	OQ		-5	1273	1289	−1	+3	119	110
1987	04	05	JM	BB	0	1	OQ		-26	1263	1299	−11	+12	121	107
1987	05	10	TT	BB	2	0	OQ		14	1424	1285	+3	−8	84	114
1987	05	24	BB	TT	1	1	OQ		2	1287	1422	+3	0	112	84
1987	10	27	BB	MQ	1	1	F		4	1291	1510	+1	−1	109	69
1987	11	29	BB	TT	0	4	CUQ		-41	1250	1403	−15	+8	124	89
1987	12	06	TT	BB	5	1	CUQ		14	1417	1236	+2	−3	87	127
1988	07	10	JM	BB	0	0	F		-4	1289	1240	−3	+2	110	127
1989	03	26	BB	JM	1	1	FRY		-2	1238	1288	−1	0	124	112
1989	03	28	BB	JM	1	1	FRY		-2	1236	1290	0	+1	124	111
1989	04	12	BB	BM	1	2	DNT		-15	1221	1358	−5	+2	129	100
1989	04	14	BB	BM	2	1	DNT		17	1238	1341	+6	−2	123	102
1989	07	03	BB	GP	1	0	CRC		24	1262	1379	+7	−4	120	97
1989	07	05	BB	TT	0	3	CRC		-20	1242	1547	−3	+4	123	60
1990	03	16	JM	BB	0	1	FRY		-19	1222	1261	−5	+6	133	121
1990	03	18	JM	BB	1	0	FRY		12	1234	1249	+2	0	131	121
1990	04	15	BB	LC	1	0	CRQ		17	1266	1286	+3	−2	118	113
1990	04	29	BB	AG	1	0	CRQ		13	1279	1219	+3	−2	115	133
1990	05	17	BB	SR	5	0	F		20	1299	1355	+3	−4	112	104
1990	05	26	BM	BB	1	1	CRQ		-9	1364	1308	−3	+1	102	111
1990	05	29	BM	BB	3	0	F		10	1374	1298	+3	−1	98	112
1990	07	09	BB	GD	1	1	F		-1	1297	1365	−1	0	113	101
1990	07	10	BB	GD	4	0	F		17	1314	1348	+2	−3	111	104
1990	07	22	BB	MQ	2	2	CRC	TT	6	1320	1407	0	−4	111	89
1990	07	27	BB	VC	3	2	CRC	TT	19	1339	1292	+4	−4	106	115
1992	01	00	GY	BB	0	2	F		-13	1180	1352	−7	+4	154	108
1992	01	00	GY	BB	0	2	F		-12	1168	1364	−7	+4	154	108
1992	03	04	BB	GD	1	1	CBQ		-7	1357	1339	0	+1	110	114
1992	03	06	BB	AN	1	0	CBQ		14	1371	1336	+3	−1	107	113
1992	03	08	BB	VC	2	3	CBQ		-29	1342	1327	−6	+5	113	118
1992	04	19	BB	TT	1	2	WQ		-18	1324	1493	−5	+6	118	72
1992	05	31	TT	BB	3	0	WQ		12	1505	1312	+1	−3	72	120
1993	03	11	PR	BB	1	0	FCQ	GY	36	977	1276	+2	−7	190	133
1993	03	12	BB	KY	6	1	FCQ	GY	13	1289	984	+3	−2	130	189
1993	03	14	GY	BB	0	3	FCQ		-30	1110	1319	−5	+10	170	120
1994	01	02	BB	GD	0	0	F		-4	1315	1274	0	+1	123	137
1994	01	23	BB	PR	0	1	CBQ		-35	1280	1105	−12	+8	135	172
1994	01	27	BB	GD	3	2	CBQ		15	1295	1270	+5	−5	131	138
1994	03	27	BB	VC	2	0	F		9	1304	1241	+2	−2	129	144
1994	04	08	BB	GP	2	2	CBC	TT	2	1306	1345	+1	−1	128	119
1994	04	10	BB	DM	1	1	CBC	TT	-7	1299	1188	−1	+2	129	158
1994	04	12	TT	BB	2	0	CBC		10	1489	1289	+3	−4	83	133
1995	03	12	BB	KN	0	1	F		-16	1273	1150	−4	+3	137	164
1995	03	26	BB	GY	3	0	FCQ		13	1286	1097	+2	−4	135	174
1995	04	02	GY	BB	0	4	FCQ		-28	1069	1314	−6	+9	179	126
1995	04	30	BB	LC	1	1	FCQ		-7	1307	1298	−2	+1	128	132
1995	05	07	LC	BB	2	1	FCQ		15	1313	1292	+5	−5	127	133
1995	11	19	VC	BB	2	0	WIT	DM	20	1354	1272	+4	−5	118	138
1995	11	23	GD	BB	1	0	WIT	DM	16	1273	1256	+2	−3	139	141
1996	04	24	JM	BB	2	0	CBQ		5	1566	1251	0	−1	62	143
1996	04	28	BB	JM	2	0	CBQ		47	1298	1519	+12	−11	131	73
1996	05	14	DM	BB	0	1	WQ		-21	1190	1319	−3	+6	156	124
1996	05	19	BB	DM	1	0	WQ		8	1327	1182	+2	−1	122	157
1996	06	13	BB	TT	0	4	F		-12	1315	1580	−2	+4	126	58
1996	06	23	BB	JM	0	1	WQ		-17	1298	1483	−2	+6	129	82
1996	06	30	JM	BB	2	0	WQ		10	1493	1288	+1	−4	80	134
1997	04	02	BB	GD	1	1	FCQ	TT	-2	1286	1253	0	+1	133	139
1997	04	04	TT	BB	0	1	F		-17	1467	1303	−4	+4	85	129
1997	04	06	BB	GY	2	0	FCQ	TT	13	1316	1062	+2	−1	127	178
1997	07	02	BB	TT	1	1	F		1	1317	1449	0	0	128	89
1998	01	04	BB	TT	0	1	F		-9	1308	1464	−3	0	131	88
1998	03	01	BB	KN	6	2	F		10	1318	1224	+1	−3	129	145
1998	03	18	LC	BB	2	1	FCQ		20	1231	1298	+4	−3	145	132
1998	03	20	MQ	BB	4	1	FCQ	LC	22	1450	1276	+8	−2	91	134
1998	03	22	BB	VC	4	3	FCQ	LC	19	1295	1234	+2	−5	132	143
1999	02	28	GY	BB	2	2	FCQ		7	1071	1288	+1	−2	178	133
1999	03	06	BB	GY	2	0	FCQ		8	1296	1063	+3	−1	130	179
1999	03	10	BB	AG	2	0	FCQ	GP	23	1319	1194	+4	−6	126	156
1999	03	12	BB	DM	3	1	FCQ	GP	17	1336	1146	+5	−2	121	164
1999	03	14	GP	BB	1	0	FCQ		13	1378	1323	+1	−4	114	125
2000	02	17	BB	KN	1	0	F		6	1329	1260	+1	0	123	141
2000	02	29	BB	AG	2	2	F		-7	1322	1161	−1	+1	122	162
2000	03	05	BB	GD	2	2	WQ		-6	1316	1324	−5	+2	127	122
2000	03	18	GD	BB	2	3	WQ		-26	1298	1342	−9	+8	131	119
2000	04	01	AW	BB	1	3	WQ		-13	1005	1355	−2	+1	188	118
2000	04	16	BB	AW	4	0	WQ		5	1360	1000	0	0	118	188
2000	05	07	CU	BB	1	1	WQ		-12	1490	1372	−6	+1	81	115
2000	05	21	BB	CU	1	1	WQ		1	1373	1489	0	0	115	79
2000	06	10	VC	BB	1	0	F		9	1300	1364	+3	−1	132	115
2000	06	29	BB	TT	0	0	F		4	1368	1591	+1	0	113	57
2000	07	05	JM	BB	5	0	F		8	1506	1360	0	−1	76	114
2000	07	16	BB	CR	2	1	WQ		29	1389	1594	+5	−2	110	57
2000	07	22	GT	BB	2	0	WQ		12	1550	1377	+3	−1	65	111
2000	08	16	US	BB	7	0	WQ		4	1796	1373	0	−3	19	114
2000	09	03	CR	BB	3	0	WQ		9	1610	1364	0	−2	58	115
2000	10	08	BB	GT	1	3	WQ		-24	1340	1557	−4	+6	119	64
2000	11	15	BB	US	0	4	WQ		-8	1332	1809	−2	+1	121	19
2001	03	23	GY	BB	2	2	F		4	1076	1328	0	0	178	123
2001	03	25	GY	BB	1	2	F		-6	1070	1334	−2	0	180	124
2001	04	04	BB	GD	2	1	FCQ	SR	19	1353	1299	+3	−4	120	130
2001	04	06	SR	BB	2	2	FCQ		-2	1284	1355	0	0	136	120
2001	04	08	BB	AW	5	2	FCQ	SR	7	1362	976	0	0	120	190
2001	05	15	TT	BB	5	0	FQC		9	1638	1353	+2	−1	54	120
2001	05	17	MQ	BB	3	1	FQC	TT	29	1395	1324	+9	−4	109	124
2001	05	19	JM	BB	2	1	FQC	TT	7	1588	1317	+2	−1	60	125
2002	07	25	BB	TT	0	0	FT	KN	9	1326	1540	+1	−1	126	67
2002	07	27	KN	BB	3	0	FT		17	1369	1309	+5	−4	116	130
2002	10	06	BB	LC	3	2	F		6	1315	1258	0	−2	132	143
2002	11	09	BB	JM	1	1	CCQ	GD	12	1327	1535	+3	−1	129	67
2002	11	11	GD	BB	0	2	CCQ		-37	1276	1364	−5	+8	137	121
2002	11	13	GP	BB	1	0	CCQ	GD	21	1364	1343	+8	−8	121	129
2003	01	12	BB	JM	1	0	F		14	1357	1563	+5	−1	122	62
2003	01	26	BB	FI	0	0	F		6	1363	1667	0	−2	122	46
2003	02	12	BB	MQ	3	3	F		-1	1362	1444	0	0	122	94
2003	03	23	JM	BB	2	1	F		3	1552	1359	0	−1	65	122
2003	12	26	BM	BB	1	2	F		-11	1271	1370	−4	+2	138	115
2004	01	01	BM	BB	0	4	EVE		-28	1243	1398	−7	+6	145	109
2004	01	11	BB	GD	2	0	F		6	1404	1251	0	−1	109	141
2004	01	18	BB	CA	0	1	F		-7	1397	1601	−1	+4	110	55
2004	01	31	GD	BB	0	1	F		-9	1242	1406	−5	+1	146	110
2004	02	15	BB	GY	0	2	F		-27	1379	1125	−4	+5	113	170
2004	03	12	BB	DM	2	1	F		2	1381	1070	0	0	113	180
2004	05	30	BB	EI	1	1	F		0	1381	1474	−1	0	113	85
2004	06	13	BB	KN	0	2	WQ		-42	1339	1375	−11	+10	124	115
2004	06	19	KN	BB	3	2	WQ		13	1388	1326	+5	0	110	124
2005	01	23	BB	GD	3	0	F		9	1335	1224	+2	−2	123	149
2005	01	30	BB	VC	3	1	F		12	1347	1343	+3	−7	120	123
2005	02	06	BB	AG	3	2	F		3	1350	1113	+3	0	117	170
2005	02	13	BB	GY	3	3	F		-8	1342	1088	−6	+1	123	175
2005	02	20	BB	CU	0	3	FQC		-20	1322	1616	−2	+4	125	59
2005	02	22	BB	JM	0	1	FQC		-9	1313	1636	−3	+2	128	52
2005	02	24	BB	TT	2	3	FQC		-18	1295	1474	−6	+2	134	89
2006	09	02	BB	GY	0	1	FT		-24	1271	1176	−2	+2	134	166
2006	09	10	BB	VC	1	1	F		-1	1270	1330	−1	+1	136	120
2006	09	17	DM	BB	0	5	F		-11	998	1281	0	+1	188	135
2006	09	20	BB	KN	1	1	FCQ	AG	-2	1279	1254	0	0	135	139
2006	09	22	AG	BB	1	3	FCQ		-24	1088	1303	−4	+7	176	128
2006	09	24	BB	AI	7	1	FCQ	AG	1	1304	541	0	0	128	230
2006	11	05	BB	GD	2	2	F		-6	1298	1183	−2	+5	128	161
2006	11	19	BB	BS	2	1	FCQ		2	1300	889	+1	−1	128	202
2006	11	21	BB	VC	3	0	FCQ		33	1333	1348	+8	−8	120	116
2006	11	23	BB	BM	1	1	FCQ		-12	1321	1201	−4	+1	124	157
2007	01	12	TT	BB	1	1	FQC		-15	1537	1336	−3	+3	76	121
2007	01	15	HT	BB	2	0	FQC	TT	18	1497	1318	+5	−2	85	123
2007	01	17	MQ	BB	3	2	FQC	TT	18	1378	1300	+6	−6	108	130
2007	03	25	BB	GT	0	0	F		4	1304	1529	+1	0	129	80
2008	01	13	BB	AG	3	2	F		3	1307	1082	0	0	130	176
2008	02	06	DM	BB	1	1	WQ		11	1003	1296	0	−2	186	132
2008	03	13	VC	BB	0	2	F		-20	1305	1316	−6	+6	130	126
2008	03	15	GD	BB	1	1	F		0	1215	1316	0	0	153	126
2008	03	26	BB	DM	1	0	WQ		3	1319	1000	+2	0	124	186
2008	05	11	TT	BB	3	0	F		6	1510	1313	+3	−2	85	127
2008	06	06	BM	BB	2	1	F		13	1127	1300	+1	−7	174	131
2008	06	09	BM	BB	3	0	F		21	1148	1279	+3	−7	171	134
2008	06	15	US	BB	8	0	WQ		3	1793	1276	0	−1	22	136
2008	06	22	BB	US	0	1	WQ		-3	1273	1796	0	0	136	21
2008	09	26	BB	VG	2	1	FBQ	KN	4	1277	893	+3	0	132	199
2008	09	28	KN	BB	1	3	FBQ		-28	1125	1305	−4	+6	173	126
2008	10	23	BB	SR	3	2	FBQ	CU	17	1322	1234	+5	−6	123	147
2008	10	25	CU	BB	1	1	FBQ		-12	1443	1334	−1	+1	94	122
2008	10	27	BB	AN	2	1	FBQ	CU	11	1345	1145	0	−1	122	168
2008	12	03	JM	BB	2	1	FQB		4	1623	1341	+1	0	54	122
2008	12	05	TT	BB	2	1	FQB	JM	9	1554	1332	+3	−1	67	123
2008	12	07	GD	BB	4	2	FQB	JM	36	1301	1296	+8	−8	129	131
2009	02	08	BB	GD	5	0	F		15	1311	1289	+4	−2	128	132
2010	09	25	BB	DM	0	2	F		-28	1283	1020	−3	0	133	186
2010	09	26	BB	DM	1	3	F		-27	1256	1047	−8	+6	141	180
2010	10	06	BB	KN	1	1	FBQ	VC	-5	1251	1168	−1	+3	142	162
2010	10	08	BB	MS	5	0	FBQ	VC	1	1252	535	0	0	142	233
2010	10	10	VC	BB	0	0	FBQ		-4	1224	1256	−2	+2	148	140
2011	05	20	GY	BB	1	0	F		6	1310	1250	+1	−2	130	143
2011	05	22	GY	BB	3	2	F		6	1316	1244	+1	−1	129	144
2011	05	27	BB	VC	0	0	F		-4	1240	1187	−2	+2	146	158
2011	05	29	BB	GY	1	1	F		-1	1239	1317	0	0	146	129
2011	08	21	BB	LC	4	0	F		6	1245	1044	+2	0	144	181
2011	09	02	GY	BB	2	0	WQ		16	1337	1229	+5	−4	124	148
2011	09	06	BB	TT	0	2	WQ		-16	1213	1514	−4	+7	152	82
2011	10	07	BB	GY	0	2	WQ		-27	1186	1370	−7	+3	160	116
2011	10	11	TT	BB	4	0	WQ		7	1488	1179	+4	−2	89	162
2011	11	11	BM	BB	2	1	WQ		14	1194	1165	+7	−3	155	166
2011	11	14	BM	BB	2	1	WQ		13	1207	1152	+3	−2	152	168
2012	09	01	VC	BB	2	0	F		11	1166	1141	+5	−3	161	170
2012	09	02	VC	BB	1	1	F		-3	1163	1144	−1	+1	162	169
2012	09	23	BB	DM	1	0	FBQ		9	1153	1012	+1	−1	168	187
2012	09	25	BB	DO	0	1	FBQ		-27	1126	1144	−5	+8	173	169
2012	09	27	BB	AW	2	1	FBQ		7	1133	961	0	−1	173	193
2014	03	02	BB	JM	0	2	F		-5	1128	1522	−1	+1	173	78
2014	09	03	BB	SR	1	1	FBQ	MQ	7	1135	1249	+1	+1	172	143
2014	09	05	MQ	BB	3	2	FBQ		4	1446	1131	0	−1	102	173
2014	09	07	BB	BQ	4	1	FBQ	MQ	27	1158	1020	+5	0	168	187
2014	10	08	BB	KN	3	2	FBQ	HT	21	1179	1162	+8	−8	161	169
2014	10	10	HT	BB	4	2	FBQ		8	1424	1171	+1	−3	106	165
2014	10	12	GF	BB	2	0	FBQ	HT	25	1254	1146	+7	−5	142	170
2015	02	01	BB	GY	2	2	F		-1	1145	1219	0	0	170	156
2015	03	06	BB	VC	3	1	F		12	1157	1159	+1	−3	169	168
2015	03	08	BB	VC	2	2	F		-3	1154	1162	−1	+1	170	167
2015	03	22	BB	VI	0	1	WQ		-39	1115	718	−3	+5	173	217
2015	03	26	VI	BB	0	4	WQ		-11	707	1126	0	+1	217	172
2015	05	10	BB	KN	1	3	F		-15	1111	1230	−3	+9	175	148
2015	06	10	AW	BB	0	2	WQ		-24	913	1135	−1	+3	199	171
2015	06	14	BB	AW	1	0	WQ		5	1140	908	0	−1	171	200
2015	08	28	VC	BB	2	2	F		-4	1198	1144	0	0	161	172
2016	03	23	BB	CW	1	0	FBQ		13	1157	1108	+2	−2	171	179
2016	03	29	DO	BB	2	0	FBQ		22	1169	1135	+3	−5	167	174
2017	03	10	TT	BB	2	0	F		3	1432	1132	+1	0	98	171
2017	03	26	BB	MQ	2	1	F		17	1149	1488	0	−3	171	86
2017	05	06	KN	BB	2	1	F		5	1268	1144	+1	0	145	171
2017	06	17	GF	BB	3	0	F		5	1357	1139	+1	0	119	172
2017	06	30	DM	BB	2	1	WIT	GD	22	997	1117	+2	−2	190	174
2017	07	03	BB	LC	1	1	WIT	GD	-1	1116	1096	0	0	174	176
2017	07	04	VC	BB	4	2	WIT	GD	25	1104	1091	+6	−3	174	177
2017	07	06	GD	BB	0	2	WIT		-31	1098	1122	−3	+4	176	173
2017	10	28	BM	BB	2	3	F		-15	1196	1137	−3	0	165	173
2018	03	25	BB	BM	0	0	F		-1	1136	1190	0	+1	173	165
2018	06	03	BB	BZ	0	0	F		-2	1134	1170	0	0	173	169
2018	08	04	BZ	BB	1	0	F		6	1176	1128	0	0	170	173
2018	08	20	BB	JM	2	2	F		8	1136	1569	0	−1	173	66
2018	08	26	BB	CU	0	0	F		2	1138	1287	0	−1	173	137
2018	08	29	BB	CU	0	2	F		-13	1125	1300	0	+3	173	134
2018	09	06	GY	BB	2	2	CLQ		-9	1179	1134	−1	0	169	173
2018	09	30	VC	BB	1	1	F		-1	1075	1135	0	0	177	174
2018	10	13	SV	BB	3	0	CLQ		5	1475	1130	0	0	86	174
2018	11	18	BB	VI	3	0	CLQ		3	1133	715	0	0	173	216
2019	02	28	VC	BB	2	0	WIT		20	1098	1113	+4	−1	177	175
2019	03	04	BB	GD	0	0	WIT	VC	-2	1111	1072	0	+2	174	183
2019	03	06	BB	LC	2	0	WIT	VC	22	1133	1081	+1	−4	173	180
2019	03	08	BB	DM	2	0	WIT	VC	17	1150	1036	+2	0	171	187
2019	03	24	BB	NI	0	1	CLQ		-18	1132	1306	−3	+5	172	136
2019	09	05	BB	MF	4	0	CLC		5	1137	779	0	0	173	209
2019	09	08	KY	BB	3	2	CLC		26	963	1111	+2	−5	195	178
2019	10	12	BB	VI	1	0	CLC		3	1114	744	0	−1	178	215
2019	10	15	VI	BB	0	4	CLC		-13	731	1127	−1	+1	216	178
2019	11	16	MF	BB	1	0	CLC	AI	35	835	1092	+3	−2	207	180
2019	11	19	BB	KY	3	0	CLC		12	1104	913	0	−1	180	197
2020	01	07	CA	BB	4	1	F	US	2	1605	1102	0	0	58	181
2020	01	10	CA	BB	4	1	F	US	2	1607	1100	+1	0	57	181
2021	03	19	BB	TC	2	0	F	DO	5	1105	795	0	0	180	210
2021	03	21	BB	TC	5	0	F	DO	6	1111	789	0	0	180	210
2021	03	25	PA	BB	1	0	WQ	DO	3	1540	1108	0	0	74	180
2021	03	30	BB	AI	1	0	WQ	DO	2	1110	547	−1	0	179	236
2021	06	04	DO	BB	1	1	WQ		-9	1175	1119	−1	+1	165	178
2021	06	08	BB	DM	1	1	WQ	DO	-6	1113	1023	0	−1	178	188
2021	07	02	BM	BB	8	1	CCQ	US	31	1260	1082	+4	−3	145	181
2022	01	28	SR	BB	1	0	FT		3	1337	1079	+2	−1	118	181
2022	01	30	BB	GY	0	0	FT	SR	3	1082	1141	+1	0	180	172
2022	02	22	MQ	BB	3	1	F		3	1391	1079	0	−1	103	181
2022	03	25	TT	BB	9	0	CCL		7	1372	1072	+2	0	108	182
2022	03	27	GY	BB	5	0	CCL	TT	25	1161	1047	+6	−3	168	185
2022	06	02	AG	BB	1	0	CLB	LC	14	1177	1033	+3	+1	165	185
2022	06	05	CU	BB	3	0	CLB		9	1278	1024	+3	0	139	185
2022	06	09	BB	GP	0	1	CLB	LC	-11	1013	1209	−1	+4	186	158
2022	06	12	GP	BB	2	1	CLB		6	1215	1007	+1	0	155	186
2023	02	22	GD	BB	1	1	F		-6	1129	1013	−1	0	172	185
2023	02	24	GD	BB	2	2	F		-6	1123	1019	−1	0	173	185
2023	02	26	GD	BB	2	2	F		-5	1118	1024	0	0	173	185
2023	03	23	BB	CU	0	1	CLB		-10	1014	1336	0	+2	185	123
2023	03	26	AG	BB	1	2	CLB		-33	1159	1047	−6	+1	167	184
2023	09	08	BB	MS	2	3	CLB		-29	1018	1002	−3	+1	186	188
2023	09	11	NI	BB	5	1	CLB		7	1316	1011	+6	0	129	186
2023	10	13	BB	DO	0	5	CLB		-32	979	1212	−4	+5	190	158
2023	10	16	DO	BB	5	2	CLB		9	1221	970	+3	−1	156	191
2023	11	17	BB	NI	0	4	CLB		-14	956	1344	−1	+2	192	122
2023	11	20	MS	BB	4	2	CLB		18	1022	938	+1	−2	186	193
2024	06	05	CW	BB	4	1	WQ		4	1341	934	+3	0	121	194
2024	06	09	BB	HT	1	3	WQ		-4	930	1501	−2	−1	196	84
2024	09	07	BB	BS	3	2	CLC	VI	13	943	791	+2	−1	192	210
2024	09	10	VI	BB	0	3	CLC		-15	608	958	−2	+4	233	189
2024	10	09	BB	VI	5	0	CLC		6	964	602	0	0	189	233
2024	10	15	BB	BS	6	2	CLC		14	978	792	+3	0	188	209
2024	11	15	BB	GY	1	4	CCQ		-22	956	1239	−2	+2	190	154
2024	11	19	GY	BB	5	3	CCQ		6	1245	950	0	−1	153	190
2025	05	08	DM	BB	0	0	F		-4	974	954	0	+1	188	189
2025	05	11	DM	BB	0	0	F		-3	971	957	0	0	188	189
2025	06	04	BB	AW	1	1	WQ		-8	949	922	−1	+1	190	197
2025	06	10	LC	BB	2	1	WQ		11	1038	938	+2	−1	183	192
2025	11	12	BB	BQ	3	2	CFS	AG	11	949	825	+2	−3	190	208
2025	11	15	AW	BB	3	0	CFS	AG	28	950	921	+4	−4	190	194
2026	03	26	MF	BB	3	1	CFS	BQ	17	1021	904	+5	−3	181	199
2026	03	29	VC	BB	3	2	CFS	BQ	6	1141	898	+3	−1	164	200