1952	00	00	RV	KH	7	0	THU		7	1387	1093	0	−	78	112
1955	11	00	KH	RV	0	2	F		-7	1086	1403	0	+1	126	83
1956	03	17	AY	KH	9	2	SQ		12	1323	1074	+1	−1	96	128
1956	04	24	KH	AY	3	2	SQ		29	1103	1320	+3	−3	125	96
1956	06	03	RV	KH	5	2	OQ		6	1421	1097	+2	−1	83	127
1956	06	10	KH	RV	3	4	OQ		-9	1088	1430	−1	+2	128	81
1957	05	26	NV	KH	0	1	F		-17	1273	1105	−3	+2	110	129
1957	08	31	HK	KH	6	2	MRD	AY	9	1413	1096	+1	0	85	129
1957	09	01	TH	KH	3	0	MRD	AY	20	1197	1076	+2	−3	122	132
1957	09	03	BU	KH	2	0	MRD	AY	12	1267	1064	+1	−1	112	133
1957	09	05	KH	SG	1	1	MRD	AY	8	1072	1263	0	−2	133	113
1957	10	31	KH	AY	1	3	F		-11	1061	1280	0	+4	135	110
1958	00	00	NV	KH	1	3	F		-26	1247	1087	−7	+1	118	134
1959	11	29	KH	RU	0	7	F		-1	1086	1949	0	0	137	4
1961	12	11	BU	KH	4	0	SEP		14	1261	1072	+1	−1	118	142
1961	12	12	AY	KH	4	0	SEP	BU	9	1427	1063	+2	0	84	142
1963	04	26	NV	KH	3	2	FT	ID	9	1230	1054	+1	0	127	144
1963	04	27	CN	KH	6	0	FT	ID	4	1552	1050	+1	0	59	144
1964	08	23	TW	KH	4	0	MRD	MY	2	1650	1048	+1	0	38	148
1964	08	27	IN	KH	4	0	MRD	MY	4	1492	1044	+1	0	73	148
1964	09	01	TH	KH	1	0	MRD	MY	9	1210	1035	+1	0	129	148
1965	08	01	GN	KH	2	1	GNF	KP	1	1640	1034	+1	0	39	149
1965	08	03	KH	NV	1	1	GNF	KP	8	1042	1224	+1	0	148	126
1965	08	05	KH	ID	0	0	GNF	KP	12	1054	1424	0	−1	148	84
1965	08	06	CN	KH	3	1	GNF	KP	2	1570	1052	0	0	54	148
1965	08	09	KP	KH	4	0	GNF		1	1750	1051	0	0	23	148
1965	11	26	KH	AU	0	0	F		8	1059	1488	+1	−3	149	72
1965	11	28	KH	KP	0	3	F		-1	1058	1779	0	+1	149	21
1966	11	26	KH	KP	0	2	GNF		-1	1057	1777	0	0	153	21
1966	11	27	KH	CN	0	4	GNF		-4	1053	1616	−1	0	154	43
1966	11	29	KH	NY	8	0	GNF		12	1065	855	+1	0	153	167
1966	11	30	KH	NV	2	2	GNF		5	1070	1283	0	−4	153	122
1966	12	03	KH	PS	4	0	GNF		31	1101	1179	+4	−5	149	139
1967	11	13	KH	PK	1	0	SQ	BU	32	1133	1303	+4	−8	145	114
1967	11	16	BU	KH	1	0	SQ		2	1571	1131	0	0	55	145
1967	11	18	KH	IN	3	1	SQ	BU	50	1181	1366	+7	−10	138	101
1967	12	19	KH	SG	6	1	F		17	1198	1210	+3	−2	135	131
1967	12	20	KH	SG	3	1	F		11	1209	1199	+4	−4	131	135
1969	10	20	SG	KH	1	1	F		-2	1194	1211	0	0	137	131
1970	11	09	KU	MY	1	1	KNG	TH	5	1216	1324	+1	0	131	111
1970	11	13	KU	RV	2	2	KNG	TH	5	1221	1329	+1	0	130	110
1970	11	15	ID	KU	4	2	KNG	TH	9	1474	1212	+2	−1	72	131
1970	12	10	BU	KU	2	1	ASG	TH	5	1538	1207	0	−1	64	132
1970	12	12	JP	KU	1	0	ASG	TH	4	1594	1203	+2	−1	50	133
1970	12	14	KU	MY	2	0	ASG	TH	41	1244	1293	+6	−5	127	114
1971	05	03	MY	KU	3	1	PRS	KR	19	1312	1225	+2	−3	112	130
1971	05	05	TH	KU	4	3	PRS	KR	10	1353	1215	+3	−1	102	131
1971	05	09	KR	KU	2	0	PRS		2	1651	1213	0	−1	40	132
1971	05	21	TH	KU	1	1	SQ		-12	1352	1225	−2	+2	102	130
1971	05	24	KU	HK	2	1	SQ	TH	20	1245	1211	+4	−5	126	133
1971	05	26	MY	KU	2	1	SQ	TH	15	1344	1230	+3	−2	105	128
1971	05	30	KU	ID	2	0	SQ	TH	48	1278	1428	+8	−17	120	86
1971	06	01	TH	KU	4	2	SQ		16	1368	1262	+1	−3	100	123
1971	06	08	KU	MY	1	1	JAT	ID	5	1267	1380	+2	−1	121	98
1971	06	12	KU	TH	3	0	JAT	ID	35	1302	1355	+7	−7	114	102
1971	06	13	ID	KU	1	0	JAT		8	1398	1294	+2	0	93	114
1971	06	14	BU	KU	8	0	JAT	ID	9	1643	1285	+1	−2	41	116
1971	06	15	MY	KU	2	1	JAT	ID	12	1371	1273	+1	−4	99	120
1971	12	12	KU	TH	1	1	SEP	MY	-3	1270	1232	−1	0	121	129
1971	12	13	KU	LA	2	0	SEP	MY	10	1280	984	+2	0	119	162
1971	12	15	MY	KU	3	0	SEP		12	1462	1268	+2	−2	74	121
1972	05	07	IR	KU	2	0	AC	TH	8	1650	1260	+1	−1	40	123
1972	05	10	KR	KU	4	1	AC	TH	11	1611	1249	+2	−3	48	126
1972	05	14	KU	KW	4	0	AC	TH	72	1321	1385	+16	−21	110	95
1972	05	16	IR	KU	2	1	AC	TH	5	1699	1316	0	0	34	110
1972	05	19	TH	KU	2	2	AC		-2	1236	1318	0	0	129	110
1972	06	06	KU	SG	3	0	JAT	ID	13	1331	1119	+2	0	108	148
1972	06	08	KU	TH	2	0	JAT	ID	16	1347	1220	+1	−1	107	129
1972	06	14	KU	PH	4	0	JAT	ID	11	1358	1085	+3	−1	104	155
1972	06	17	ID	KU	4	0	JAT		12	1490	1346	+2	−3	67	107
1972	06	19	KU	BU	3	0	JAT	ID	45	1391	1604	+14	−6	93	48
1972	06	25	SG	KU	1	0	FT		22	1129	1369	+4	−8	148	102
1972	07	12	JP	KU	4	1	MRD	MY	15	1544	1354	+1	−3	62	105
1972	07	16	KU	PH	2	2	MRD	MY	-10	1344	1093	−1	0	107	155
1972	07	19	MY	KU	6	1	MRD		14	1468	1330	+4	−1	71	109
1972	07	22	KU	LK	6	1	MRD	MY	6	1336	951	0	−1	109	165
1972	07	28	KU	HK	1	0	MRD	MY	12	1348	1249	+1	−3	108	127
1972	08	08	ID	KU	5	0	FT	SG	20	1486	1328	+6	−1	66	109
1972	08	10	HK	KU	2	1	FT	SG	17	1291	1311	+4	−3	117	112
1972	09	20	MY	KU	1	0	PRS	KR	9	1458	1302	+5	−1	73	113
1972	09	22	KR	KU	3	1	PRS		4	1605	1298	+2	−1	47	114
1972	09	24	KU	TH	0	0	PRS	KR	-3	1295	1234	0	+1	114	130
1972	09	27	KU	PH	1	0	PRS	KR	6	1301	1035	+1	0	113	158
1972	10	28	SG	KU	1	0	VIC	RV	22	1149	1279	+5	−7	143	121
1972	10	29	KU	MY	1	0	VIC	RV	21	1300	1397	+6	−7	115	94
1972	11	01	RV	KU	1	2	VIC		-21	1334	1321	−2	+4	109	111
1973	07	26	KU	SG	1	1	MRD	MY	-6	1315	1191	−1	+1	112	137
1973	07	28	MY	KU	1	0	MRD		7	1413	1308	−1	−3	89	115
1973	07	31	IN	KU	3	0	MRD	MY	23	1376	1285	+5	−5	100	120
1973	08	07	TH	KU	4	1	MRD	MY	31	1255	1254	+4	−8	127	128
1973	08	10	SG	KU	3	0	MRD	MY	33	1194	1221	+5	−3	136	131
1973	09	22	KR	KU	6	0	PRS		4	1600	1217	0	0	47	130
1973	09	26	KU	ID	3	2	PRS	KR	23	1240	1404	+1	−3	129	88
1973	09	28	KU	MY	2	0	PRS	KR	37	1277	1462	+6	−6	123	71
1973	09	30	BU	KU	0	0	PRS	KR	-12	1625	1289	−2	+5	43	118
1973	12	16	KR	KU	5	0	KNG	TH	9	1597	1280	+2	−4	49	121
1973	12	20	MY	KU	3	2	KNG	TH	7	1491	1273	+3	−1	65	123
1973	12	23	KU	LA	5	2	KNG	TH	7	1280	942	+1	0	122	165
1974	01	10	ID	KU	3	1	FT		10	1414	1270	+2	−2	88	124
1974	05	11	KU	MY	1	1	PRS	KR	8	1278	1470	+1	−2	122	71
1974	05	13	KR	KU	0	1	PRS		-28	1597	1306	−5	+8	46	114
1974	05	20	BU	KU	6	0	PRS	KR	13	1562	1293	+4	−3	54	117
1974	11	03	KU	TH	2	2	VIC	RV	-1	1292	1262	0	0	117	126
1974	12	11	KU	RV	3	2	KNG	TH	15	1307	1282	+1	−5	117	122
1974	12	13	KR	KU	2	1	KNG	TH	7	1524	1300	+1	0	63	117
1974	12	16	KU	RV	2	0	KNG	TH	22	1322	1269	+7	−5	110	123
1974	12	18	TH	KU	1	0	KNG		13	1276	1309	+2	−7	123	117
1974	12	20	MY	KU	3	0	KNG	TH	18	1439	1291	+6	0	83	117
1995	12	06	ID	KH	10	0	SEG	TH	69	1247	1222	+19	−18	143	150
1995	12	08	VN	KH	4	0	SEG	TH	45	1193	1177	+11	−12	153	162
1995	12	10	MY	KH	9	0	SEG	TH	48	1240	1129	+10	−6	144	168
1995	12	12	TH	KH	9	0	SEG		13	1379	1116	+2	0	113	168
1996	09	02	VN	KH	3	1	SEA	SG	22	1235	1094	+8	−4	143	172
1996	09	05	MM	KH	5	0	SEA	SG	35	1177	1059	+4	−7	161	179
1996	09	07	ID	KH	3	0	SEA	SG	15	1305	1044	+5	−2	129	181
1996	09	09	LA	KH	1	0	SEA	SG	24	994	1020	0	−5	190	186
1997	02	23	PH	KH	1	1	PRS		8	737	1012	0	0	209	188
1997	04	06	ID	KH	8	0	WQ		11	1273	1001	+1	−1	137	188
1997	04	20	KH	YE	0	1	WQ		-15	986	1200	−2	+4	190	156
1997	04	27	KH	ID	1	1	WQ		9	995	1254	+1	−2	189	139
1997	05	16	YE	KH	7	0	WQ		14	1208	981	+6	−1	152	190
1997	05	25	UZ	KH	6	0	WQ		1	1601	980	0	−1	56	191
1997	06	29	KH	UZ	1	4	WQ		-3	977	1598	0	+2	191	56
1997	10	05	KH	BN	4	0	SEG	ID	22	999	803	+3	−1	187	205
1997	10	09	SG	KH	2	1	SEG	ID	7	1265	992	0	−1	138	188
1997	10	12	TH	KH	4	0	SEG	ID	5	1448	987	0	−1	92	189
1997	10	14	KH	MM	3	1	SEG	ID	43	1030	1104	+4	−3	185	168
1998	03	26	KH	PH	1	1	SEQ	SG	-14	1016	726	−2	0	186	209
1998	03	28	SG	KH	3	0	SEQ		9	1250	1007	+1	−1	139	187
1998	12	02	CN	KH	4	1	ASG	TH	2	1669	1005	0	0	46	187
1998	12	04	LB	KH	5	1	ASG	TH	9	1357	996	+4	−1	115	188
1999	07	31	ID	KH	1	0	SEG	BN	5	1332	991	+3	−1	121	189
1999	08	02	BN	KH	3	3	SEG		6	780	985	+1	−2	206	191
1999	08	04	MY	KH	7	2	SEG	BN	20	1199	965	+4	−1	155	192
1999	08	09	SG	KH	2	0	SEG	BN	7	1332	958	+4	0	122	192
1999	10	18	HK	KH	4	1	SQ		9	1194	949	+3	0	154	192
1999	10	30	KH	ID	1	5	SQ		-12	937	1346	−2	+2	194	119
1999	11	07	KH	HK	0	1	SQ		-11	926	1207	−2	+5	196	149
1999	11	20	ID	KH	9	2	SQ		4	1362	922	+1	0	115	196
2000	10	14	MY	KH	2	0	F		3	1231	919	0	0	147	196
2000	10	17	MY	KH	1	1	F		-8	1223	927	−2	+1	149	195
2000	11	05	SG	KH	1	0	SEA	TH	4	1297	923	+1	0	132	195
2000	11	07	VN	KH	6	0	SEA	TH	10	1280	913	+2	−2	137	197
2000	11	09	MY	KH	3	2	SEA	TH	5	1249	908	+1	0	143	197
2000	11	11	KH	LA	3	0	SEA	TH	39	947	904	+5	−5	192	197
2001	03	28	LK	KH	1	0	F		9	898	938	+2	0	196	192
2001	04	01	MV	KH	6	0	WQ		38	909	900	+6	−4	195	196
2001	04	15	KH	MV	1	1	WQ		-5	895	911	−2	0	198	195
2001	04	22	ID	KH	6	0	WQ		3	1367	892	0	0	118	198
2001	04	29	KH	ID	0	2	WQ		-6	886	1373	−1	+1	198	118
2001	05	06	KH	CN	0	4	WQ		-1	885	1666	0	0	198	46
2001	05	20	CN	KH	3	1	WQ		0	1673	885	0	0	45	198
2002	12	11	MY	KH	5	0	F		3	1257	882	+2	0	140	199
2002	12	15	VN	KH	9	2	SEA	ID	10	1262	872	+4	−2	140	201
2002	12	17	ID	KH	4	2	SEA		2	1345	870	+1	0	125	201
2002	12	19	MM	KH	5	0	SEA	ID	15	1143	855	+3	−2	164	203
2002	12	21	KH	PH	1	0	SEA	ID	12	867	687	0	−2	203	217
2004	12	09	VN	KH	9	1	SEA		6	1230	861	0	0	149	201
2004	12	11	LA	KH	2	1	SEA	VN	19	898	842	+1	−2	198	203
2004	12	13	ID	KH	8	0	SEA	VN	5	1357	837	+3	0	115	203
2004	12	15	SG	KH	3	0	SEA	VN	8	1209	829	+1	−1	152	204
2005	10	11	KH	SG	0	2	F		-3	826	1329	−2	+1	206	120
2006	04	01	BD	KH	2	1	ACH		6	1040	820	0	0	183	206
2006	04	03	PS	KH	4	0	ACH	BD	4	1312	816	+1	0	129	206
2006	04	05	KH	GU	0	0	ACH	BD	-14	802	545	−1	+2	207	229
2006	04	06	KH	GU	3	0	ACH	BD	13	815	532	+1	−2	206	231
2006	11	14	KH	LA	2	2	SEQ	PH	5	820	891	0	−1	206	200
2006	11	16	BN	KH	1	1	SEQ	PH	4	759	816	+1	0	211	206
2006	11	18	PH	KH	1	0	SEQ		20	743	796	+1	−2	213	208
2006	11	20	KH	TL	4	1	SEQ	PH	18	814	594	+2	0	206	224
2007	06	18	MY	KH	6	0	F		3	1190	811	0	0	159	205
2007	08	17	IN	KH	6	0	NGC		11	1055	800	+1	−1	180	206
2007	08	19	KG	KH	4	3	NGC	IN	4	1180	796	+2	−2	162	208
2007	08	22	BD	KH	1	1	NGC	IN	-10	982	806	0	+2	189	206
2007	08	25	SY	KH	5	1	NGC	IN	1	1506	805	0	0	79	206
2007	10	11	KH	TM	0	1	WQ		-3	802	1370	0	0	206	113
2007	10	28	TM	KH	4	1	WQ		1	1371	801	0	0	113	206
2008	05	26	KH	NP	0	1	SCQ		-20	781	913	−1	+3	210	197
2008	05	28	KH	MO	3	1	SCQ		19	800	729	+1	0	209	212
2008	08	21	ID	KH	7	0	IPC		2	1285	798	0	0	130	209
2008	08	22	MM	KH	7	1	IPC	ID	7	1173	791	+1	−1	164	210
2008	10	17	KH	LA	3	2	SEQ		19	810	860	+2	−1	208	202
2008	10	19	KH	TL	2	2	SEQ		-15	795	598	−1	+1	209	224
2008	10	23	KH	PH	2	3	SEQ		-25	770	824	−1	+1	210	206
2008	10	25	KH	BN	2	1	SEQ		12	782	701	0	−3	210	217
2008	12	05	SG	KH	5	0	SEA	ID	3	1356	779	0	0	120	210
2008	12	07	ID	KH	4	0	SEA		2	1292	777	−1	0	132	210
2008	12	09	MM	KH	3	2	SEA	ID	4	1169	773	+3	0	162	210
2009	04	26	BD	KH	1	0	SCQ		8	934	765	+1	0	194	210
2009	04	28	KH	MO	2	1	SCQ	BD	18	783	709	0	−2	210	214
2009	04	30	MM	KH	1	0	SCQ	BD	4	1191	779	0	0	157	210
2010	10	22	LA	KH	0	0	SEQ		-10	864	789	−2	0	203	209
2010	10	24	KH	TL	4	2	SEQ	LA	12	801	543	+2	0	207	232
2010	10	26	KH	PH	0	0	SEQ	LA	4	805	873	0	0	207	201
2011	02	09	KH	MO	3	1	SCQ		12	817	661	0	−2	207	222
2011	02	16	MO	KH	3	2	SCQ		23	684	794	+2	0	220	207
2011	03	21	MV	KH	4	0	SCQ		5	1158	789	+1	−1	165	209
2011	03	23	TJ	KH	3	0	SCQ	MV	4	1300	785	+1	−1	132	210
2011	03	25	KG	KH	4	3	SCQ	MV	5	1143	780	+3	0	168	210
2011	06	29	KH	LA	4	2	WQ		27	807	820	+1	−4	209	208
2011	07	03	LA	KH	6	2	WQ		26	846	781	+3	−1	204	209
2012	09	05	KH	PH	0	0	F		6	787	1130	+1	−1	210	172
2012	09	20	MY	KH	3	0	F		2	1214	785	0	0	155	210
2012	10	05	TL	KH	5	1	SEQ	MM	61	592	724	+5	−4	231	214
2012	10	07	LA	KH	1	0	SEQ	MM	13	872	711	+1	0	206	214
2012	10	09	BN	KH	3	2	SEQ	MM	24	672	687	+1	−4	225	218
2012	10	11	MM	KH	3	0	SEQ		5	1029	682	+2	−2	184	220
2013	03	22	TM	KH	7	0	SCQ	PH	2	1379	680	+2	0	114	221
2013	03	24	PH	KH	8	0	SCQ		3	1198	677	+2	−1	156	222
2014	09	20	MY	KH	4	1	F		1	1175	676	0	−1	162	222
2014	09	25	ID	KH	1	0	F		0	1238	676	0	0	146	222
2014	10	08	TW	KH	0	2	F		-25	814	701	0	+7	208	215
2014	10	12	LA	KH	3	2	SEQ		8	862	693	0	−2	206	217
2014	10	16	KH	TL	3	2	SEQ	LA	19	712	653	+2	−1	215	225
2014	10	18	MM	KH	1	0	SEQ	LA	5	1071	707	0	0	183	215
2014	10	20	KH	BN	1	0	SEQ	LA	15	722	611	0	0	215	230
2014	11	14	PH	KH	3	0	F		1	1222	721	0	0	152	217
2014	11	17	SG	KH	4	2	F		1	1223	720	0	0	153	217
2015	03	12	KH	MO	3	0	WQS		18	738	621	+2	−3	215	231
2015	03	17	MO	KH	1	1	WQS		1	622	737	+1	0	230	215
2015	06	02	KH	LA	1	1	F		0	737	831	0	0	215	207
2015	06	05	KH	MM	1	0	F	TH	17	754	1045	0	−4	215	186
2015	06	11	KH	SG	0	4	WQS		-11	743	1178	0	+2	215	166
2015	06	16	KH	AF	0	1	WQS		-8	735	1099	0	+1	215	178
2015	08	20	KH	BT	2	0	F		6	741	582	0	0	215	233
2015	08	29	LA	KH	2	1	F	TH	7	840	734	0	0	208	215
2015	09	03	JP	KH	3	0	WQS		0	1725	734	0	0	36	216
2015	09	08	KH	SY	0	6	WQS		-2	732	1526	0	+2	215	76
2015	10	13	SG	KH	2	1	WQS		1	1200	731	+1	0	160	216
2015	11	03	KH	BN	6	1	F		9	740	607	+1	−1	215	231
2015	11	12	AF	KH	3	0	WQS	IR	9	1087	731	+2	−1	178	216
2015	11	17	KH	JP	0	2	WQS		0	731	1750	0	0	216	31
2016	01	11	MV	KH	3	2	BGC	BD	5	1003	726	0	0	187	216
2016	03	24	SY	KH	6	0	WQS	OM	1	1528	725	+1	0	77	216
2016	05	29	KH	TL	2	0	F		11	736	721	+2	−2	215	218
2016	06	02	TW	KH	2	2	SQ		-8	785	744	0	0	210	215
2016	06	07	KH	TW	2	0	SQ		25	769	760	+5	−2	210	212
2016	07	28	KH	SG	2	1	F		17	786	1142	0	−1	211	171
2016	09	01	HK	KH	4	2	F		2	1188	784	+2	0	166	211
2016	10	06	KH	HK	0	2	F		-4	780	1192	0	+1	210	166
2016	10	09	KH	LK	4	0	F		12	792	747	0	−2	210	215
2016	10	15	KH	LA	2	1	SEQ		14	806	771	+1	0	209	211
2016	10	18	KH	BN	3	0	SEQ		12	818	620	+1	−2	208	230
2016	10	21	KH	TL	3	2	SEQ		7	825	648	0	0	208	226
2016	11	13	SG	KH	1	0	F		2	1124	823	−1	0	175	208
2016	11	20	MY	KH	3	2	SEA	MM	6	1138	817	+2	0	171	208
2016	11	23	MM	KH	3	1	SEA		8	1058	809	0	−1	185	209
2016	11	26	VN	KH	2	1	SEA	MM	2	1314	807	+1	−1	126	210
2017	01	14	SA	KH	7	2	F	AE	0	1580	807	0	0	65	210
2017	03	22	KH	IN	2	3	F		-5	802	1110	0	+1	210	177
2017	03	28	JO	KH	7	0	SQ		1	1517	801	+2	0	79	210
2017	06	08	KH	ID	0	2	F		-4	797	1237	0	+2	210	150
2017	06	13	KH	AF	1	0	SQ		33	830	1132	+2	−5	208	173
2017	09	05	KH	VN	1	2	SQ		-5	825	1282	0	−1	208	141
2017	10	04	ID	KH	3	1	F		2	1229	823	0	0	154	208
2017	10	10	VN	KH	5	0	SQ		3	1285	820	+2	0	138	208
2017	11	09	KH	MM	1	2	F		-6	814	1086	0	+1	208	178
2017	11	14	KH	JO	0	1	SQ		-1	813	1484	0	0	208	85
2018	03	21	LA	KH	0	1	F		-12	773	825	0	0	212	208
2018	03	27	AF	KH	2	1	SQ	TJ	5	1158	820	+1	0	170	208
2018	09	10	KH	MY	1	3	F		-9	811	1063	0	0	207	184
2018	10	12	KH	TL	2	2	F		-6	805	655	0	0	207	227
2018	10	16	KH	SG	1	2	F		-6	799	1068	0	+3	207	181
2018	11	08	KH	MY	0	1	SEA		-11	788	1083	−2	+1	209	178
2018	11	12	MM	KH	4	1	SEA		7	1067	781	+2	−1	183	210
2018	11	20	KH	LA	3	1	SEA		16	797	695	+2	−3	208	221
2018	11	24	VN	KH	3	0	SEA		2	1296	795	+2	0	136	208
2019	03	09	KH	BD	0	1	F		-13	782	811	−2	+1	210	206
2019	06	06	KH	PK	2	0	WQS		35	817	907	+3	−2	207	199
2019	06	11	KH	PK	2	1	WQS	QA	25	842	882	+3	−2	204	201
2019	09	05	KH	HK	1	1	WQS		12	854	1176	0	−2	203	164
2019	09	10	KH	BH	0	1	WQS		-2	852	1501	0	+1	204	82
2019	10	10	IR	KH	14	0	WQS		0	1800	852	0	0	21	205
2019	10	15	KH	IQ	0	4	WQS		-2	850	1574	0	0	205	64
2019	11	14	KH	MN	1	1	F		-6	844	736	0	0	205	216
2019	11	19	HK	KH	2	0	WQS		4	1186	840	+1	−2	164	207
2021	06	03	BH	KH	8	0	WQS		1	1568	839	+1	0	66	208
2021	06	07	IQ	KH	4	1	WQS	BH	1	1630	838	0	0	50	208
2021	06	11	IR	KH	10	0	WQS	BH	0	1793	838	+1	0	23	208
2021	10	09	KH	GU	1	0	SQ	BH	14	852	714	0	0	208	216
2021	10	12	KH	GU	2	1	SQ	BH	12	864	702	+3	−1	205	217
2021	12	06	MY	KH	3	1	SEA	SG	8	1201	856	+2	−2	157	207
2021	12	09	ID	KH	4	2	SEA	SG	10	1140	846	+3	−1	173	208
2021	12	15	KH	LA	3	0	SEA	SG	20	866	663	+3	−4	205	226
2021	12	19	VN	KH	4	0	SEA	SG	4	1371	862	+3	−1	108	206
2022	06	08	IN	KH	2	0	SQ		5	1201	857	+3	−1	159	206
2022	06	11	HK	KH	3	0	SQ	IN	10	1175	847	+1	−1	168	206
2022	06	14	AF	KH	2	2	SQ	IN	-13	1098	860	−2	+3	176	203
2022	09	22	KH	BD	0	1	F		-13	847	856	−3	+1	206	205
2022	12	09	MY	KH	4	0	F		2	1212	845	0	0	159	206
2022	12	20	KH	PH	3	2	SEA		28	873	1067	+3	−4	203	182
2022	12	23	ID	KH	2	1	SEA		2	1275	871	0	0	142	203
2022	12	29	KH	BN	5	1	SEA		8	879	603	+1	0	202	232
2023	01	02	TH	KH	3	1	SEA		2	1385	877	0	0	107	202
2023	06	15	KH	BD	0	1	F		-13	864	864	−1	+3	203	203
2023	09	07	KH	HK	1	1	F		4	868	1117	0	−2	203	172
2023	09	11	KH	MO	4	0	F		6	874	667	0	−1	203	225
2023	10	12	KH	PK	0	0	WQS		-9	865	823	0	0	203	207
2023	10	17	PK	KH	1	0	WQS		17	840	848	0	−2	207	205
2023	12	31	QA	KH	3	0	F		0	1534	848	0	0	70	205
2024	03	22	GQ	KH	2	0	FFS	SA	1	1570	847	0	0	65	205
2024	03	26	GY	KH	4	1	FFS	SA	4	1273	843	+3	0	146	205
2024	06	07	KH	MN	2	0	F		9	852	783	+1	0	204	210
2024	06	11	MN	KH	2	1	F		9	792	843	0	−2	210	205
2024	09	05	LK	KH	0	0	SQ		3	696	840	0	0	218	205
2024	09	10	KH	LK	2	2	SQ		-12	828	708	−1	+1	206	217
2024	10	11	KH	TW	3	2	F		9	837	891	0	−2	205	202
2024	10	15	HK	KH	3	0	F		4	1107	833	+3	−1	170	207
2024	12	08	KH	MY	2	2	SEA		15	848	1274	+2	−10	205	148
2024	12	11	SG	KH	2	1	SEA		5	1102	843	0	−1	172	206
2024	12	17	KH	TL	2	1	SEA		7	850	660	+1	−1	205	225
2024	12	20	TH	KH	3	2	SEA		1	1457	849	0	0	89	205
2025	03	19	VN	KH	2	1	F		1	1358	848	0	0	120	205
2025	03	25	KH	AW	1	2	F		-11	837	914	−1	+3	206	198
2025	06	05	KH	TJ	1	2	F		-2	835	1290	0	+2	206	139
2025	11	13	HK	KH	1	1	F		-9	1164	844	−1	+2	162	204
2026	06	04	KH	BT	4	0	F		5	849	631	0	0	203	228
2026	06	09	KH	HK	2	0	F		22	871	1100	+1	−5	203	173
2026	07	24	KH	SG	1	2	SEA		-11	860	1145	0	+3	203	164
2026	07	27	ID	KH	5	1	SEA		2	1373	858	+2	0	112	203
2026	08	03	KH	TL	3	0	SEA		15	873	712	0	−3	203	219
2026	08	07	VN	KH	3	1	SEA		2	1391	871	0	0	104	203