1953	09	01	BC	CM	3	1	JAM		16	1596	1484	+2	−	42	62
1954	00	00	FC	CM	5	1	F		8	1608	1476	−	−7	40	67
1955	00	00	CM	FT	1	3	F		-17	1459	1541	−3	+7	74	52
1956	00	00	UH	CM	5	1	F		17	1417	1442	−	−6	81	79
1956	01	02	BC	CM	2	4	F		-24	1572	1466	0	+7	44	72
1960	04	13	CM	FS	9	2	JCM	MG	3	1469	889	0	0	76	145
1960	04	15	CM	MI	3	2	JCM	MG	26	1495	1545	+5	−2	71	53
1960	04	17	CM	CB	5	4	JCM	MG	27	1522	1600	+11	−2	60	44
1960	04	26	CM	NG	0	0	IND	TG	5	1527	1640	+2	0	59	40
1961	11	28	CB	CM	5	1	F		12	1574	1515	+2	−2	50	62
1961	12	26	CM	GA	6	0	JAM	CI	26	1541	1345	+4	−3	58	104
1961	12	27	SN	CM	4	0	JAM	CI	31	1630	1510	+3	−6	42	64
1962	08	20	GA	CM	1	1	F		1	1377	1509	0	0	100	66
1962	12	08	NG	CM	3	1	NKR		10	1629	1499	+2	−3	40	70
1962	12	24	CF	CM	1	4	TRP		-25	1363	1524	−4	+5	102	65
1962	12	27	CB	CM	3	0	TRP	CF	22	1605	1502	+3	−4	47	69
1963	01	01	CM	NG	1	2	NKR		-14	1488	1643	−2	+3	71	38
1963	04	11	SN	CM	1	0	JAM		11	1571	1477	+3	−4	52	76
1963	04	13	CM	NE	3	2	JAM	SN	4	1481	1096	+1	0	75	141
1963	10	31	CM	TG	2	1	F		9	1490	1531	+4	−3	70	63
1963	12	31	CM	GN	1	5	F		-17	1473	1635	−3	+2	75	43
1964	01	31	CM	DH	2	4	F		-18	1455	1522	−5	0	80	68
1964	02	02	CM	CB	7	1	F		25	1480	1585	+6	−2	74	48
1964	04	22	CM	CJ	2	2	F		0	1480	1574	0	0	76	50
1964	07	13	CM	CJ	1	1	TRP		0	1480	1582	0	0	75	52
1964	07	14	CM	CF	1	1	TRP		-8	1472	1384	0	+2	75	100
1964	07	17	CM	CB	3	1	TRP		25	1497	1586	+4	−7	71	51
1964	07	19	CM	CJ	2	1	TRP		15	1512	1575	+1	−3	70	52
1964	09	00	CI	CM	2	2	F		-5	1598	1517	0	+1	46	69
1964	09	00	ML	CM	0	0	F		-4	1550	1521	−1	+1	59	69
1965	02	14	CG	CM	4	4	F		-4	1575	1525	0	+3	49	63
1965	04	03	CD	CM	3	2	AGQ		11	1598	1514	+2	−5	46	66
1965	04	14	CD	CM	3	1	AGQ		15	1613	1499	+2	−3	45	69
1965	04	16	CM	TD	9	0	AGQ	CD	16	1515	1201	+3	−2	66	131
1966	07	31	CG	CM	3	2	F		6	1551	1509	0	0	55	64
1966	09	28	CM	ML	5	0	IND	GN	38	1547	1561	+10	−4	55	50
1966	09	30	GN	CM	2	2	IND		-6	1593	1553	−2	+2	48	53
1966	10	31	CM	TG	2	0	F		9	1562	1509	+1	−1	51	65
1967	02	05	TN	CM	4	0	FQ		25	1603	1537	+4	−8	44	58
1967	02	26	CM	CG	1	1	FQ		-5	1532	1552	−2	+1	61	54
1967	03	08	SN	CM	0	1	F		-14	1559	1546	0	+5	49	58
1967	03	11	SN	CM	2	0	F		10	1569	1536	0	−3	50	62
1967	05	21	CG	CM	2	1	FQ		12	1602	1524	+3	−1	44	63
1967	12	13	CM	GH	1	0	OQ		28	1552	1741	+7	−3	57	24
1967	12	17	GH	CM	3	2	OQ		6	1747	1546	+1	−7	23	64
1968	12	01	CM	TN	4	2	F		13	1559	1596	+2	−3	59	51
1968	12	07	NG	CM	1	1	WQ		-5	1536	1564	−2	0	65	59
1968	12	22	CM	NG	2	3	WQ		-27	1537	1563	−6	+7	65	58
1969	01	24	SN	CM	3	2	FT	CD	12	1616	1525	+2	−1	46	66
1969	01	30	CD	CM	2	1	FT		4	1768	1521	+1	0	21	66
1969	02	02	UG	CM	2	1	FQ		23	1391	1498	+5	−3	97	69
1969	03	02	CM	UG	2	0	FQ		14	1512	1377	+1	−4	68	100
1969	06	29	ZM	CM	2	2	FQ		-9	1568	1521	−1	+1	56	66
1969	08	03	CM	ZM	2	1	FQ		17	1538	1551	+2	−4	64	61
1970	02	06	CM	CI	3	2	AR	SD	37	1575	1689	+9	−3	56	33
1970	02	08	CM	ET	3	2	AR	SD	21	1596	1496	+3	−3	53	72
1970	02	10	SD	CM	2	1	AR		17	1628	1579	+6	−2	42	55
1970	07	11	GA	CM	1	1	F		2	1393	1577	0	−1	94	56
1970	08	01	CM	GA	3	0	F		6	1583	1387	+2	0	53	94
1971	03	04	CM	SN	1	1	F		-4	1579	1525	−1	0	54	65
1971	03	07	CM	SN	1	2	F		-14	1565	1539	−4	0	58	65
1971	03	10	SN	CM	3	0	F		14	1553	1551	+5	−4	60	62
1971	03	14	CM	CG	7	1	F		18	1569	1575	+4	−5	58	56
1971	05	30	GA	CM	2	3	OQ		-14	1349	1583	−3	+6	103	51
1972	02	13	CM	NG	1	2	F		-14	1569	1561	−1	+3	56	58
1972	02	23	CM	KE	2	1	AR		9	1578	1397	0	−3	56	92
1972	02	26	CM	TG	2	0	AR		22	1600	1507	+6	−2	50	65
1972	02	28	CM	ML	1	1	AR		-8	1592	1587	−4	+1	53	55
1972	03	02	CM	CG	0	1	AR		-29	1563	1668	−3	+3	57	37
1972	03	04	CM	ZR	5	2	AR		50	1613	1662	+8	−6	49	37
1972	04	23	SN	CM	1	1	OQ		-2	1554	1615	0	+1	60	47
1972	04	30	CM	GH	0	3	OQ		-40	1575	1709	−10	+6	57	31
1972	05	07	TG	CM	1	2	OQ		-20	1458	1595	−5	+4	73	53
1972	05	14	CM	SN	3	2	OQ		14	1609	1566	+2	−2	49	56
1972	05	21	GH	CM	0	0	OQ		-11	1724	1620	−2	+2	30	47
1972	05	28	CM	TG	1	0	OQ		7	1627	1445	+2	−3	45	78
1972	07	14	CF	CM	4	3	AQC	CG	34	1362	1593	+8	−5	102	49
1972	07	18	CM	TD	4	1	AGQ	CG	7	1600	1212	+1	0	48	131
1972	07	20	CM	GA	4	0	AQC	CG	12	1612	1300	+2	−2	46	114
1972	07	23	CG	CM	1	1	AQC		-9	1674	1621	−1	+1	36	45
1973	02	04	CM	ZR	0	1	WQ		-22	1599	1700	−3	+3	47	33
1973	02	25	ZR	CM	0	1	WQ		-30	1670	1629	−5	+2	36	44
1973	02	27	ZR	CM	2	0	WQ		18	1688	1611	+4	−2	32	46
1973	05	27	CM	ZR	2	1	FQ		20	1631	1690	+4	−1	42	32
1973	06	14	ZR	CM	2	0	FQ		17	1707	1614	0	−2	32	44
1974	12	29	CM	GN	1	1	F		-3	1611	1602	0	0	43	46
1975	01	01	CM	GN	1	0	F		7	1618	1595	+1	−1	42	47
1975	01	22	NG	CM	1	0	F		7	1622	1611	+1	−2	42	44
1975	01	26	GN	CM	3	0	F		13	1625	1598	+1	−2	42	46
1975	01	30	LR	CM	2	0	F		22	1357	1576	+3	−3	105	49
1975	02	02	ML	CM	1	2	F		-12	1517	1588	−3	+2	65	47
1975	04	13	CM	TG	3	0	FQ		15	1603	1452	+4	−4	44	79
1975	04	20	TG	CM	4	0	FQ		45	1481	1558	+16	−7	70	51
1975	07	23	CM	CG	3	1	UDE		18	1576	1496	+1	−3	50	67
1975	11	19	CM	ZR	2	1	F		11	1587	1699	+2	−1	49	29
1975	11	22	CM	ZR	2	2	F		0	1587	1699	0	0	49	29
1976	06	29	CM	RW	5	0	CFG	GA	4	1591	1092	0	−3	50	155
1976	07	03	CM	BI	5	0	CFG	GA	10	1601	1247	+1	0	49	124
1976	07	05	ZR	CM	2	1	F	GA	10	1614	1591	+2	−1	46	50
1976	07	07	GA	CM	0	0	CFG		8	1342	1583	+2	0	108	50
1976	07	09	CM	CF	3	0	CFG	GA	17	1600	1370	+1	−7	49	102
1976	07	11	CM	CG	3	2	CFG	GA	17	1617	1535	+3	−3	46	57
1976	10	17	CG	CM	2	2	WQ		-1	1536	1618	−1	0	57	44
1976	10	31	CM	CG	1	2	WQ		-30	1588	1566	−7	+4	52	53
1977	01	26	CM	CG	2	2	F		-4	1584	1550	+1	+1	49	56
1977	03	13	CM	CG	2	0	FQ		15	1599	1478	+1	−6	48	74
1977	06	05	CG	CM	4	0	FQ		40	1518	1559	+9	−7	63	55
1977	12	23	CM	TD	0	0	AGQ		-17	1542	1256	−3	+4	58	124
1977	12	27	CM	RW	4	0	AGQ		2	1544	1034	0	0	58	159
1977	12	30	CM	CG	1	2	AGQ		-27	1517	1550	−6	+6	64	58
1978	01	03	CM	TD	3	0	AGQ		10	1527	1304	+1	−3	63	114
1978	07	14	GH	CM	2	1	AFG	DZ	12	1695	1515	+1	−1	34	63
1978	07	17	CM	NG	0	0	AFG	DZ	9	1524	1678	+1	−2	62	37
1978	07	21	CM	ML	1	1	AFG	DZ	2	1526	1565	0	0	62	56
1979	04	15	GN	CM	3	0	FQ		19	1619	1507	+2	−3	47	65
1979	04	29	CM	GN	3	0	FQ		36	1543	1583	+6	−6	59	52
1979	11	25	CG	CM	3	1	ZVT	AO	34	1530	1509	+6	−7	63	68
1979	11	27	CM	GA	3	1	ZVT	AO	17	1526	1326	+3	−3	65	106
1979	11	29	AO	CM	0	1	ZVT		-24	1466	1550	−8	+3	79	62
1980	01	27	CM	CI	1	1	F		-3	1547	1536	0	+1	61	63
1980	02	02	NG	CM	0	0	F		-6	1666	1553	−2	+1	38	61
1980	06	29	CM	MW	3	0	WQ		27	1580	1544	+6	−8	52	62
1980	07	20	MW	CM	1	1	WQ		-2	1514	1582	−1	−1	66	52
1980	10	12	CM	ZW	2	0	WQ		14	1596	1460	+1	−4	50	79
1980	11	16	ZW	CM	1	0	WQ		21	1503	1575	+4	−6	70	53
1981	04	01	CM	NE	2	0	F		2	1577	1190	+1	0	52	139
1981	04	05	CM	TG	4	0	FQ		15	1592	1417	+4	−4	48	89
1981	04	12	ZR	CM	1	0	WQ		15	1596	1577	+6	−5	47	53
1981	04	19	TG	CM	2	2	FQ		3	1431	1574	+2	0	85	52
1981	04	26	CM	ZR	6	1	WQ		30	1604	1557	+5	−5	47	54
1981	08	16	CM	MG	5	1	FQ		13	1617	1425	+1	−4	47	88
1981	08	21	AO	CM	0	0	CFG		1	1494	1616	0	−1	71	48
1981	08	23	ZR	CM	2	0	CFG	AO	36	1582	1580	+9	−5	50	52
1981	08	27	CM	GA	0	0	CFG	AO	-12	1568	1351	−3	+1	54	102
1981	08	29	CM	CG	0	0	CFG	AO	-1	1567	1548	0	0	54	60
1981	08	30	MG	CM	2	1	FQ		22	1447	1545	+10	−6	79	60
1981	11	08	TN	CM	1	1	F		-5	1650	1550	−1	+3	41	56
1981	11	15	MA	CM	0	2	WQ		-45	1602	1595	−3	+9	45	47
1981	11	29	CM	MA	2	1	WQ		15	1610	1587	+2	−3	45	48
1982	01	17	CM	CG	2	1	F		6	1616	1542	0	−1	45	60
1982	03	05	CM	TN	1	1	AR	LY	2	1618	1639	0	0	43	41
1982	03	09	CM	GH	0	0	AR	LY	4	1622	1666	+1	0	42	35
1982	03	12	LY	CM	0	0	AR		-4	1579	1626	−1	+1	53	41
1982	05	01	CM	SN	2	1	FT		8	1634	1533	+2	0	40	61
1982	05	02	CM	GN	1	1	FT		-7	1627	1562	−2	+1	42	57
1982	05	05	CM	GH	0	0	FT		-1	1626	1705	0	−1	42	32
1982	06	15	CM	PE	0	0	WC	ES	12	1638	1765	+2	−2	40	23
1982	06	19	CM	PL	0	0	WC	ES	22	1660	1931	+2	−1	39	8
1982	06	23	CM	IT	1	1	WC	ES	17	1677	1870	+1	−2	38	14
1982	10	12	SA	CM	0	0	F		5	1396	1672	+1	0	89	37
1983	00	00	SA	CM	1	1	F		4	1428	1668	0	0	87	38
1983	02	23	CM	EG	2	0	F		8	1676	1597	0	−5	38	48
1983	02	26	CM	EG	1	1	F		-5	1671	1602	0	+3	38	45
1983	04	03	MZ	CM	3	0	FQ		57	1375	1614	+14	−4	92	43
1983	04	24	CM	MZ	4	0	FQ		9	1623	1366	+3	0	39	93
1983	05	29	EG	CM	4	0	F		14	1632	1609	+1	−2	40	42
1983	07	10	AO	CM	1	1	OQ		3	1460	1606	0	−1	82	44
1983	07	24	CM	AO	3	2	OQ		8	1614	1452	+1	−1	43	82
1983	08	03	CG	CM	2	2	F		-2	1576	1616	−2	0	54	43
1983	08	14	CM	SD	5	0	FQ		10	1626	1371	0	−6	43	95
1983	08	28	SD	CM	2	0	FQ		43	1414	1583	+7	−7	88	49
1984	01	08	ZR	CM	2	2	F		-3	1584	1586	−1	+1	50	49
1984	01	22	CM	ET	4	0	OQ		8	1594	1307	+2	−2	48	109
1984	02	11	ET	CM	1	1	OQ		10	1317	1584	+2	−3	108	52
1984	03	04	EG	CM	1	0	AR	CI	21	1661	1563	+2	−5	36	58
1984	03	07	CM	TG	4	1	AR	CI	35	1598	1454	+11	−6	48	81
1984	03	10	CI	CM	0	2	AR		-48	1546	1646	−12	+10	61	38
1984	03	14	DZ	CM	0	0	AR	CI	-2	1670	1648	+1	0	35	38
1984	03	18	CM	NG	3	1	AR	CI	32	1680	1567	+1	−9	36	57
1984	07	01	KE	CM	1	3	F		-14	1551	1694	−1	0	59	35
1984	07	03	EG	CM	2	1	F		9	1641	1685	+3	0	37	35
1984	08	01	CM	IQ	1	0	OG	US	24	1709	1595	+3	−4	32	46
1984	08	03	CA	CM	3	1	OG	US	64	1619	1645	+16	−7	42	39
1984	10	04	KR	CM	5	0	FT		26	1619	1619	+7	−3	41	41
1984	12	10	CM	TD	2	0	UDE	CG	8	1627	1296	0	−1	42	114
1984	12	14	CM	GA	0	0	UDE	CG	-14	1613	1347	0	+5	44	98
1984	12	17	CM	CF	7	1	UDE	CG	14	1627	1310	+1	−3	43	111
1984	12	20	CG	CM	2	2	UDE		0	1527	1627	0	0	64	43
1985	02	03	CM	EG	1	0	F		8	1635	1657	+3	−1	41	37
1985	02	06	CM	EG	0	0	F		-2	1633	1659	−1	0	42	37
1985	03	29	EG	CM	2	0	F		10	1669	1623	+1	−4	37	45
1985	03	31	EG	CM	2	1	F		6	1675	1617	+2	0	35	45
1985	04	07	ZM	CM	4	1	WQ		24	1653	1593	+3	−7	39	51
1985	04	21	CM	ZM	1	1	WQ		-2	1591	1655	+1	+1	50	38
1985	09	15	CM	SA	4	1	AAC		35	1626	1587	+9	−8	43	51
1985	10	04	SA	CM	2	1	AAC		21	1608	1605	+5	−5	47	48
1985	12	08	CM	GQ	2	0	UDE	GA	3	1608	1075	+3	0	45	156
1985	12	12	CM	TD	2	2	UDE	GA	-15	1593	1290	−5	+4	50	112
1985	12	15	CG	CM	1	0	UDE	GA	26	1517	1567	+6	−7	69	57
1985	12	18	CM	TD	2	1	UDE	GA	6	1573	1266	+1	−1	56	122
1986	02	26	TN	CM	1	1	F		-3	1570	1576	−1	0	57	56
1986	03	08	CM	ZM	3	2	AR	EG	26	1602	1569	+8	−10	48	58
1986	03	11	CM	MA	1	1	AR	EG	6	1608	1682	+2	0	45	33
1986	03	14	CM	DZ	3	2	AR	EG	28	1636	1625	+7	−5	40	43
1986	03	17	CM	CI	1	0	AR	EG	24	1660	1593	+2	−5	38	49
1986	03	21	EG	CM	0	0	AR		-5	1630	1665	−1	+2	42	35
1986	12	09	GQ	CM	0	2	UDE		-4	1082	1669	−1	0	156	35
1986	12	11	CM	TD	3	1	UDE	GQ	5	1674	1261	+1	−3	34	122
1986	12	16	CM	CG	1	0	UDE	GQ	11	1685	1486	0	−1	34	74
1986	12	19	CM	TD	4	1	UDE	GQ	6	1691	1281	0	−2	34	115
1987	03	29	CM	UG	5	1	FQ		10	1701	1459	+1	−1	34	76
1987	04	11	UG	CM	3	1	FQ		42	1501	1659	+3	−4	74	38
1987	04	20	CM	GA	2	0	ACG	CG	15	1674	1448	+3	−2	35	81
1987	04	24	CM	TD	3	0	ACG	CG	6	1680	1258	0	−1	35	124
1987	04	27	CG	CM	0	3	ACG		-22	1426	1702	−2	+1	83	34
1987	04	30	CM	AO	2	0	ACG	CG	15	1717	1497	+2	−6	32	75
1987	06	27	MW	CM	1	1	OQ		5	1530	1712	0	−1	67	33
1987	07	05	CM	SD	2	0	FQ		6	1718	1408	0	−1	33	87
1987	07	12	CM	MW	3	0	OQ		7	1725	1440	0	−1	33	78
1987	07	18	SD	CM	1	0	FQ		31	1432	1694	+6	−3	81	36
1987	08	01	CM	MG	3	0	AFG	KE	13	1707	1426	+1	−5	34	83
1987	08	03	KE	CM	3	3	AFG		10	1432	1697	+5	−2	80	36
1987	08	05	CM	TN	3	1	AFG	KE	13	1710	1459	+1	−1	35	77
1987	08	09	CM	EG	1	1	AFG	KE	-1	1709	1685	0	0	34	36
1987	08	12	MW	CM	3	1	AFG	KE	46	1544	1663	+9	−5	61	39
1987	10	04	GH	CM	0	0	OQ		-5	1640	1668	−2	+1	45	37
1987	11	14	CM	GH	2	2	OQ		-7	1661	1656	−2	+2	38	40
1987	12	08	CM	GQ	1	0	UDE	TD	1	1662	1065	+1	0	38	158
1987	12	10	CM	GQ	0	0	UDE	TD	-19	1643	1084	−4	+5	42	153
1987	12	16	CM	GA	1	0	UDE	TD	9	1652	1407	+1	−2	40	88
1987	12	18	TD	CM	0	1	UDE		-7	1269	1659	−4	+1	120	39
1988	03	14	CM	EG	1	0	AR	MA	26	1685	1651	+6	−6	34	41
1988	03	17	CM	NG	1	1	AR	MA	-6	1679	1602	−1	0	37	51
1988	03	20	CM	KE	0	0	AR	MA	-18	1661	1389	−3	+2	40	93
1988	03	23	MA	CM	0	1	AR		-33	1647	1694	−6	+7	42	33
1988	03	27	CM	NG	1	0	AR	MA	19	1713	1590	+2	−3	31	52
1988	11	30	CM	GA	0	0	UDE		-16	1697	1428	−4	+3	36	86
1988	12	02	CM	GQ	2	1	UDE		1	1698	1097	0	0	36	154
1988	12	06	CM	CG	2	0	UDE		6	1704	1421	+2	0	34	87
1988	12	08	CM	GA	0	1	UDE		-36	1668	1462	−4	+8	38	78
1989	01	08	CM	AO	1	1	WQ		-13	1655	1516	−2	+1	40	65
1989	01	22	GA	CM	1	3	WQ		-20	1415	1675	−5	+4	88	36
1989	06	10	NG	CM	2	0	WQ		28	1621	1647	+2	−6	46	40
1989	06	25	AO	CM	1	2	WQ		-17	1476	1664	−6	+3	75	36
1989	08	13	CM	GA	2	1	WQ		6	1670	1443	0	−2	36	80
1989	08	27	CM	NG	1	0	WQ		12	1682	1604	+2	−2	33	46
1989	10	08	CM	TN	2	0	WQ		10	1692	1491	0	−1	32	67
1989	11	19	TN	CM	0	1	WQ		-14	1464	1706	−1	0	73	32
1989	12	04	CF	CM	1	2	UDE		-4	1210	1710	−1	0	135	32
1989	12	06	CM	TD	1	0	UDE	CF	3	1713	1246	0	0	32	122
1989	12	11	CM	TD	0	0	UDE	CF	-17	1696	1292	0	+2	32	113
1989	12	12	CF	CM	1	2	UDE		-5	1248	1701	−1	0	123	32
1990	02	11	TG	CM	1	1	F		6	1384	1695	+1	0	96	32
1990	03	03	ZM	CM	1	0	AR	DZ	37	1543	1658	+6	−5	61	37
1990	03	06	SN	CM	2	0	AR	DZ	47	1611	1611	+8	−11	47	47
1990	03	09	CM	KE	2	0	AR	DZ	20	1631	1412	+3	−10	43	89
1990	06	08	CM	AR	1	0	WC	IT	43	1674	1751	+7	−7	35	26
1990	06	14	CM	RO	2	1	WC	IT	50	1724	1895	+5	−6	30	11
1990	06	18	SU	CM	4	0	WC	IT	40	1869	1684	+1	−4	16	35
1990	06	23	CM	CO	2	1	WC	IT	40	1724	1764	+4	−4	31	23
1990	07	01	EN	CM	3	2	WC	IT	11	1991	1713	+1	−1	3	32
1990	08	19	CM	ML	0	0	FQ		-16	1697	1451	−1	+1	33	76
1990	09	01	SL	CM	1	1	FQ		11	1399	1686	+1	−1	91	35
1990	09	30	BW	CM	0	0	IND		13	1125	1673	+2	0	154	35
1990	10	31	NO	CM	6	1	F		16	1660	1657	+4	−3	37	38
1990	12	09	CM	GA	2	1	UDE	CG	9	1666	1424	+1	−4	37	82
1990	12	13	CM	CF	3	0	UDE	CG	5	1671	1232	+1	−1	36	130
1990	12	15	CM	TD	1	0	UDE	CG	4	1675	1274	0	−1	36	121
1990	12	18	CG	CM	2	1	UDE		26	1492	1649	+6	−4	68	40
1991	02	06	EN	CM	2	0	F		2	1991	1647	0	0	3	39
1991	02	15	DZ	CM	0	0	FT	SN	-5	1762	1652	−1	+1	25	38
1991	02	17	CM	CI	1	1	FT	SN	-2	1650	1615	0	0	38	48
1991	04	14	GN	CM	0	0	FQ		8	1403	1642	+2	−2	87	40
1991	04	28	ML	CM	0	2	FQ		-22	1420	1664	−6	+3	84	37
1991	07	14	CM	SL	1	0	FQ		4	1668	1377	+1	−3	38	98
1991	07	28	CM	GN	1	0	FQ		6	1674	1444	+1	0	36	78
1991	12	25	TN	CM	2	2	F		1	1528	1673	0	0	69	37
1992	01	12	CM	MA	1	0	AR	SN	19	1692	1575	0	−3	36	58
1992	01	16	CM	ZR	1	1	AR	SN	-9	1683	1569	−1	+2	36	59
1992	01	19	SN	CM	0	1	AR		-22	1521	1705	−5	+2	69	33
1992	01	23	CM	CI	0	0	AR	SN	1	1706	1721	0	0	34	30
1992	01	25	NG	CM	2	1	AR	SN	30	1664	1676	+6	−1	40	35
1992	07	07	ZA	CM	1	0	F		5	1789	1671	+1	−1	22	38
1992	07	09	ZA	CM	1	2	F		-16	1773	1687	−3	+3	25	36
1992	07	11	ZA	CM	2	2	F		-5	1768	1692	−2	+1	27	35
1992	07	19	CM	EG	0	1	F		-14	1678	1646	−2	+1	36	46
1992	07	22	CM	EG	0	1	F		-14	1664	1660	−4	+5	40	41
1992	08	16	GA	CM	0	0	FQ		9	1403	1655	0	−1	104	41
1992	08	30	CM	BJ	2	0	FQ		2	1657	1178	0	−2	40	158
1992	10	02	IR	CM	1	1	F		-3	1644	1660	−3	+2	46	38
1992	10	04	IR	CM	0	0	F		-2	1642	1662	0	0	45	38
1992	10	06	SA	CM	2	1	F		9	1601	1653	+3	−4	54	42
1992	10	18	CM	SZ	5	0	WQ		3	1656	1170	+1	−2	40	161
1993	01	10	ZR	CM	1	2	WQ		-20	1540	1676	−3	+3	67	35
1993	01	17	SZ	CM	0	0	WQ		16	1221	1660	+1	−2	151	37
1993	01	22	CM	FI	0	0	NGC	IN	-6	1654	1565	−1	+1	38	63
1993	01	24	IN	CM	1	1	NGC		16	1171	1638	+3	−8	161	46
1993	01	28	CM	FI	2	0	NGC	IN	25	1663	1549	+8	−5	37	65
1993	01	30	IN	CM	2	2	NGC		16	1178	1647	+4	−4	159	41
1993	03	01	CM	ZR	0	0	WQ		-11	1636	1551	−4	0	46	65
1993	04	11	NE	CM	0	0	FQ		10	1344	1626	+1	−1	117	47
1993	04	18	CM	GN	3	1	WQ		8	1634	1404	+2	−2	45	102
1993	04	25	CM	GA	0	0	FQ		-14	1620	1462	−4	+2	50	91
1993	07	04	ZW	CM	1	0	WQ		21	1531	1599	+5	−13	72	58
1993	07	11	BJ	CM	0	3	FQ		-9	1148	1608	−1	+5	165	53
1993	07	18	GN	CM	0	1	WQ		-17	1433	1625	−3	+6	97	47
1993	07	25	CM	NE	2	0	FQ		6	1631	1330	−1	0	47	119
1993	09	22	MX	CM	1	0	F	US	4	1894	1627	+1	−2	10	49
1993	10	10	CM	ZW	3	1	WQ		17	1644	1549	+6	−4	42	69
1994	03	16	EG	CM	0	0	F		-4	1669	1648	−2	+3	36	41
1994	05	01	KR	CM	2	2	F		-3	1657	1651	−1	+1	40	42
1994	05	03	KR	CM	2	1	F		7	1664	1644	+1	−2	39	44
1994	05	09	GR	CM	0	3	FT		-40	1704	1684	−4	+8	32	36
1994	05	11	BO	CM	1	1	FT	GR	-1	1717	1685	0	0	30	35
1994	06	19	CM	SE	2	2	WC	US	17	1702	1888	+4	−2	30	11
1994	06	24	BR	CM	3	0	WC	US	16	2012	1686	+2	−3	1	33
1994	06	28	RU	CM	6	1	WC	US	42	1837	1644	+2	−13	21	45
1994	10	16	CM	ZR	1	0	FQ		7	1651	1475	0	−2	39	85
1994	11	07	MA	CM	1	1	F		-1	1581	1652	0	0	61	39
1994	11	13	LS	CM	2	0	FQ		54	1230	1598	+16	−17	144	57
1994	11	26	CI	CM	2	1	SMB	ZA	13	1662	1585	+4	−4	36	61
1994	11	30	GH	CM	1	0	SMB	ZA	13	1646	1572	+2	−2	41	63
1994	12	04	ZA	CM	1	1	SMB		-7	1651	1579	−3	+1	40	62
1994	12	18	CM	TG	1	1	F		-7	1572	1359	−2	+3	64	117
1995	01	08	CM	MW	0	0	FQ		-12	1560	1448	−1	+3	65	90
1995	01	22	ZW	CM	4	1	FQ		29	1552	1531	+7	−4	66	69
1995	04	23	ZR	CM	2	1	FQ		16	1512	1515	+5	−4	75	74
1995	06	04	CM	LS	4	1	FQ		5	1520	1182	+1	−2	74	159
1995	07	16	MW	CM	1	3	FQ		-33	1420	1553	−10	+8	101	66
1995	07	30	CM	ZW	1	0	FQ		12	1565	1491	+3	−1	65	79
1995	11	26	GA	CM	1	2	BLA		-15	1452	1580	−7	+6	93	59
1995	11	28	DZ	CM	4	0	BLA	GA	30	1589	1550	+10	−7	56	66
1995	11	30	CI	CM	2	1	BLA	GA	11	1654	1539	+4	−5	38	71
1995	12	02	GA	CM	0	0	BLA		-1	1450	1540	0	+1	94	70
1995	12	24	CM	LR	1	0	F		4	1544	1391	+1	0	69	108
1996	01	13	ZA	CM	3	0	AR		17	1702	1527	+1	−6	33	75
1996	01	18	CM	EG	2	1	AR	ZA	33	1560	1613	+12	−7	63	49
1996	01	24	AO	CM	3	3	AR	ZA	10	1431	1550	+4	−3	96	66
1996	10	06	GA	CM	0	0	FQ		-3	1506	1553	+1	+1	76	67
1996	11	10	TG	CM	2	4	WQ		-25	1368	1578	−8	+5	115	61
1996	11	13	BR	CM	2	0	F		1	2067	1577	0	0	2	61
1997	01	12	CM	AO	0	0	WQ		-10	1567	1499	−2	+2	61	76
1997	01	26	CM	NA	4	0	FQ		6	1573	1242	+1	0	61	141
1997	02	22	KE	CM	0	0	FQ		4	1410	1569	0	−1	104	63
1997	03	09	CR	CM	5	0	F		14	1593	1555	0	−3	59	66
1997	04	06	CM	ZW	1	0	WQ		12	1567	1500	+6	−4	62	77
1997	04	20	CM	CG	2	0	F		8	1575	1470	+1	−3	62	85
1997	04	27	CM	TG	2	0	WQ		9	1584	1369	+2	−1	59	116
1997	06	01	ZM	CM	3	0	F		10	1650	1574	+3	−3	45	63
1997	06	08	AO	CM	1	1	WQ		-2	1514	1576	0	+1	71	61
1997	06	22	CM	GA	2	2	FQ		-12	1564	1437	−4	+6	64	91
1997	07	12	NA	CM	0	1	FQ		-15	1351	1579	−3	+5	121	60
1997	07	27	CM	KE	1	1	FQ		-14	1565	1397	−6	+4	65	107
1997	08	07	NG	CM	1	0	LGC	TN	7	1767	1558	+1	−1	24	66
1997	08	09	CM	ZM	3	3	LGC	TN	2	1560	1609	+1	0	65	53
1997	08	17	ZW	CM	1	2	WQ		-19	1431	1579	−10	+5	97	60
1997	10	19	MQ	CM	2	1	FT	HT	19	1497	1560	+2	−4	77	63
1997	10	22	CM	CU	1	1	FT	HT	-4	1556	1470	−1	+4	64	82
1997	11	15	EN	CM	2	0	F		1	2003	1555	0	0	5	61
1997	12	22	EG	CM	2	0	F		9	1606	1546	0	−3	54	65
1997	12	24	CM	TG	3	1	F	EG	9	1555	1383	+3	−2	62	112
1998	01	28	CM	AO	1	0	F		7	1562	1527	+3	−3	61	71
1998	02	01	CI	CM	1	0	F		8	1545	1554	+3	−2	65	63
1998	02	07	BF	CM	0	1	AR		-19	1343	1573	−3	+3	120	60
1998	02	11	CM	GN	2	2	AR	BF	-5	1568	1508	0	+1	59	75
1998	02	15	CM	DZ	2	1	AR	BF	20	1588	1474	+2	−2	57	82
1998	02	20	CD	CM	1	0	AR	BF	33	1513	1555	+9	−5	72	63
1998	05	19	CM	BF	2	0	F		5	1560	1382	+2	0	62	109
1998	05	27	NL	CM	0	0	F		-9	1949	1569	0	+2	8	60
1998	05	31	LU	CM	0	2	F		-5	1203	1574	0	+1	152	59
1998	06	05	DK	CM	1	2	F		-18	1882	1592	−2	+1	12	59
1998	06	11	AT	CM	1	1	WC	FR	-10	1704	1602	0	+2	35	57
1998	06	17	IT	CM	3	0	WC	FR	12	1969	1590	0	−2	7	59
1998	06	23	CM	CL	1	1	WC	FR	16	1606	1778	+4	−3	55	23
1998	10	04	CM	GH	1	3	FQ		-47	1559	1526	−7	+13	63	69
1999	01	23	ER	CM	0	0	FQ		12	1224	1547	+1	−1	147	65
1999	02	28	CM	MZ	1	0	FQ		5	1552	1312	+1	0	64	127
1999	04	11	MZ	CM	1	6	FQ		-25	1287	1577	−6	+7	134	60
1999	06	06	CM	ER	1	0	FQ		3	1580	1215	0	−2	59	151
2000	01	11	BF	CM	2	2	F		2	1423	1578	+1	−1	101	60
2000	01	13	SN	CM	0	0	F		-1	1522	1579	0	0	70	60
2000	01	22	GH	CM	1	1	AR		-9	1595	1588	−1	0	57	59
2000	01	28	CM	CI	3	0	AR	GH	41	1629	1522	+7	−7	51	70
2000	01	31	TG	CM	1	0	AR	GH	42	1393	1587	+9	−6	110	57
2000	02	06	CM	DZ	2	1	AR	GH	20	1607	1503	+2	−4	55	76
2000	02	10	CM	TN	3	0	AR	GH	51	1658	1613	+9	−10	46	54
2000	02	13	NG	CM	2	2	AR		-13	1745	1671	−1	+5	25	41
2000	04	19	CM	SO	3	0	WQ		2	1673	1107	+1	0	45	173
2000	04	23	CM	SO	3	0	WQ		1	1674	1106	+1	0	45	173
2000	06	18	LY	CM	0	3	WQ		-25	1447	1699	−9	+4	91	39
2000	07	09	CM	AO	3	0	WQ		11	1710	1499	+1	−1	39	77
2000	10	04	FR	CM	1	1	F		-9	2114	1719	0	0	1	34
2001	01	25	BJ	CM	1	3	F		-3	1236	1722	−1	0	148	34
2001	01	28	TG	CM	0	2	WQ		-15	1415	1737	−6	+1	102	33
2001	02	25	CM	ZM	1	0	WQ		4	1741	1427	0	−1	33	93
2001	04	22	CM	LY	1	0	WQ		4	1745	1430	+1	−3	32	94
2001	05	06	AO	CM	2	0	WQ		43	1526	1702	+12	−6	70	38
2001	05	25	KR	CM	0	0	F		-5	1795	1707	0	+1	21	37
2001	05	31	BR	CM	2	0	CC	JP	13	1991	1694	0	−2	6	39
2001	06	02	JP	CM	2	0	CC		17	1821	1677	0	−5	21	44
2001	06	04	CM	CA	2	0	CC	JP	33	1710	1605	+7	−3	36	57
2001	07	01	CM	TG	2	0	WQ		8	1718	1484	0	−2	34	82
2001	07	14	ZM	CM	2	2	WQ		10	1448	1708	+4	−1	89	35
2001	11	14	PL	CM	0	0	F		-4	1751	1712	−2	+1	30	40
2002	01	07	BF	CM	1	3	F		-6	1379	1718	−1	+1	112	38
2002	01	11	TN	CM	0	1	F		-12	1670	1730	−3	+2	46	36
2002	01	20	CM	CD	1	0	AR	ML	7	1737	1416	+3	−4	33	104
2002	01	25	CM	CI	1	0	AR	ML	17	1754	1598	+4	−4	29	55
2002	01	29	CM	TG	3	0	AR	ML	17	1771	1494	+2	−6	27	80
2002	02	04	CM	EG	1	0	AR	ML	16	1787	1623	+1	−3	26	51
2002	02	07	ML	CM	0	3	AR		-25	1507	1812	−9	+3	78	23
2002	02	10	CM	SN	0	0	AR	ML	-9	1803	1689	0	0	23	43
2002	03	27	AR	CM	2	2	F	CH	-5	2011	1808	0	+1	3	23
2002	04	17	AT	CM	0	0	F		1	1685	1807	0	0	44	24
2002	05	17	DK	CM	2	1	F		6	1857	1801	0	+1	14	24
2002	05	26	CM	EN	2	2	F	JP	4	1805	1924	0	0	23	7
2002	06	01	CM	IE	1	1	WC	JP	6	1811	1867	+2	−2	21	12
2002	06	06	CM	SA	1	0	WC	JP	18	1829	1640	+2	−3	21	50
2002	06	11	DE	CM	2	0	WC	JP	35	1939	1794	+1	−5	8	25
2003	02	11	CI	CM	3	0	F	FR	28	1585	1766	+4	−6	59	29
2003	03	27	CM	MG	2	0	FT	TN	6	1772	1422	+1	−1	28	103
2003	03	30	TN	CM	1	0	FT		17	1634	1755	+2	−4	50	30
2003	05	30	CM	IR	2	1	LGC	NG	13	1768	1699	+5	−3	25	40
2003	06	01	NG	CM	3	0	LGC		21	1763	1747	+4	−6	28	32
2003	06	19	CM	BR	1	0	CC	FR	42	1789	2003	+9	−2	22	3
2003	06	21	CM	TR	1	0	CC	FR	33	1822	1866	+3	−2	18	13
2003	06	23	CM	US	0	0	CC	FR	-1	1821	1806	−1	0	19	20
2003	06	26	CM	CO	1	0	CC	FR	29	1850	1846	+5	−2	14	15
2003	06	29	FR	CM	1	0	CC		10	2007	1840	+1	0	3	14
2003	08	13	UY	CM	4	0	LGC	IR	30	1849	1810	+5	−5	15	20
2003	08	15	IR	CM	4	1	LGC		29	1706	1781	+7	−1	36	21
2003	11	19	JP	CM	0	0	F		-3	1776	1784	−1	−1	26	25
2004	01	25	DZ	CM	1	1	AR	TN	17	1517	1767	+4	−2	77	26
2004	01	29	CM	ZW	5	3	AR	TN	11	1778	1456	+2	−4	24	89
2004	02	03	CM	EG	0	0	AR	TN	-8	1770	1669	−2	+2	26	44
2004	02	08	NG	CM	2	1	AR	TN	27	1765	1743	+4	−3	26	29
2004	04	28	BG	CM	3	0	F		12	1763	1731	0	−1	28	31
2004	06	06	CM	BJ	2	1	WQA		2	1733	1301	+2	−1	30	132
2004	06	18	LY	CM	0	0	WQA		10	1446	1723	+2	−1	94	30
2004	07	04	CM	CI	2	0	WQA		17	1740	1647	+2	−6	29	52
2004	09	05	EG	CM	3	2	WQA		19	1670	1721	+8	−1	41	32
2004	10	09	SD	CM	1	1	WQA		14	1324	1707	+1	−1	125	33
2004	11	17	DE	CM	3	0	F		6	1876	1701	+1	−1	12	34
2005	02	09	CM	SN	1	0	F	FR	10	1711	1679	+1	−2	33	40
2005	03	27	CM	SD	2	1	WQA		3	1714	1374	+1	0	35	107
2005	06	04	BJ	CM	1	4	WQA		-9	1263	1723	−1	0	139	35
2005	06	19	CM	LY	1	0	WQA		6	1729	1518	+2	−1	33	76
2005	09	04	CI	CM	2	3	WQA		-23	1665	1752	−7	+6	49	29
2005	10	08	CM	EG	1	1	WQA		-8	1744	1705	−2	+2	33	39
2005	11	15	CM	MA	0	0	F	FR	-2	1742	1681	0	+2	34	44
2006	01	21	CM	AO	3	1	AR	EG	19	1761	1533	+2	−3	31	73
2006	01	25	CM	TG	2	0	AR	EG	16	1777	1516	+5	−3	27	77
2006	01	29	CM	CD	2	0	AR	EG	13	1790	1497	+2	−2	25	81
2006	02	04	CM	CI	1	1	AR	EG	-6	1784	1717	0	+2	26	39
2006	05	27	NL	CM	1	0	F		3	1998	1781	0	−1	2	27
2006	08	16	CM	GN	1	1	F	FR	-4	1777	1621	−1	+2	24	54
2006	09	03	RW	CM	0	3	FQ		-7	1295	1784	+1	+1	128	24
2006	10	07	CM	GQ	3	0	FQ		1	1785	1182	+2	−2	21	164
2007	02	07	TG	CM	2	2	F		6	1443	1779	+2	0	95	23
2007	03	24	CM	LR	3	1	FQ		2	1781	1268	0	0	24	139
2007	06	03	LR	CM	1	2	FQ		-3	1265	1784	0	+1	138	25
2007	06	17	CM	RW	2	1	FQ		1	1785	1280	0	+1	25	134
2007	08	22	JP	CM	2	0	F		14	1733	1771	+3	−2	37	27
2007	09	09	GQ	CM	1	0	FQ		37	1243	1734	+9	−4	145	34
2008	01	22	EG	CM	4	2	AR	GH	41	1743	1693	+6	−6	35	41
2008	01	26	CM	ZM	5	1	AR	GH	33	1726	1555	+1	−11	39	71
2008	01	30	CM	SD	3	0	AR	GH	9	1735	1339	+3	−1	37	118
2008	02	04	CM	TN	3	2	AR	GH	19	1754	1626	+4	−5	33	56
2008	02	07	GH	CM	0	1	AR		-35	1768	1789	−9	+7	30	26
2008	02	10	EG	CM	1	0	AR	GH	24	1831	1765	+4	−2	16	29
2008	05	31	CM	CV	2	0	WQA		2	1767	1308	0	+3	29	126
2008	06	08	MU	CM	0	3	WQA		-4	1173	1771	−2	+2	163	27
2008	06	14	TZ	CM	0	0	WQA		16	1309	1755	+4	−2	126	29
2008	06	21	CM	TZ	2	1	WQA		2	1757	1307	+1	0	29	126
2008	09	06	CV	CM	1	2	WQA		-6	1343	1763	+1	0	120	28
2008	10	11	CM	MU	5	0	WQA		1	1764	1059	+1	0	26	180
2008	11	19	ZA	CM	3	2	NMC		21	1533	1743	+12	−6	75	34
2009	02	11	CM	GN	3	1	F	FR	8	1751	1569	+2	−2	32	65
2009	03	28	TG	CM	1	0	WQA	GH	34	1472	1717	+8	−5	90	37
2009	06	07	CM	MA	0	0	WQA		-9	1708	1649	−6	+1	44	49
2009	06	13	CI	CM	2	1	F		6	1741	1702	0	−1	32	45
2009	08	12	AT	CM	0	2	F		-14	1564	1716	−3	+2	67	42
2009	09	05	GA	CM	0	2	WQA		-25	1533	1741	−10	+5	79	36
2009	09	09	CM	GA	2	1	WQA		6	1747	1527	+2	−2	33	81
2009	10	10	CM	TG	3	0	WQA		7	1754	1449	+4	0	29	94
2009	10	14	AO	CM	0	0	F	PT	7	1483	1747	+2	−4	87	33
2009	11	14	MA	CM	0	2	WQA		-25	1569	1772	−9	+7	68	26
2010	01	09	KE	CM	1	3	F		-4	1331	1776	0	+1	123	24
2010	01	13	GA	CM	1	0	AR	AO	39	1592	1737	+12	−11	60	35
2010	01	17	CM	ZM	3	2	AR	AO	12	1749	1517	+3	−3	32	85
2010	01	21	CM	TN	2	2	AR	AO	-10	1739	1608	−3	+3	35	54
2010	01	25	EG	CM	3	1	AR	AO	35	1801	1704	+10	−5	17	40
2010	03	03	CM	IT	0	0	F	MC	6	1710	1950	+1	+1	38	5
2010	05	25	CM	GE	0	0	F	AT	-6	1704	1448	0	+3	38	97
2010	05	29	CM	SK	1	1	F	AT	-1	1703	1655	0	0	38	48
2010	06	01	PT	CM	3	1	F		5	1874	1698	0	−2	12	41
2010	06	05	RS	CM	4	3	F		4	1840	1694	0	0	15	40
2010	06	14	JP	CM	1	0	WC	ZA	31	1709	1663	+7	−7	38	48
2010	06	19	DK	CM	2	1	WC	ZA	22	1784	1641	+3	−3	22	50
2010	06	24	NL	CM	2	1	WC	ZA	5	2071	1636	+1	−2	2	51
2010	08	11	PL	CM	0	3	F		-24	1650	1660	−4	+4	49	47
2010	09	04	MU	CM	1	3	FQ		-3	1031	1663	0	0	183	47
2010	10	09	CM	CD	1	1	FQ		-16	1647	1404	−2	+3	49	110
2011	02	09	MK	CM	0	1	F		-11	1554	1658	−2	+4	73	46
2011	03	26	SN	CM	1	0	FQ		18	1606	1640	+5	−3	57	49
2011	06	04	CM	SN	0	0	FQ		-7	1633	1613	−3	+2	53	57
2011	06	07	CM	RU	0	0	F	AT	4	1637	1797	0	−1	53	19
2011	09	03	CM	MU	5	0	FQ		1	1638	1027	0	0	56	184
2011	10	07	CD	CM	2	3	FQ		-13	1394	1651	−1	+4	109	49
2011	10	11	GQ	CM	1	1	F		7	1221	1644	+1	−1	149	50
2011	11	11	CM	SD	3	1	LGC	MA	9	1653	1390	+2	−2	48	110
2011	11	13	MA	CM	1	1	LGC		-1	1565	1654	0	0	69	48
2011	12	14	AO	CM	1	1	F		2	1483	1652	+2	0	92	47
2012	02	29	GW	CM	0	1	FQ		-5	1217	1657	−2	+2	152	46
2012	05	20	EG	CM	2	1	F	SD	8	1745	1649	0	−3	31	49
2012	05	26	CM	GN	2	1	F	FR	7	1656	1538	+4	−4	45	78
2012	06	02	CM	CD	1	0	WQ		6	1662	1438	0	−2	46	99
2012	06	10	LY	CM	2	1	WQ	TN	29	1533	1633	+5	−8	80	53
2012	06	16	CM	GW	1	0	FQ		2	1635	1215	0	0	52	154
2012	09	08	CV	CM	2	0	FQ		41	1436	1594	+9	−10	102	63
2012	10	14	CM	CV	2	1	FQ		7	1601	1429	0	−4	61	105
2012	10	16	CO	CM	3	0	F		3	1896	1598	+1	+1	10	60
2012	11	14	AL	CM	0	0	F	CH	3	1508	1595	+1	−2	85	62
2012	12	19	AO	CM	1	0	F		11	1479	1584	0	−2	93	63
2013	02	06	TZ	CM	1	0	F		14	1368	1570	+4	−3	119	67
2013	03	23	CM	TG	2	1	WQ		9	1579	1434	+2	−2	65	102
2013	06	02	UA	CM	0	0	F		-7	1760	1586	−2	+2	27	63
2013	06	09	TG	CM	2	0	WQ		34	1478	1552	+8	−8	91	71
2013	06	16	CD	CM	0	0	WQ		-1	1461	1553	0	+1	95	72
2013	09	08	CM	LY	1	0	WQ		15	1568	1550	+8	−7	66	74
2013	10	13	TN	CM	0	0	WQ		-3	1525	1571	0	+1	79	63
2013	11	17	CM	TN	4	1	WQ		21	1592	1504	+4	−7	59	84
2014	03	05	PT	CM	5	1	F		3	1934	1589	+1	−2	7	61
2014	05	26	CM	MK	2	0	F	AT	12	1601	1507	+4	−3	58	83
2014	05	29	PY	CM	2	1	F	AT	7	1701	1594	+2	−2	37	60
2014	06	01	DE	CM	2	2	F		-9	2072	1603	0	+1	3	59
2014	06	07	CM	MD	1	0	F		4	1607	1454	0	−2	58	99
2014	06	13	MX	CM	1	0	WC	BR	14	1828	1593	+1	−2	19	60
2014	06	18	HR	CM	4	0	WC	BR	25	1836	1568	+1	−7	18	67
2014	06	23	BR	CM	4	1	WC		2	2122	1566	0	−1	1	68
2014	09	06	CD	CM	0	2	FQ		-28	1419	1594	−6	+5	107	61
2014	09	10	CM	CI	4	1	FQ		41	1635	1717	+10	−4	50	30
2014	10	11	CM	SL	0	0	FQ		-16	1619	1361	−3	+3	57	120
2014	10	15	CM	SL	2	0	FQ		7	1626	1354	+5	−3	54	122
2014	11	15	CM	CD	1	0	FQ		7	1633	1455	+2	0	52	98
2014	11	19	CI	CM	0	0	FQ		-9	1688	1642	+1	+1	36	50
2015	01	07	CM	CD	1	1	F		-7	1635	1476	−3	+1	54	93
2015	01	10	CM	ZA	1	1	F	GA	0	1635	1632	0	0	54	55
2015	01	20	CM	ML	1	1	AR	GQ	-7	1628	1538	−1	+1	56	72
2015	01	24	CM	GN	1	1	AR	GQ	-3	1625	1585	−2	0	56	65
2015	01	28	CI	CM	1	0	AR	GQ	22	1683	1603	+5	−4	43	60
2015	03	25	ID	CM	0	1	F		-3	1203	1606	−1	+1	160	59
2015	03	30	TH	CM	2	3	F		-6	1364	1612	−1	+1	118	58
2015	06	06	CM	BF	3	2	F	FR	6	1618	1459	+2	−1	56	95
2015	06	09	CM	CD	1	1	F	BE	-4	1614	1491	−1	+2	57	84
2015	06	14	CM	MR	1	0	FQ		2	1616	1204	0	0	54	160
2015	09	06	GM	CM	0	1	FQ		-11	1345	1627	−5	+2	124	53
2015	10	11	NG	CM	3	0	F	BE	18	1645	1609	+2	−7	49	58
2015	11	13	NE	CM	0	3	WQ		-15	1270	1624	−2	+5	137	53
2015	11	17	CM	NE	0	0	WQ		-17	1607	1287	−5	+4	57	135
2016	03	26	CM	ZA	2	2	FQ		-7	1600	1587	−2	+2	59	62
2016	03	29	ZA	CM	0	0	FQ		-5	1582	1605	0	+1	62	59
2016	05	30	FR	CM	3	2	F		1	1970	1604	0	0	6	58
2016	06	03	MR	CM	0	1	FQ		-9	1288	1613	−1	+3	134	55
2016	09	03	CM	GM	2	0	FQ		5	1618	1277	+1	−2	56	140
2016	09	06	CM	GA	2	1	F		4	1622	1450	+1	0	54	97
2016	10	09	DZ	CM	1	1	WQ		-8	1652	1630	0	+1	48	54
2016	11	12	CM	ZM	1	1	WQ		-14	1616	1440	−2	+4	56	96
2017	01	05	CM	CD	2	0	F		9	1625	1564	0	0	56	68
2017	01	10	CM	ZW	1	1	F		-7	1618	1422	0	+1	56	103
2017	01	14	BF	CM	1	1	AR	GA	7	1522	1611	+1	−1	76	57
2017	01	18	CM	GW	2	1	AR	GA	7	1618	1286	+1	−2	56	136
2017	01	22	GA	CM	0	0	AR		6	1442	1612	+3	0	93	57
2017	01	28	CM	SN	0	0	AR	GA	7	1619	1707	+2	−1	56	36
2017	02	02	CM	GH	2	0	AR	GA	39	1658	1593	+7	−8	50	61
2017	02	05	CM	EG	2	1	AR	GA	28	1686	1671	+9	−8	41	46
2017	03	24	TN	CM	0	1	F		-9	1557	1695	−1	+2	71	39
2017	03	28	GN	CM	2	1	F	BE	15	1505	1680	+2	−3	83	42
2017	06	10	CM	MA	1	0	FQ		11	1691	1598	+4	−4	40	61
2017	06	13	CO	CM	4	0	F	ES	6	1969	1685	+2	−1	6	42
2017	06	18	CL	CM	2	0	CC	RU	13	1974	1672	+3	−5	5	47
2017	06	22	AU	CM	1	1	CC	RU	-3	1707	1675	0	0	36	47
2017	06	25	DE	CM	3	1	CC	RU	8	2050	1667	0	0	2	47
2017	09	01	NG	CM	4	0	WQ		31	1661	1636	+6	−5	47	51
2017	09	04	CM	NG	1	1	WQ		-4	1632	1665	−2	0	52	47
2017	10	07	CM	DZ	2	0	WQ		15	1647	1529	+4	−3	48	75
2017	11	11	ZM	CM	2	2	WQ		3	1498	1644	0	−1	80	51
2018	03	25	KW	CM	1	3	F		-10	1409	1654	−4	+2	105	49
2018	05	27	BF	CM	1	0	F	FR	12	1595	1642	+1	−2	64	51
2018	09	08	KM	CM	1	1	FQ		18	1044	1624	+2	−1	186	52
2018	10	12	CM	MW	1	0	FQ		3	1627	1264	0	+1	53	143
2018	10	16	MW	CM	0	0	FQ		13	1277	1614	+5	0	139	53
2018	11	16	MA	CM	2	0	FQ		15	1717	1599	+2	−5	39	58
2018	11	20	BR	CM	1	0	F	EN	1	2136	1598	0	+2	1	57
2019	03	23	CM	KM	3	0	FQ		2	1600	1087	0	0	58	181
2019	06	09	CM	ZM	2	1	F	ES	6	1606	1439	+1	−2	59	95
2019	06	14	CM	ML	1	1	F	QA	-2	1604	1528	0	0	56	74
2019	06	25	CM	GW	2	0	AR	EG	11	1615	1279	+1	−1	55	139
2019	06	29	CM	GH	0	0	AR	EG	-1	1614	1600	0	+1	54	57
2019	07	02	BJ	CM	0	0	AR	EG	12	1437	1602	+2	−1	97	57
2019	07	06	NG	CM	3	2	AR	EG	22	1669	1580	+2	−5	48	62
2019	10	12	TN	CM	0	0	F		-3	1594	1583	0	0	57	62
2019	11	13	CM	CV	0	0	FQ		-14	1569	1412	−1	+4	64	103
2019	11	17	RW	CM	0	1	FQ		-9	1256	1578	−1	+1	145	63
2020	10	09	CM	JP	0	0	F	NL	4	1582	1740	+1	−3	62	33
2020	11	12	CM	MZ	4	1	FQ		7	1589	1304	+2	0	60	131
2020	11	16	MZ	CM	0	2	FQ		-15	1289	1604	−5	+2	136	58
2021	03	26	CV	CM	3	1	FQ		40	1425	1564	+6	−6	98	65
2021	03	30	CM	RW	0	0	FQ		-16	1548	1300	−8	+3	73	133
2021	06	04	CM	NG	1	0	F	AT	14	1562	1673	+5	0	68	41
2021	06	08	CM	NG	0	0	F	AT	3	1565	1670	0	−1	68	43
2021	09	03	CM	MW	2	0	WQ		7	1572	1299	+1	−1	66	133
2021	09	06	CI	CM	2	1	WQ		11	1643	1561	+1	−3	51	69
2021	10	08	CM	MZ	3	1	WQ		7	1568	1300	+2	−1	68	133
2021	10	11	CM	MZ	1	0	WQ	MA	7	1575	1293	+2	0	65	134
2021	11	13	CM	MW	4	0	WQ	ZA	13	1588	1294	+4	−4	63	135
2021	11	16	CM	CI	1	0	WQ		19	1607	1646	+4	−1	61	50
2022	01	09	CM	BF	2	1	AR		16	1623	1556	+3	0	58	67
2022	01	13	CM	ET	4	1	AR		8	1631	1321	+4	−4	54	126
2022	01	17	CM	CV	1	1	AR		-16	1615	1480	−7	+1	61	86
2022	01	24	CM	KM	2	1	AR		4	1619	1268	+3	−2	58	142
2022	01	29	CM	GM	2	0	AR		13	1632	1441	+4	−4	54	94
2022	02	03	CM	EG	0	0	AR		-3	1629	1687	0	+1	54	44
2022	02	05	CM	BF	3	3	AR		-11	1618	1568	−5	0	59	65
2022	03	25	CM	DZ	0	1	WQ		-21	1597	1713	−5	+2	62	40
2022	03	29	DZ	CM	1	2	WQ		-31	1682	1628	−4	+6	44	56
2022	06	09	CM	BI	1	0	FQ	TZ	4	1632	1256	+1	+1	55	145
2022	09	23	UZ	CM	2	0	F	KR	18	1574	1614	+3	−3	67	60
2022	09	27	KR	CM	1	0	F		4	1783	1610	+1	−1	28	61
2022	11	09	CM	JM	1	1	F		-4	1606	1556	0	+1	61	68
2022	11	18	CM	PA	1	1	F	AE	1	1607	1646	0	−1	60	53
2022	11	24	CH	CM	1	0	WC	QA	9	1911	1598	0	−1	15	62
2022	11	28	CM	RS	3	3	WC	QA	20	1618	1862	+5	0	56	17
2022	12	02	CM	BR	1	0	WC	QA	58	1676	2137	+9	0	47	1
2023	03	24	CM	NA	1	1	FQ		-17	1659	1381	−2	+8	50	107
2023	03	28	NA	CM	2	1	FQ	ZA	33	1414	1626	+7	−2	101	53
2023	06	10	CM	MX	2	2	F	US	5	1631	1802	0	0	53	24
2023	09	12	CM	BI	3	0	FQ		5	1636	1271	+2	0	51	145
2023	10	12	RU	CM	1	0	F		4	1763	1632	+1	0	30	51
2023	10	16	SN	CM	1	0	F	FR	7	1743	1625	+1	−3	34	55
2023	11	17	CM	MU	3	0	WQ		1	1626	1030	0	+1	56	184
2023	11	21	LY	CM	1	1	WQ		9	1357	1617	+4	−1	116	56
2024	01	09	CM	ZM	1	1	F	SA	-4	1613	1492	−2	+1	58	82
2024	01	15	CM	GN	1	1	AR	CI	-11	1602	1456	−2	0	60	92
2024	01	19	SN	CM	3	1	AR	CI	23	1766	1579	+6	−3	29	64
2024	01	23	CM	GM	3	2	AR	CI	11	1590	1354	+1	−4	63	115
2024	01	27	NG	CM	2	0	AR	CI	35	1646	1555	+5	−2	52	65
2024	06	08	CM	CV	4	1	WQ		27	1582	1552	+5	−5	65	70
2024	06	11	AO	CM	1	1	WQ		-2	1509	1584	−1	−1	80	66
2024	09	07	CM	NA	1	0	FQ		6	1590	1366	+1	−3	61	114
2024	09	10	CM	ZW	0	0	FQ	UG	-13	1577	1334	−4	+4	65	129
2024	10	11	CM	KE	4	1	FQ		14	1591	1419	+4	−3	62	102
2024	10	14	CM	KE	1	0	FQ	UG	11	1602	1408	+4	−1	59	103
2024	11	13	CM	NA	0	0	FQ	ZA	-14	1588	1314	−3	+3	64	133
2024	11	19	CM	ZW	2	1	FQ		6	1594	1378	+1	−4	61	116
2025	03	19	CM	SW	0	0	WQ	ZA	-16	1578	1234	−3	+4	63	154
2025	03	25	CM	LY	3	1	WQ		10	1588	1385	0	−5	64	111
2025	06	06	CM	UG	3	0	F	MA	8	1596	1381	+2	−3	62	110
2025	06	09	CM	GQ	1	1	F	MA	-3	1593	1480	0	+2	63	85
2025	09	04	CM	SW	3	0	WQ		4	1597	1213	+1	−1	62	160
2025	09	09	CV	CM	1	0	WQ		18	1544	1579	+2	−6	74	67
2025	10	08	MU	CM	0	2	WQ		-6	1079	1585	0	+3	175	64
2025	10	13	CM	AO	0	0	WQ		-7	1578	1568	−2	+1	68	70
2025	11	13	CD	CM	1	0	WQ	MA	19	1615	1559	+6	−1	59	70
2025	12	24	CM	GA	1	0	AR	MA	19	1578	1449	+4	−2	68	89
2025	12	28	CM	CI	1	1	AR	MA	3	1581	1616	0	0	68	61
2025	12	31	CM	MZ	2	1	AR	MA	13	1594	1387	+4	−3	64	106
2026	01	04	CM	ZA	2	1	AR	MA	22	1616	1529	+3	−3	61	77
2026	01	09	MA	CM	2	0	AR		10	1852	1606	+1	−1	19	62
2026	03	27	AU	CM	1	0	FFS		5	1778	1601	0	0	29	62
2026	03	31	CM	CN	2	0	FFS	AU	13	1614	1423	+1	−5	61	96