1921	09	14	CR	SV	7	0	JCN	GT	10	1810	1490	−	−	13	32
1921	09	18	GT	CR	0	6	JCN		-16	1502	1826	−1	+1	31	12
1930	03	17	CR	GT	8	1	CAG	CU	12	1838	1489	+1	−2	10	44
1930	03	22	CR	SV	9	2	CAG	CU	13	1851	1520	0	0	10	41
1930	03	26	CR	SV	5	0	CAG	CU	10	1861	1510	0	0	10	41
1930	03	30	CU	CR	2	1	CAG		27	1661	1834	+3	0	23	10
1930	04	04	CR	HN	8	0	CAG	CU	8	1842	1411	0	0	10	51
1935	03	25	CR	GT	4	3	CAG	SV	4	1846	1443	0	0	12	56
1935	03	30	SV	CR	1	6	CAG		-10	1404	1856	−3	0	61	12
1935	03	31	CR	CU	2	1	CAG	SV	6	1862	1543	+1	0	11	42
1935	04	02	MX	CR	2	0	CAG	SV	43	1739	1819	+1	−1	18	12
1935	04	03	CR	HN	6	0	CAG	SV	7	1826	1391	0	+1	12	60
1938	02	12	CR	SV	7	0	CAC	PA	9	1835	1431	0	−1	13	58
1938	02	16	PA	CR	0	11	CAC		-8	1274	1843	−1	0	80	13
1938	02	18	CR	CO	2	1	CAC	PA	3	1846	1423	0	0	13	59
1938	02	20	CR	VE	3	0	CAC	PA	2	1848	1270	0	0	13	81
1938	02	22	MX	CR	2	1	CAC	PA	23	1818	1825	0	0	14	13
1941	05	10	CR	NI	7	2	CCF		0	1825	998	0	0	14	93
1941	05	11	CR	PA	7	0	CCF		3	1828	1275	0	0	14	82
1941	05	13	CR	CW	6	2	CCF		10	1838	1547	+1	−1	13	46
1941	05	18	CR	SV	3	1	CCF		5	1843	1457	0	−1	13	57
1941	07	29	SV	CR	2	1	FT		25	1482	1818	+1	0	56	14
1941	08	05	SV	CR	1	4	FT		-11	1471	1829	0	0	56	14
1943	12	05	CR	NI	7	0	CCF	SV	1	1830	968	0	0	14	97
1943	12	07	GT	CR	3	2	CCF	SV	46	1440	1784	+2	−1	62	15
1943	12	09	SV	CR	4	2	CCF		59	1522	1725	+6	−3	52	18
1943	12	12	CR	NI	3	2	CCF	SV	1	1726	957	0	0	18	97
1943	12	16	GT	CR	4	2	CCF	SV	63	1496	1663	+4	−12	58	30
1943	12	19	SV	CR	2	4	CCF		-35	1502	1698	−7	+8	56	22
1946	02	24	CR	NI	7	1	CCF		1	1699	950	0	0	23	97
1946	02	26	CR	PA	7	0	CCF		6	1705	1304	+3	−1	20	76
1946	03	07	CR	HN	5	1	CCF		9	1714	1399	+3	−1	17	64
1946	03	10	CR	GT	1	4	CCF		-76	1638	1563	−17	+10	34	46
1946	03	13	CR	SV	4	0	CCF		21	1659	1500	+2	−4	32	56
1946	12	10	CR	PR	12	0	CAC	CO	1	1660	899	+1	−	33	100
1946	12	14	CR	VE	4	2	CAC	CO	6	1666	1268	+2	−2	31	87
1946	12	16	CR	GT	6	0	CAC	CO	21	1687	1446	+5	−3	26	60
1946	12	18	CO	CR	4	1	CAC		49	1487	1638	+7	−10	55	36
1946	12	20	CW	CR	4	2	CAC	CO	40	1562	1598	+5	−6	46	42
1946	12	21	PA	CR	2	0	CAC	CO	49	1386	1549	+6	−5	68	47
1948	02	29	CR	SV	3	1	CCF	GT	30	1579	1445	+5	−3	42	62
1948	03	01	CR	PA	7	0	CCF	GT	28	1607	1358	+3	−4	39	77
1948	03	03	GT	CR	1	1	CCF		4	1458	1603	0	0	59	39
1948	03	06	CR	CW	2	1	CCF	GT	18	1621	1488	+3	−2	36	57
1948	03	10	CR	PA	3	1	CCF	GT	13	1634	1338	+1	0	35	79
1948	03	17	GT	CR	3	2	CCF		30	1488	1604	+1	−4	57	39
1948	03	18	CR	SV	6	0	CCF	GT	27	1631	1391	+4	−4	35	71
1948	03	20	CW	CR	4	1	CCF	GT	71	1445	1560	+14	−10	61	45
1950	02	26	CR	SV	1	0	CAC	GT	11	1571	1383	+3	−2	43	73
1950	02	27	CR	AN	1	0	CAC	GT	12	1583	1419	+1	−1	42	69
1951	02	25	CR	NI	8	1	CCF	PA	3	1586	970	+1	−1	41	113
1951	02	27	PA	CR	2	0	CCF		40	1507	1546	+7	−7	55	48
1951	03	02	PA	CR	1	1	CCF		-4	1505	1550	0	0	55	49
1951	03	03	CR	NI	4	1	CCF	PA	3	1553	965	+2	0	47	113
1951	03	05	CR	VE	3	1	PAG	AR	13	1566	1268	0	0	47	96
1953	03	08	CR	SV	5	1	CCF		16	1582	1376	+3	−4	42	82
1953	03	10	CR	PA	3	0	CCF		17	1599	1419	+3	−2	39	74
1953	03	13	CR	HN	4	1	CCF		14	1613	1391	+1	−1	38	77
1953	03	15	CR	AN	1	0	CCF		12	1625	1503	+4	−2	34	57
1953	03	17	CR	NI	3	0	CCF		1	1626	1016	0	0	34	117
1953	03	22	CR	GT	3	0	CCF		14	1640	1428	+3	−1	31	73
1955	07	24	CR	GT	9	1	F		7	1647	1421	+1	−1	35	79
1955	07	31	GT	CR	3	1	F		20	1441	1627	+1	−2	78	37
1955	08	14	CR	AW	3	2	CCF	HN	12	1639	1413	0	−1	37	80
1955	08	16	CR	CU	6	0	CCF	HN	19	1658	1358	+4	−2	33	90
1955	08	19	CR	SV	4	0	CCF	HN	19	1677	1398	+5	−4	28	84
1955	08	21	CR	GT	2	0	CCF	HN	17	1694	1451	+2	−4	26	76
1955	08	24	CR	CW	2	1	CCF	HN	12	1706	1487	+1	−1	25	66
1955	08	28	HN	CR	1	2	CCF		-15	1447	1721	−5	+1	77	24
1956	02	26	MX	CR	1	1	PAC		-3	1660	1724	−3	+1	32	22
1956	03	06	AR	CR	4	3	PAC	MX	7	2058	1717	0	0	2	23
1956	03	08	CR	CL	2	1	PAC	MX	33	1750	1806	+3	−4	20	14
1956	03	13	BR	CR	7	1	PAC	MX	19	2033	1731	0	0	3	20
1956	03	17	CR	PE	4	2	PAC	MX	42	1773	1730	+5	−4	15	20
1957	02	10	GT	CR	2	6	WQ		-16	1435	1789	−3	+2	80	16
1957	02	17	CR	GT	3	1	WQ		4	1793	1431	0	−1	16	80
1957	03	03	CR	CW	4	0	WQ		10	1803	1552	0	−4	16	54
1957	08	04	CW	CR	1	2	WQ		-13	1567	1816	−2	+2	50	14
1957	10	20	MX	CR	2	0	WQ		28	1771	1788	+2	−3	18	17
1957	10	27	CR	MX	1	1	WQ		-6	1782	1777	0	0	17	18
1959	03	01	MX	CR	3	1	JSC		20	1744	1762	+5	−2	22	19
1959	03	08	CR	MX	1	2	JSC		-20	1742	1764	−3	+3	22	19
1959	12	14	CR	HN	6	1	RVC	SV	9	1751	1442	+3	−3	23	81
1960	02	14	CR	AN	1	1	CCF	CU	-17	1734	1492	−3	+2	26	72
1960	02	17	CR	UM	3	1	CCF	CU	18	1752	1518	+3	−4	23	61
1960	02	21	CU	CR	0	5	CCF		-6	1168	1758	0	+1	128	22
1960	02	25	CR	HN	1	1	CCF	CU	-18	1740	1469	−3	+1	25	76
1960	02	29	CR	AN	4	0	CCF	CU	21	1761	1504	+6	−8	20	67
1960	03	08	CR	AR	0	0	PAC		8	1769	1967	+1	0	19	3
1960	03	10	CR	BR	3	0	PAC		61	1830	1950	+5	−2	14	3
1960	03	13	CR	MX	1	1	PAC		-10	1820	1788	−1	+1	15	17
1960	03	15	CR	AR	0	2	PAC		-29	1791	2032	−1	0	16	1
1960	03	17	CR	BR	0	4	PAC		-40	1751	1982	−8	0	24	3
1960	03	19	CR	MX	0	3	PAC		-55	1696	1814	−9	+7	33	15
1960	08	21	CR	GT	3	2	WQ		4	1700	1399	0	−1	32	94
1960	08	28	GT	CR	4	4	WQ		10	1409	1690	+2	0	92	32
1960	09	04	HN	CR	2	1	WQ		29	1459	1661	+5	−3	78	35
1960	09	11	CR	HN	5	0	WQ		12	1673	1447	0	−1	35	79
1961	01	14	CR	HN	1	0	WQ	GT	8	1681	1431	0	−2	33	81
1961	03	05	CR	CU	4	1	CCF		3	1684	1193	+1	0	32	126
1961	03	08	CR	PA	6	1	CCF		4	1688	1230	0	0	32	122
1961	03	11	CR	HT	3	0	CCF		17	1705	1527	+5	−5	27	61
1961	03	14	CR	GT	4	2	CCF		8	1713	1416	+1	−2	26	87
1961	03	15	CR	HN	3	0	CCF		10	1723	1448	0	−2	26	79
1961	03	17	CR	SV	4	0	CCF		14	1737	1505	+2	−5	24	69
1961	03	19	CR	HT	8	0	CCF		12	1749	1440	+1	−1	23	79
1961	03	22	CR	MX	1	0	WQ		18	1767	1795	+2	−2	21	16
1961	03	29	CR	AN	6	0	WQ		8	1775	1465	+1	−1	20	74
1961	04	12	MX	CR	4	1	WQ		23	1825	1752	0	−3	14	23
1961	04	23	AN	CR	2	0	WQ		45	1503	1707	+6	−5	70	28
1963	03	24	CR	JM	6	0	CCH	SV	9	1716	1293	+1	−4	25	113
1963	03	28	CR	AN	1	0	CCH	SV	17	1733	1577	+1	−1	24	50
1963	03	30	CR	MX	0	0	CCH	SV	6	1739	1807	0	−1	24	18
1963	04	03	SV	CR	1	4	CCH		-28	1476	1767	−9	+2	76	22
1963	04	05	CR	AN	1	0	CCH	SV	15	1782	1603	+1	−2	21	47
1963	04	07	CR	HN	2	1	CCH	SV	6	1788	1426	+1	−3	20	87
1963	09	01	CO	CR	4	5	F		-3	1414	1791	−1	0	88	20
1963	09	04	CO	CR	1	0	F		17	1431	1774	+3	−2	85	22
1965	02	12	CR	UM	1	0	WQ		3	1777	1448	0	0	21	81
1965	02	21	CR	TT	4	0	WQ		10	1787	1535	+2	−2	19	61
1965	02	22	CR	TT	1	0	F		2	1789	1533	0	0	19	61
1965	02	28	UM	CR	1	3	WQ		-12	1436	1801	0	0	82	19
1965	03	07	TT	CR	0	1	WQ		-10	1511	1811	−2	+2	68	17
1965	03	09	AN	CR	1	2	F		-5	1508	1816	−2	0	69	17
1965	03	17	CR	PY	1	0	F		7	1823	1790	+1	0	16	20
1965	03	19	CR	PY	0	0	F		-4	1819	1794	0	0	16	20
1965	03	28	CR	AN	6	0	CCH	GT	15	1834	1493	+1	−4	15	72
1965	03	30	CR	HT	3	1	CCH	GT	8	1842	1451	+1	−1	14	82
1965	04	01	GT	CR	0	0	CCH		18	1455	1824	+3	−3	81	17
1965	04	06	CR	MX	1	1	CCH	GT	2	1826	1844	0	0	17	14
1965	04	08	SV	CR	2	1	CCH	GT	44	1529	1782	+14	−5	61	21
1965	04	25	CR	MX	0	0	WQ		-2	1780	1856	0	0	21	14
1965	05	11	CR	JM	7	0	WQ		3	1783	1308	0	−1	21	114
1965	05	16	MX	CR	1	0	WQ		11	1872	1772	+3	0	11	21
1965	05	22	JM	CR	1	1	WQ		16	1324	1756	+2	−1	112	22
1965	07	11	HN	CR	1	1	F		7	1342	1749	+2	0	108	23
1967	10	08	CR	HT	3	1	OQ		5	1754	1425	+3	−1	23	91
1967	10	29	SV	CR	3	1	F		22	1504	1732	+2	−3	67	25
1967	12	09	HT	CR	3	2	OQ		31	1447	1701	+13	−5	79	30
1968	05	26	GT	CR	1	0	OQ		20	1616	1681	+4	−3	44	34
1968	06	02	CR	GT	3	2	OQ		11	1692	1605	+2	−4	32	48
1968	09	11	SV	CR	1	1	F		1	1572	1691	0	0	56	34
1968	10	04	AN	CR	1	1	F		4	1442	1687	+1	−1	80	34
1968	11	14	CR	SV	3	0	F		7	1694	1533	+1	−1	30	65
1968	11	27	CR	JM	3	0	WQ		3	1697	1263	+1	−1	29	122
1968	12	01	CR	JM	3	1	WQ		3	1700	1260	0	0	29	122
1968	12	22	HN	CR	1	0	WQ		30	1439	1670	+11	−5	83	34
1968	12	29	CR	HN	1	1	WQ		-15	1655	1454	−2	+4	36	79
1969	09	14	SV	CR	2	1	F		10	1561	1645	+5	−2	57	41
1969	11	23	CR	JM	3	0	CCH		5	1650	1245	+1	−2	37	126
1969	11	27	CR	AN	2	1	CCH		7	1657	1436	+1	−2	36	85
1969	11	30	CR	MX	2	0	CCH		41	1698	1749	+2	−7	34	25
1969	12	04	CR	TT	5	0	CCH		8	1706	1363	+1	−1	33	100
1969	12	07	CR	GT	1	1	CCH		-13	1693	1620	0	+5	33	45
1970	02	26	CR	SV	2	0	F		6	1699	1541	+1	0	33	64
1971	11	20	CR	CU	3	0	CCH	TT	12	1711	1365	+2	−3	31	100
1971	11	24	CR	HT	0	0	CCH	TT	-12	1699	1546	−4	+1	34	61
1971	11	28	CR	HN	2	1	CCH	TT	8	1707	1415	+2	0	32	86
1971	12	02	MX	CR	1	0	CCH	TT	24	1751	1683	+3	−5	27	37
1971	12	05	TT	CR	3	1	CCH		62	1375	1621	+14	−4	98	41
1972	08	06	CR	MX	1	0	F		12	1633	1762	+2	0	43	25
1972	10	01	CR	SV	2	0	F		7	1640	1519	+1	0	41	62
1972	10	08	SV	CR	0	1	F		-9	1510	1649	−1	+3	62	38
1972	10	12	MX	CR	3	1	F		6	1810	1643	+1	−2	17	40
1972	10	15	GT	CR	0	0	F		0	1546	1643	0	0	59	40
1972	11	12	CR	GT	1	1	F		-5	1638	1551	−1	0	42	58
1972	12	03	HN	CR	2	1	WCQ		28	1416	1610	+9	−7	87	47
1972	12	10	CR	HN	3	3	WCQ		-14	1596	1430	−3	+4	49	83
1975	06	13	PA	CR	1	1	F		7	1187	1589	0	0	136	47
1975	07	27	CR	SV	1	0	OQ		9	1598	1467	0	−2	46	77
1975	08	03	SV	CR	1	2	OQ		-18	1449	1616	−3	+2	78	44
1975	08	17	MX	CR	7	0	CDM		14	1758	1602	0	−3	24	47
1975	08	19	CR	US	3	1	CDM	MX	12	1614	1415	+2	−1	45	88
1975	08	28	AR	CR	2	0	CDM	MX	9	1876	1605	+1	−2	12	47
1975	10	15	CR	NI	5	1	PAG	MX	3	1608	1001	0	−1	47	162
1975	10	17	CR	SV	0	0	PAG	MX	-10	1598	1466	−1	+3	48	77
1975	10	19	CR	CU	1	0	PAG	MX	21	1619	1515	+1	−4	47	63
1975	11	30	CR	GT	1	1	OQ		-10	1609	1530	+1	−1	46	60
1975	12	07	GT	CR	2	1	OQ		19	1549	1590	+4	−2	56	48
1976	04	04	PA	CR	3	2	WCQ		33	1266	1557	+5	−6	122	55
1976	06	30	GT	CR	1	0	F		7	1557	1550	+3	−3	51	54
1976	07	11	CR	PA	3	0	WCQ		7	1557	1264	+3	−1	52	122
1976	12	01	SV	CR	1	1	WCQ		0	1463	1557	0	0	79	54
1976	12	05	CR	GT	0	0	WCQ		-3	1554	1600	−1	+1	55	49
1976	12	12	GT	CR	1	1	WCQ		-9	1603	1563	−2	+1	49	54
1976	12	15	CR	SV	1	1	WCQ		-11	1552	1462	−1	+3	55	78
1977	06	10	CR	PA	2	1	F	HN	2	1554	1206	+1	0	55	134
1979	03	23	PA	CR	2	2	F		5	1251	1549	0	−1	124	57
1979	05	22	CR	PA	4	0	OQ		7	1556	1251	+2	−2	57	122
1979	05	25	CR	PA	2	0	OQ		5	1561	1246	+1	−1	56	123
1979	07	04	CR	BM	3	1	PAG	PR	17	1578	1336	+2	−3	54	106
1979	07	12	PR	CR	0	4	PAG		-4	944	1582	0	+1	166	53
1979	07	25	CR	GT	1	2	OQ		-28	1554	1565	−5	+5	60	56
1979	08	05	GT	CR	0	1	OQ		-26	1539	1580	−6	+5	62	55
1979	08	26	CR	GT	1	0	OQ	SV	18	1598	1521	+2	−3	52	64
1980	03	06	HN	CR	1	1	F		1	1451	1597	0	0	80	49
1980	03	12	CR	SR	3	2	OQ		14	1611	1578	+1	−3	48	53
1980	03	30	SR	CR	2	3	OQ		-24	1554	1635	−5	+2	59	45
1980	04	16	CR	HN	1	1	F		-7	1628	1448	−1	+2	46	81
1980	05	20	GT	CR	0	0	F		0	1517	1628	0	0	67	45
1980	05	29	CR	GT	2	1	F		5	1633	1512	0	−1	45	67
1980	06	24	CR	CU	3	0	F		10	1643	1572	+1	−1	45	53
1980	07	01	VE	CR	2	0	F		23	1353	1620	+4	−3	99	48
1980	07	05	VE	CR	1	1	F		4	1357	1616	+1	−1	98	48
1980	07	21	IQ	CR	3	0	OG	SU	44	1717	1572	+6	−5	30	53
1980	08	10	PA	CR	1	1	WCQ		13	1230	1559	+3	−1	127	56
1980	10	01	CR	HN	2	3	WCQ		-29	1530	1523	−5	+8	61	62
1980	10	12	GT	CR	0	0	WCQ		-4	1500	1534	0	+3	71	58
1980	11	05	CR	PA	2	0	WCQ		5	1539	1202	0	0	59	136
1980	11	16	HN	CR	1	1	WCQ		-5	1524	1544	−3	0	64	59
1980	11	26	CR	GT	0	3	WCQ		-49	1495	1548	−14	+14	73	59
1980	12	10	CR	SV	0	0	WCQ		-5	1490	1520	−2	+2	75	65
1983	03	15	CR	MX	0	1	MMC		-12	1478	1675	−2	+1	76	38
1983	03	22	MX	CR	1	0	F		3	1678	1475	0	−1	38	77
1983	05	11	HN	CR	0	1	OQ		-33	1603	1508	−6	+9	45	69
1983	05	18	CR	HN	3	2	OQ		20	1528	1583	+6	−6	63	51
1983	08	02	CR	CU	3	0	F		14	1542	1553	+3	−3	61	60
1983	08	04	CR	CU	2	0	F		11	1553	1542	+2	−2	60	62
1983	08	09	CR	KR	1	1	F		-1	1552	1629	0	0	60	41
1983	10	23	CR	GT	1	0	OQ		15	1567	1548	+3	−2	57	60
1983	10	30	GT	CR	1	1	OQ		-5	1543	1572	−2	0	61	56
1984	03	02	CR	CU	1	0	OQ		13	1585	1532	+6	−3	52	65
1984	03	16	CU	CR	0	0	OQ		-2	1524	1587	0	0	65	52
1984	03	24	PA	CR	1	1	F		7	1221	1580	+1	−1	134	52
1984	07	29	US	CR	3	0	OG		43	1587	1537	+12	−9	49	60
1984	07	31	EG	CR	4	1	OG	US	37	1678	1500	+2	−10	36	70
1985	02	06	CR	SV	2	1	F		7	1507	1476	+1	0	68	77
1985	02	13	SV	CR	1	0	F		8	1484	1499	+1	−2	77	71
1985	02	17	GT	CR	1	0	F		6	1567	1493	+1	0	57	72
1985	03	06	CR	GT	2	0	F		14	1507	1553	+3	−3	69	60
1985	03	21	CR	CA	1	0	F		10	1517	1588	+1	0	67	49
1985	03	24	CR	CA	0	0	F		-1	1516	1589	0	0	66	49
1985	04	24	CR	TT	3	0	WQC		28	1544	1453	+6	−6	60	83
1985	04	28	CR	TT	1	1	WQC		-13	1531	1466	−2	+2	63	81
1985	05	26	CR	US	1	1	WQC		-3	1528	1591	0	+1	64	49
1985	05	31	US	CR	0	1	WQC		-36	1555	1564	−10	+6	59	58
1985	07	18	CR	TT	3	1	F		6	1570	1412	+4	0	53	87
1985	08	11	CR	HN	2	2	WQC		-2	1568	1640	−3	+1	57	40
1985	08	17	CA	CR	1	1	WQC		-11	1621	1579	−3	+3	44	54
1985	09	01	CR	CA	0	0	WQC		-2	1577	1656	0	0	54	39
1985	09	08	HN	CR	3	1	WQC		24	1631	1553	+3	−5	43	59
1988	01	06	GT	CR	1	2	F		-14	1575	1567	−1	+3	53	57
1988	03	02	CR	GT	2	1	F		7	1574	1544	+1	−2	54	63
1988	06	14	US	CR	1	0	F		7	1573	1567	+5	−5	54	58
1988	06	17	CA	CR	0	1	F		-13	1561	1580	−6	+4	59	54
1988	07	01	AN	CR	1	1	F		4	1319	1576	+2	0	102	53
1988	07	03	AN	CR	1	0	F		14	1333	1562	−1	−5	103	58
1988	07	17	CR	PA	1	1	WCQ		-16	1546	1281	−4	+4	60	116
1988	07	31	PA	CR	0	2	WCQ		-17	1264	1563	−3	+5	120	55
1989	02	07	CR	PL	2	4	F		-9	1554	1810	−3	+1	60	20
1989	02	21	CR	SV	1	1	FRC	US	-3	1551	1491	−1	+1	61	70
1989	02	23	GT	CR	3	2	FRC	US	17	1513	1534	+1	−2	66	63
1989	03	19	GT	CR	1	0	WQC		19	1543	1515	+4	−2	61	65
1989	04	02	CR	GT	2	1	WQC		20	1535	1523	+1	−2	64	65
1989	04	16	CR	US	1	0	WQC		21	1556	1554	+6	−6	58	59
1989	04	30	US	CR	1	0	WQC		18	1572	1538	+5	−6	53	63
1989	05	28	TT	CR	1	1	WQC		-9	1556	1547	−4	+2	58	61
1989	06	11	CR	TT	1	0	WQC		17	1564	1510	+5	−2	55	65
1989	06	25	SV	CR	2	4	WQC		-38	1429	1602	−7	+8	85	47
1989	07	16	CR	SV	1	0	WQC		9	1611	1420	+3	−3	45	88
1990	02	02	US	CR	0	2	MIA		-29	1579	1640	−2	+3	49	43
1990	02	04	UY	CR	2	0	MIA	US	8	1906	1632	+1	−2	11	45
1990	02	22	SU	CR	2	1	FT	US	4	1952	1628	0	0	5	45
1990	05	06	PL	CR	2	0	FT	US	13	1800	1615	0	−2	19	45
1990	05	20	WA	CR	1	0	F		5	1731	1610	0	−1	30	48
1990	06	11	CR	SQ	1	0	WC	IT	41	1651	1698	+8	−3	40	32
1990	06	16	BR	CR	1	0	WC	IT	6	2025	1645	0	−2	2	42
1990	06	20	CR	SE	2	1	WC	IT	48	1693	1831	+10	−4	32	17
1990	06	23	CS	CR	4	1	WC	IT	28	1900	1665	+6	−5	8	37
1991	04	17	CR	MX	0	0	F		3	1668	1888	0	0	36	11
1991	05	14	CR	UY	0	1	F		-7	1661	1867	−3	+2	38	14
1991	05	26	CR	HN	2	0	NQU		13	1674	1519	+3	−2	35	64
1991	05	29	CR	SV	7	1	NQU		10	1684	1414	0	−2	35	83
1991	06	02	CR	GT	1	0	NQU		5	1689	1451	0	0	35	76
1991	06	25	CR	CO	0	1	F		-11	1678	1771	0	0	35	26
1991	06	29	CR	GT	2	0	CCH	US	16	1694	1435	0	−1	35	79
1991	07	01	TT	CR	2	1	CCH	US	39	1506	1655	+8	−3	67	38
1991	07	03	US	CR	3	2	CCH		19	1658	1636	+6	−8	38	46
1991	07	05	HN	CR	2	0	CCH	US	40	1655	1596	+10	−6	39	52
1991	07	07	MX	CR	2	0	CCH	US	17	1830	1579	+2	−3	16	55
1991	11	24	US	CR	1	1	F		-6	1697	1585	0	0	34	56
1991	11	27	CR	MX	1	1	F	US	6	1591	1821	+2	−1	54	18
1992	02	12	CR	US	0	0	F		0	1591	1704	0	0	55	34
1992	03	04	CR	SV	2	0	F		5	1596	1421	+1	0	55	88
1992	04	29	SV	CR	1	1	F		2	1429	1594	0	−1	88	56
1992	05	27	CR	EC	2	1	F		9	1603	1653	+5	−1	50	40
1992	08	01	UY	CR	2	1	F		2	1866	1601	0	−1	12	55
1992	08	06	EC	CR	1	1	F		-4	1645	1605	−3	+2	46	53
1992	08	16	PA	CR	1	0	WQ		31	1324	1574	+8	−11	122	63
1992	08	23	CR	PA	5	1	WQ		9	1583	1315	+2	−2	61	125
1992	09	23	BR	CR	4	2	F		1	2001	1582	0	0	2	63
1992	11	08	CR	HN	2	3	WQ		-21	1561	1688	−2	+2	63	32
1992	11	15	VC	CR	0	1	WQ		-11	1282	1572	−3	+1	134	62
1992	11	22	MX	CR	4	0	WQ		9	1825	1563	+2	0	18	62
1992	11	29	CR	MX	2	0	WQ		43	1606	1782	+10	−5	52	23
1992	12	05	HN	CR	2	1	WQ		10	1700	1596	0	−3	32	55
1992	12	13	CR	VC	5	0	WQ		6	1602	1257	+1	−1	55	139
1993	02	16	CR	NI	6	0	NUQ		1	1603	966	0	0	56	191
1993	02	19	CR	NI	2	0	NUQ		1	1604	965	0	0	56	191
1993	03	05	CR	SV	1	0	NQU	HN	16	1620	1518	+4	−6	51	74
1993	03	07	HN	CR	2	0	NQU		17	1702	1603	+1	−3	32	54
1993	03	09	CR	PA	2	0	NQU	HN	10	1613	1312	+2	−5	52	126
1993	03	24	CR	CA	0	1	F		-15	1598	1552	−3	+3	55	65
1993	03	31	CO	CR	4	1	F		6	1775	1592	+2	−2	25	57
1993	06	23	CR	PA	3	1	F		3	1595	1309	−1	−1	59	127
1993	06	29	CR	MX	0	2	F		-9	1586	1850	−2	+2	62	14
1993	07	04	JM	CR	1	1	F		1	1448	1585	+1	0	93	62
1993	07	11	CA	CR	1	1	CCH	MX	-2	1604	1587	−2	+2	55	60
1993	07	15	MX	CR	1	1	CCH		-20	1856	1607	−3	+6	14	53
1993	07	18	CR	MQ	3	1	CCH	MX	26	1633	1468	+11	−8	43	89
1993	07	21	US	CR	1	0	CCH		18	1648	1615	+4	−8	40	51
1993	07	25	CR	JM	1	1	CCH	MX	-10	1605	1486	−4	+2	55	84
1993	09	23	SA	CR	1	2	F		-13	1615	1618	−6	+2	54	53
1993	09	27	SA	CR	3	2	F		7	1622	1611	+5	−2	49	55
1994	01	19	CR	NO	0	0	F	US	6	1617	1832	+2	−1	55	20
1994	06	11	IT	CR	1	0	F	US	2	1987	1615	0	−1	2	55
1994	12	17	SA	CR	1	3	F		-21	1630	1636	−8	+7	45	44
1995	05	28	US	CR	1	2	F		-12	1610	1648	−4	+1	51	40
1995	06	05	KR	CR	1	0	KOR		11	1642	1637	+4	−3	40	42
1995	06	10	EC	CR	2	1	KOR	KR	15	1652	1622	+3	−6	37	46
1995	08	06	JP	CR	3	0	F		13	1628	1609	+5	−4	45	51
1995	09	27	JM	CR	2	0	F		17	1487	1592	+1	−6	83	57
1995	12	01	CR	BZ	2	1	NQU	SV	2	1594	1107	0	0	55	168
1995	12	03	SV	CR	2	1	NQU		19	1530	1575	+6	−6	72	61
1995	12	07	CR	HN	1	1	NQU	SV	-1	1574	1566	−2	0	63	66
1995	12	10	SV	CR	2	1	NQU		18	1519	1556	+3	−3	76	66
1996	06	05	CA	CR	0	1	F		-14	1606	1570	−5	+1	51	62
1996	08	04	CR	HN	1	1	F		-4	1566	1545	0	0	63	70
1996	08	11	HN	CR	0	0	F		-2	1530	1568	−1	0	73	63
1996	08	14	PE	CR	3	0	F		13	1576	1555	+2	−3	62	66
1996	08	16	EC	CR	1	1	F		-6	1694	1561	−1	+2	34	64
1996	08	26	CR	CL	1	1	F		2	1563	1738	+1	−1	64	29
1996	09	01	TT	CR	0	1	WQ		-26	1551	1589	−5	+7	66	57
1996	09	04	JM	CR	2	0	F		16	1478	1573	+9	−4	80	61
1996	10	02	VE	CR	2	0	F		19	1393	1554	+6	−5	109	66
1996	10	09	CR	JM	0	0	F		-4	1550	1525	−2	+1	67	72
1996	11	07	CR	PA	2	0	F		5	1555	1348	+3	0	63	119
1996	11	17	CR	GT	3	0	WQ		17	1572	1443	+1	−2	62	92
1996	11	24	GT	CR	1	0	WQ	US	27	1470	1545	+4	−6	88	68
1996	12	01	CR	US	2	1	WQ		25	1570	1713	+7	−4	61	33
1996	12	14	US	CR	2	1	WQ		8	1721	1562	+1	−1	32	65
1996	12	21	CR	TT	2	1	WQ		11	1573	1482	+1	−3	62	81
1997	02	05	CR	SK	2	2	F		1	1574	1697	0	0	61	33
1997	02	19	CR	VE	5	2	F		5	1579	1364	+2	−1	59	120
1997	03	09	CR	CM	5	0	F		14	1593	1555	0	−3	59	66
1997	03	16	CR	MX	0	0	WQ		7	1600	1818	+3	−1	56	20
1997	03	23	CR	US	3	2	WQ		19	1619	1662	+3	−3	53	40
1997	04	16	GT	CR	1	1	NQU		0	1517	1619	0	0	72	53
1997	04	18	CR	NI	5	1	NQU	GT	1	1620	940	0	0	52	197
1997	04	23	CR	HN	4	0	NQU	GT	36	1656	1572	+9	−8	43	63
1997	04	25	CR	SV	1	0	NQU	GT	12	1668	1489	+1	−4	42	80
1997	04	27	GT	CR	1	1	NQU		1	1551	1667	+1	0	68	42
1997	05	04	SV	CR	2	1	WQ		24	1517	1643	+8	−4	72	47
1997	05	11	CR	JM	3	1	WQ		16	1659	1550	+2	−5	45	69
1997	06	01	CA	CR	1	0	WQ		17	1631	1642	+5	−2	49	47
1997	06	13	BR	CR	5	0	CA	BO	8	2077	1634	+1	0	1	46
1997	06	16	CO	CR	4	1	CA	BO	24	1831	1610	+3	−9	18	55
1997	06	19	CR	MX	1	1	CA	BO	14	1624	1822	+5	−3	50	19
1997	08	10	CR	SV	0	0	WQ		-12	1612	1501	−3	+2	52	78
1997	09	07	US	CR	1	0	WQ		12	1671	1600	0	−4	46	56
1997	09	14	JM	CR	1	0	WQ		14	1625	1586	+3	0	49	55
1997	11	09	MX	CR	3	3	WQ		-14	1780	1600	−3	+2	23	54
1997	11	16	CR	CA	3	1	WQ		17	1617	1525	+3	−4	51	72
1998	01	21	CR	HN	1	4	F		-25	1592	1576	−2	+6	54	58
1998	01	28	CR	TT	4	0	F		7	1599	1443	+1	−4	53	93
1998	02	04	CR	CU	7	2	CCH	US	31	1630	1429	+2	−11	51	100
1998	02	07	US	CR	2	1	CCH		12	1751	1618	+3	−1	29	52
1999	01	28	CR	EC	0	0	F		1	1619	1752	0	0	54	25
1999	02	10	JM	CR	1	1	F		-4	1670	1623	−1	+1	45	53
1999	02	24	CR	JM	9	0	F		21	1644	1649	+2	−4	51	48
1999	03	17	CR	BZ	7	0	NQU		2	1646	1085	+1	0	51	176
1999	03	21	CR	HN	0	1	NQU		-31	1615	1565	−3	+9	54	61
1999	03	24	CR	GT	1	0	NQU		10	1625	1523	+1	−1	53	72
1999	03	26	CR	HN	1	2	NQU		-28	1597	1616	−5	+5	58	54
1999	03	28	CR	SV	4	0	NQU		14	1611	1430	+4	−6	54	96
1999	05	29	CL	CR	3	0	F		7	1759	1604	+5	−1	21	56
1999	07	17	CR	SA	1	0	F	US	13	1617	1706	+3	−2	51	36
1999	08	18	UY	CR	5	4	F		4	1748	1613	+2	0	28	52
1999	11	25	CR	SK	4	0	F		18	1631	1677	+4	−3	48	41
1999	12	29	CR	HN	1	1	F		-3	1628	1621	−2	+1	51	52
2000	01	26	CR	TT	2	1	F		6	1634	1571	+1	0	49	60
2000	02	02	CR	CL	1	0	F		10	1644	1736	+1	−4	48	31
2000	02	13	CA	CR	2	2	CCH	US	5	1583	1639	+1	0	59	49
2000	02	17	CR	KR	2	2	CCH	US	5	1644	1711	0	0	50	35
2000	02	20	TT	CR	2	1	CCH	US	29	1623	1615	+4	−7	53	57
2000	06	21	PY	CR	1	0	F		3	1804	1612	0	0	19	56
2000	07	01	CR	PA	5	1	F		6	1618	1410	0	0	56	105
2000	07	09	CR	VC	7	1	F		4	1622	1314	+1	−1	55	127
2000	07	16	BB	CR	2	1	WQ		29	1388	1593	+4	−2	111	57
2000	07	23	CR	US	2	1	WQ		27	1620	1792	0	−2	57	19
2000	08	10	CR	VE	1	5	F		-32	1588	1438	−3	+14	59	92
2000	08	15	CR	GT	2	1	WQ		12	1600	1538	+2	−5	57	70
2000	09	03	CR	BB	3	0	WQ		9	1609	1363	0	−3	58	116
2000	10	11	US	CR	0	0	WQ		-14	1787	1623	0	+1	20	56
2000	11	15	GT	CR	2	1	WQ		18	1575	1605	+2	−3	61	58
2001	01	06	CR	GT	5	2	WQ	US	32	1637	1543	+4	−6	54	67
2001	02	28	CR	HN	2	2	WQ		-1	1636	1712	0	+2	55	36
2001	03	28	CR	TT	3	0	WQ		27	1663	1623	+4	−5	49	56
2001	04	18	CR	VE	2	2	F		-8	1655	1420	−1	+4	50	99
2001	04	25	US	CR	1	0	WQ		7	1841	1648	−1	−1	15	51
2001	05	23	CR	BZ	4	0	NQU	HN	3	1651	1083	0	0	51	177
2001	05	27	CR	GT	1	1	NQU	HN	-8	1643	1520	−1	+2	52	70
2001	05	30	CR	PA	2	1	NQU	HN	9	1652	1429	+2	−6	50	98
2001	06	01	GT	CR	2	0	NQU	HN	41	1559	1611	+4	−7	65	57
2001	06	03	CR	SV	1	1	NQU	HN	-7	1604	1495	−1	0	58	76
2001	06	16	MX	CR	1	2	WQ		-31	1681	1635	−8	+4	42	54
2001	06	20	CR	JM	2	1	WQ		13	1648	1590	+4	−2	51	61
2001	07	01	HN	CR	2	3	WQ		-29	1680	1677	−8	+6	43	44
2001	07	13	CR	HN	1	0	CA	CO	25	1702	1658	+8	−6	37	49
2001	07	16	CR	UY	1	1	CA	CO	7	1709	1799	+2	−2	35	25
2001	07	19	CR	BO	4	0	CA	CO	27	1736	1529	+5	−4	29	68
2001	07	22	UY	CR	2	1	CA	CO	23	1789	1713	0	−7	26	36
2001	09	01	TT	CR	0	2	WQ		-26	1537	1739	−6	+5	68	31
2001	09	05	CR	US	2	0	WQ		25	1764	1759	+6	−4	26	28
2001	10	07	CR	MX	0	0	WQ		-5	1759	1788	0	+2	26	23
2001	11	11	JM	CR	0	1	WQ		-14	1535	1773	−2	+2	69	25
2002	01	18	CR	MQ	2	0	CCH	US	7	1780	1357	0	−1	26	116
2002	01	20	CR	TT	1	1	CCH	US	-13	1767	1589	−1	+1	27	60
2002	01	26	CR	HT	2	1	CCH	US	9	1776	1489	0	−1	26	82
2002	01	30	CR	KR	3	1	CCH	US	37	1813	1733	+3	−6	23	34
2002	02	02	US	CR	2	0	CCH		31	1802	1782	+3	−3	23	26
2002	04	17	JP	CR	1	1	F		-5	1873	1787	−1	−1	13	27
2002	04	21	KR	CR	2	0	F		14	1727	1773	+4	0	35	27
2002	05	09	CR	CO	1	2	F		-10	1763	1883	0	+3	27	9
2002	05	26	BE	CR	1	0	F	JP	8	1837	1755	+2	−3	17	30
2002	06	04	CR	CN	2	0	WC	KR	38	1793	1660	+3	−5	25	45
2002	06	09	CR	TR	1	1	WC	KR	-5	1788	1740	0	0	26	33
2002	06	13	BR	CR	5	2	WC	KR	35	1947	1753	+3	−6	7	32
2002	10	16	CR	EC	1	1	F		-3	1750	1743	0	0	32	35
2002	11	20	EC	CR	2	2	F		-2	1723	1752	0	0	35	32
2003	02	11	CR	SV	1	0	NQU	PA	8	1760	1514	+1	−1	31	71
2003	02	13	CR	GT	1	1	NQU	PA	-12	1748	1543	−3	+2	33	67
2003	02	15	CR	NI	1	0	NQU	PA	0	1748	915	+1	0	32	195
2003	02	20	CR	HN	1	0	NQU	PA	18	1766	1697	+4	−2	28	39
2003	02	23	PA	CR	0	1	NQU		-7	1378	1773	−4	+1	113	27
2003	03	29	CR	PY	2	1	F		7	1780	1758	+3	0	24	31
2003	04	30	CL	CR	1	0	F		12	1604	1768	0	−1	58	25
2003	06	08	CR	CL	1	0	F		4	1772	1600	+1	−1	25	59
2003	07	12	CA	CR	1	0	CCH	US	35	1656	1737	+6	−9	48	33
2003	07	16	CR	CU	3	0	CCH	US	26	1763	1563	+6	−2	27	64
2003	07	19	CR	SV	5	2	CCH	US	19	1782	1519	+5	−4	22	73
2003	07	24	MX	CR	2	0	CCH		21	1870	1761	0	−6	14	28
2003	07	26	US	CR	3	2	CCH		14	1832	1747	+2	−3	17	31
2003	08	20	AT	CR	2	0	F		14	1690	1733	+3	−2	41	33
2003	09	07	CR	CN	2	0	F	US	9	1742	1589	+3	−1	30	61
2003	10	11	ZA	CR	2	1	NMC		15	1664	1727	+4	−5	45	35
2003	11	19	CR	FI	2	1	F		7	1734	1712	+2	0	32	36
2004	03	31	MX	CR	2	0	F	US	10	1858	1724	0	−2	12	34
2004	06	04	CR	NI	5	1	F		0	1724	1005	0	0	34	189
2004	06	12	CU	CR	2	2	WQ		5	1541	1719	+1	−1	71	33
2004	06	20	CR	CU	1	1	WQ		-13	1706	1554	0	+3	32	68
2004	07	08	PY	CR	1	0	CA	PE	19	1803	1687	+6	−4	21	38
2004	07	11	BR	CR	4	1	CA	PE	12	2025	1675	0	−5	2	43
2004	07	14	CR	CL	2	1	CA	PE	27	1702	1677	+8	−8	34	41
2004	07	17	CO	CR	2	0	CA	PE	26	1839	1676	+5	−7	17	41
2004	08	18	CR	HN	2	5	WQ		-48	1628	1694	−14	+16	54	34
2004	09	05	GT	CR	2	1	WQ		15	1633	1613	+4	−2	53	57
2004	09	08	CR	CA	1	0	WQ		12	1625	1551	0	0	57	68
2004	10	09	CR	GT	5	0	WQ		31	1656	1610	+9	−10	47	61
2004	10	13	CA	CR	1	3	WQ		-31	1532	1687	−5	+9	72	37
2004	11	17	HN	CR	0	0	WQ		-4	1649	1691	−1	−1	48	37
2005	01	12	CR	HT	3	3	F		-7	1684	1467	−3	+1	40	90
2005	02	09	CR	MX	1	2	WQ		-14	1670	1901	−4	+1	44	9
2005	02	16	CR	EC	1	2	F		-13	1657	1678	−3	+3	47	43
2005	02	21	CR	SV	2	1	NQU	GT	7	1664	1385	0	0	47	103
2005	02	23	CR	PA	1	0	NQU	GT	12	1676	1508	+3	−3	44	80
2005	02	25	GT	CR	0	4	UNC		-42	1576	1718	−10	+11	67	33
2005	02	27	CR	HN	1	1	UNC	GT	-3	1715	1673	0	+1	33	45
2005	03	26	CR	PA	2	1	WQ		5	1720	1473	0	−1	34	87
2005	03	30	TT	CR	0	0	WQ		9	1467	1711	+1	−3	90	37
2005	05	24	NO	CR	1	0	F		5	1793	1706	+1	0	24	37
2005	06	04	US	CR	3	0	WQ		15	1853	1691	+2	−1	15	39
2005	06	08	CR	GT	3	2	WQ		9	1700	1569	0	−1	39	67
2005	06	19	CN	CR	2	2	F		0	1608	1700	0	+1	59	38
2005	06	22	CN	CR	2	0	F		15	1623	1685	+4	−6	55	44
2005	07	07	CR	CA	1	0	CCH	US	16	1701	1544	+6	−2	38	70
2005	07	09	CR	CU	3	1	CCH	US	27	1728	1571	+5	−4	33	65
2005	07	12	US	CR	0	0	CCH		-16	1865	1744	−1	+2	14	31
2005	07	16	HN	CR	3	2	CCH	US	27	1740	1717	+7	−6	31	37
2005	08	17	MX	CR	2	0	WQ		11	1887	1706	0	−1	12	39
2005	09	03	PA	CR	1	3	WQ		-25	1523	1731	−4	+5	75	34
2005	09	07	CR	TT	2	0	WQ		8	1739	1498	0	−3	35	85
2005	10	08	CR	US	3	0	WQ		39	1778	1839	+9	−6	26	18
2005	10	12	GT	CR	3	1	WQ		41	1582	1737	+10	−9	62	35
2005	11	09	FR	CR	3	2	F	MQ	4	1979	1733	0	0	3	35
2006	02	11	CR	KR	1	0	F	US	10	1743	1732	+1	−1	36	37
2006	03	01	IR	CR	3	2	F		5	1833	1738	−1	+1	20	36
2006	05	28	UA	CR	4	0	F		12	1780	1726	+2	−2	28	38
2006	05	30	CZ	CR	1	0	F		2	1969	1724	0	0	3	38
2006	06	09	DE	CR	4	2	WC		16	1911	1708	0	−5	10	43
2006	06	15	EC	CR	3	0	WC	DE	45	1805	1663	+8	−6	21	49
2006	06	20	PL	CR	2	1	WC	DE	23	1772	1640	+4	−1	28	51
2006	09	02	AT	CR	2	2	FT	CH	1	1619	1639	0	−1	56	51
2006	09	06	CH	CR	2	0	FT		6	1868	1633	−1	−1	12	51
2007	01	11	CR	NI	2	0	F		1	1634	1028	0	0	51	184
2007	02	04	CR	TT	4	0	F		10	1644	1540	+1	−3	51	75
2007	02	09	CR	HN	3	1	NQU	SV	38	1682	1702	+4	−5	46	43
2007	02	13	PA	CR	1	0	NQU	SV	29	1547	1653	+9	−3	72	49
2007	02	16	SV	CR	0	2	UNC		-16	1367	1669	−5	+2	112	47
2007	02	18	CR	PA	1	1	UNC	SV	-5	1664	1582	0	+1	47	63
2007	03	24	CR	NZ	4	0	F		7	1671	1492	0	−2	47	86
2007	03	28	CL	CR	1	1	F		-5	1735	1676	−1	+1	38	46
2007	06	02	CR	CL	2	0	F		14	1690	1736	+1	−8	43	40
2007	06	06	CA	CR	2	1	CCH	US	31	1629	1659	+3	−4	53	47
2007	06	09	CR	HT	1	1	CCH	US	-6	1653	1576	0	+3	46	65
2007	06	11	CR	GP	1	0	CCH	US	10	1663	1408	+2	−2	45	102
2007	06	17	MX	CR	1	0	CCH	US	15	1826	1648	+1	−4	17	50
2007	08	22	CR	PE	1	1	F		-3	1645	1651	−2	+2	52	48
2007	09	09	CR	HN	0	0	CAI	US	0	1645	1644	+1	+1	53	54
2007	09	12	CA	CR	1	1	F		-3	1643	1648	−2	+2	54	51
2007	10	13	SV	CR	2	2	F		5	1381	1643	+1	−2	111	53
2007	10	17	CR	HT	1	1	F		-5	1638	1545	−2	−3	55	74
2007	11	21	PA	CR	1	1	F		-1	1569	1639	0	0	66	53
2008	01	13	CR	SE	0	1	F		-8	1631	1806	−1	0	54	20
2008	01	30	IR	CR	0	0	F		-6	1777	1637	−2	+1	28	53
2008	02	06	JM	CR	1	1	F		-1	1560	1638	−3	−1	71	53
2008	03	26	PE	CR	3	1	F		11	1634	1627	+6	+1	50	52
2008	06	14	GD	CR	2	2	WQ		14	1245	1613	+3	−4	145	55
2008	06	21	CR	GD	3	0	WQ		4	1617	1241	+2	0	55	146
2008	08	20	CR	SV	1	0	WQ		6	1623	1413	+4	−3	50	105
2008	09	06	CR	SR	7	0	WQ		7	1630	1299	−3	0	53	127
2008	09	10	HT	CR	1	3	WQ		-24	1432	1654	−7	+5	99	48
2008	10	11	SR	CR	1	4	WQ		-12	1261	1666	−4	+1	139	47
2008	10	15	CR	HT	2	0	WQ		8	1674	1421	+1	−2	46	100
2008	11	19	SV	CR	1	3	WQ		-25	1486	1699	−3	+3	91	43
2009	01	23	CR	PA	3	0	NQU	HN	20	1719	1525	+3	−7	40	78
2009	01	25	CR	GT	3	1	NQU	HN	14	1733	1503	+2	−5	38	87
2009	01	30	CR	SV	1	0	UNC	HN	7	1740	1463	+3	0	35	89
2009	02	01	CR	PA	0	0	UNC	HN	-9	1731	1587	−2	+1	37	61
2009	02	11	CR	HN	2	0	WQ		21	1752	1700	+6	−5	31	43
2009	03	28	MX	CR	2	0	WQ		17	1826	1735	+4	−3	15	34
2009	04	01	CR	SV	1	0	WQ		5	1740	1479	+2	−1	30	88
2009	05	13	VE	CR	1	1	F		-1	1684	1741	0	0	46	30
2009	06	03	CR	US	3	1	WQ		29	1770	1799	+3	−5	28	19
2009	06	06	TT	CR	2	3	WQ		-14	1552	1784	−5	+2	72	26
2009	06	27	CR	VE	1	0	F		5	1789	1689	+3	0	23	45
2009	07	03	SV	CR	2	1	CCH	US	41	1571	1748	+14	−8	66	31
2009	07	07	CR	JM	1	0	CCH	US	15	1763	1592	+3	−4	28	61
2009	07	10	CA	CR	2	2	CCH	US	9	1648	1754	+4	−1	49	28
2009	07	19	CR	GP	5	1	CCH	US	16	1770	1466	+1	−3	27	91
2009	07	23	CR	MX	1	1	CCH	US	1	1771	1787	0	0	27	25
2009	08	12	HN	CR	4	0	WQ		31	1764	1740	+7	−8	29	35
2009	09	05	CR	MX	0	3	WQ		-31	1709	1906	−7	+4	42	7
2009	09	09	SV	CR	1	0	WQ		26	1531	1683	+4	−2	79	44
2009	10	10	CR	TT	4	0	WQ		15	1698	1525	+1	−8	43	83
2009	10	14	US	CR	2	2	WQ		-12	1825	1710	+2	+2	14	41
2009	11	14	CR	UY	0	1	WQ		-20	1690	1826	−2	+4	43	14
2009	11	18	UY	CR	1	1	WQ		-12	1814	1702	−1	+1	15	41
2010	01	26	AR	CR	3	2	F		3	1900	1699	0	0	7	41
2010	05	26	FR	CR	2	1	F		3	1882	1696	0	0	10	41
2010	06	01	CH	CR	0	1	F		-15	1760	1711	−4	+3	26	38
2010	06	05	SK	CR	3	0	F		15	1670	1696	+1	−1	47	39
2010	08	11	PY	CR	2	0	F		8	1787	1688	+1	0	20	41
2010	09	03	PA	CR	2	2	F		0	1582	1688	−1	+1	68	40
2010	09	05	JM	CR	1	0	F		9	1630	1679	0	−4	53	44
2010	10	08	PE	CR	2	0	F		13	1631	1666	+2	−3	52	46
2010	10	12	CR	SV	2	1	F		3	1669	1480	0	−2	45	93
2010	11	17	CR	JM	0	0	F	US	-1	1668	1625	+1	−2	44	54
2011	01	14	CR	HN	1	1	NQC	PA	0	1668	1675	0	0	43	42
2011	01	16	CR	GT	2	0	NQC	PA	14	1682	1443	+1	−1	42	101
2011	01	21	PA	CR	1	1	CCC		-1	1603	1683	−3	0	60	43
2011	01	23	HN	CR	2	1	CCC	PA	19	1720	1664	+6	−2	34	45
2011	02	09	VE	CR	2	2	F		-4	1700	1668	−1	0	40	45
2011	03	26	CR	CN	2	2	F		-4	1664	1623	0	−1	45	56
2011	03	29	CR	AR	0	0	F		6	1670	1993	0	0	45	5
2011	06	05	CR	CU	5	0	CCH	US	23	1693	1437	+5	−6	41	101
2011	06	09	CR	SV	1	1	CCH	US	-14	1679	1493	−3	+3	44	89
2011	06	12	MX	CR	4	1	CCH	US	21	1902	1658	+2	−5	8	49
2011	06	18	CR	HN	1	1	CCH	US	0	1658	1654	0	0	48	49
2011	07	02	CO	CR	1	0	CA	AR	17	1784	1641	+3	−5	21	52
2011	07	07	CR	BO	2	0	CA	AR	32	1673	1556	+6	−9	46	69
2011	07	11	AR	CR	3	0	CA		11	1925	1662	+1	−1	6	48
2011	08	10	CR	EC	0	2	F		-18	1644	1715	−5	+4	53	37
2011	09	02	US	CR	0	1	F		-15	1723	1659	−3	+5	36	48
2011	09	06	EC	CR	4	0	F		10	1735	1649	+1	0	33	48
2011	10	07	CR	BR	0	1	F		-3	1646	2049	−3	0	51	4
2011	11	11	PA	CR	2	0	F		10	1665	1636	+3	−2	45	51
2011	11	15	CR	ES	2	2	F		8	1644	2117	+2	0	51	1
2011	12	11	CU	CR	1	1	F		4	1392	1640	0	0	110	51
2011	12	22	VE	CR	0	2	F		-23	1713	1663	−3	+5	37	46
2012	02	29	WA	CR	0	1	F		-12	1635	1675	−4	+2	55	43
2012	03	21	JM	CR	0	0	F		-2	1654	1677	0	0	47	43
2012	04	11	CR	HN	1	1	F		-4	1673	1649	0	0	43	51
2012	05	25	CR	GT	3	2	F		4	1677	1513	0	0	43	83
2012	06	01	GT	CR	1	0	F		12	1525	1665	+2	−2	81	45
2012	06	08	CR	SV	2	2	WQ		-11	1654	1572	−2	+4	47	67
2012	06	12	GY	CR	0	4	WQ		-19	1342	1673	−4	+1	120	45
2012	08	15	CR	PE	0	1	F		-12	1661	1706	−1	−1	45	37
2012	09	07	CR	MX	0	2	WQ		-20	1641	1904	−4	+1	49	10
2012	09	11	MX	CR	1	0	WQ		4	1908	1637	+1	0	9	49
2012	10	12	SV	CR	0	1	WQ		-21	1539	1658	−8	+3	78	46
2012	10	16	CR	GY	7	0	WQ		7	1665	1328	+1	−4	45	128
2012	11	14	BO	CR	1	1	F		-2	1627	1667	−1	0	54	45
2013	01	18	CR	BZ	1	0	NQC		1	1668	1133	0	−1	44	173
2013	01	20	CR	NI	2	0	NQC		2	1670	1137	0	−1	44	173
2013	01	22	CR	GT	1	1	NQC		-13	1657	1514	−1	+4	45	82
2013	01	25	CR	SV	1	0	CCC		9	1666	1542	+1	−1	44	74
2013	01	27	CR	HN	1	0	CCC		15	1681	1660	+2	−2	42	45
2013	02	06	PA	CR	2	2	WQ		-7	1693	1688	+1	+1	38	41
2013	03	22	US	CR	1	0	WQ		12	1755	1676	+2	−3	28	43
2013	03	26	CR	JM	2	0	WQ		14	1690	1563	+2	−2	41	68
2013	05	28	CA	CR	0	1	F		-9	1563	1699	−1	+2	67	39
2013	06	07	CR	HN	1	0	WQ		12	1711	1639	+5	−3	35	51
2013	06	11	MX	CR	0	0	WQ		-13	1862	1724	−1	+3	12	32
2013	06	18	CR	PA	2	0	WQ		19	1743	1670	+1	−2	31	44
2013	07	09	CR	CU	3	0	CCH	US	13	1756	1419	+1	−2	29	104
2013	07	13	CR	BZ	1	0	CCH	US	2	1758	1171	0	0	29	164
2013	07	16	US	CR	1	0	CCH		15	1828	1743	+1	−1	19	30
2013	07	21	HN	CR	1	0	CCH	US	34	1648	1709	+5	−6	49	36
2013	08	14	DO	CR	0	4	F		-5	1260	1714	−1	+3	144	32
2013	09	06	CR	US	3	1	WQ		35	1749	1837	+5	−7	27	17
2013	09	10	JM	CR	1	1	WQ		6	1546	1743	+4	+1	73	26
2013	10	11	HN	CR	1	0	WQ		19	1686	1724	+6	−4	41	30
2013	10	15	CR	MX	2	1	WQ		18	1742	1763	+4	−1	27	24
2013	11	19	AU	CR	1	0	F		8	1728	1734	0	0	31	29
2014	01	22	CL	CR	4	0	F		6	1919	1728	+1	−1	9	30
2014	01	25	KR	CR	1	0	F	US	11	1697	1717	+1	−3	41	33
2014	03	05	CR	PY	2	1	F		7	1724	1694	+3	−3	30	41
2014	06	02	JP	CR	3	1	F	US	13	1782	1711	+1	−1	23	33
2014	06	06	CR	IE	1	1	F	US	0	1711	1694	+1	0	32	40
2014	06	14	CR	UY	3	1	WC	BR	69	1780	1849	+8	−5	25	15
2014	06	20	CR	IT	1	0	WC	BR	42	1822	1879	+3	−3	21	11
2014	06	24	CR	EN	0	0	WC	BR	4	1826	1859	+1	+1	18	14
2014	06	29	CR	GR	1	1	WC	BR	-1	1825	1813	0	0	19	20
2014	07	05	CR	NL	0	0	WC	BR	21	1846	2095	+4	0	15	3
2014	09	03	CR	NI	3	0	NQC	US	1	1847	1115	0	0	15	174
2014	09	07	CR	PA	2	2	NQC	US	-8	1839	1698	−3	+1	18	36
2014	09	13	CR	GT	2	1	CCC	US	6	1845	1541	0	−1	16	75
2014	10	10	OM	CR	3	4	F		-5	1568	1850	−2	+1	66	15
2014	10	14	KR	CR	1	3	F		-10	1628	1860	−1	0	53	15
2014	11	13	UY	CR	3	3	ANT		-6	1892	1866	−1	0	13	15
2015	03	26	CR	PY	0	0	F		-7	1859	1691	0	+1	15	41
2015	03	31	PA	CR	2	1	F		11	1724	1848	+3	0	36	15
2015	06	06	CO	CR	1	0	F	AR	5	2028	1843	0	0	4	15
2015	06	11	ES	CR	2	1	F		5	1957	1838	0	0	6	16
2015	06	27	CR	MX	2	2	F	US	0	1838	1850	0	0	16	15
2015	07	08	CR	JM	2	2	CCH	US	-18	1820	1537	−1	+4	17	72
2015	07	11	CR	SV	1	1	CCH	US	-18	1802	1511	−4	+6	21	80
2015	07	14	CA	CR	0	0	CCH		13	1513	1789	+6	−1	78	22
2015	07	19	MX	CR	1	0	CCH	US	23	1837	1766	+2	−2	15	24
2015	09	05	BR	CR	1	0	F	US	4	2036	1762	0	0	3	24
2015	09	08	CR	UY	1	0	F		11	1773	1872	+2	−1	22	13
2015	10	08	CR	ZA	0	1	F		-18	1755	1537	−4	+5	26	73
2015	10	13	US	CR	0	1	F		-13	1759	1768	−2	+2	26	24
2015	11	13	CR	HT	1	0	WQ		4	1772	1497	−1	0	25	86
2015	11	17	PA	CR	1	2	WQ		-22	1682	1794	−3	+4	42	21
2015	12	15	CR	NI	1	0	F		0	1794	1248	0	0	21	144
2016	02	02	VE	CR	1	0	F		13	1613	1781	+4	−2	54	23
2016	03	25	JM	CR	1	1	WQ		5	1588	1776	+1	−2	61	24
2016	03	29	CR	JM	3	0	WQ		11	1787	1577	+3	−3	21	64
2016	05	27	CR	VE	2	1	F		3	1790	1613	0	−4	21	56
2016	06	04	CR	PY	0	0	CA	US	-3	1787	1749	+1	0	19	32
2016	06	07	US	CR	4	0	CA		41	1769	1746	+12	−13	23	33
2016	06	11	CR	CO	3	2	CA	US	41	1787	1973	+12	−3	21	7
2016	09	02	HT	CR	0	1	WQ		-9	1467	1796	−1	0	91	22
2016	09	06	CR	PA	3	1	WQ		13	1809	1664	+2	−1	20	47
2016	10	09	RU	CR	3	4	F		-10	1694	1819	−1	+1	42	19
2016	11	11	TT	CR	0	2	WQ		-15	1511	1834	−4	0	79	20
2016	11	15	CR	US	4	0	WQ		20	1854	1735	+3	−5	17	33
2017	01	13	CR	SV	0	0	NQC	PA	-17	1837	1417	−2	+5	19	105
2017	01	15	CR	BZ	3	0	NQC	PA	2	1839	1199	0	0	19	165
2017	01	17	CR	NI	0	0	NQC	PA	-19	1820	1271	−1	+4	20	143
2017	01	20	CR	HN	1	1	NQC	PA	-11	1809	1622	0	+2	20	55
2017	01	22	PA	CR	1	0	NQC		24	1670	1785	+7	−2	45	22
2017	03	24	MX	CR	2	0	WQ		12	1929	1773	+2	−2	9	23
2017	03	28	HN	CR	1	1	WQ		5	1597	1768	0	−3	62	26
2017	06	08	CR	PA	0	0	WQ		-11	1757	1654	−4	+1	30	52
2017	06	13	CR	TT	2	1	WQ		3	1760	1440	+1	−1	29	96
2017	07	07	CR	HN	1	0	CCH	US	14	1774	1582	+4	−2	25	64
2017	07	11	CA	CR	1	1	CCH	US	15	1549	1759	+3	−3	71	28
2017	07	14	CR	GF	3	0	CCH	US	9	1768	1375	+2	−6	26	117
2017	07	19	CR	PA	1	0	CCH	US	19	1787	1665	+2	−5	24	48
2017	07	22	US	CR	2	0	CCH		29	1797	1758	+5	−5	22	29
2017	09	01	US	CR	0	2	WQ		-42	1762	1800	−12	+10	31	20
2017	09	05	CR	MX	1	1	WQ		-3	1797	1856	0	−1	20	15
2017	10	07	CR	HN	1	1	WQ		-14	1783	1597	−1	+3	24	62
2017	10	10	PA	CR	2	1	WQ		22	1669	1761	+1	−3	47	26
2017	11	11	ES	CR	5	0	F		4	2037	1757	0	0	3	26
2017	11	14	HU	CR	1	0	F		12	1611	1745	+5	−4	58	30
2018	03	23	SQ	CR	0	1	F		-12	1707	1757	−3	+5	40	26
2018	03	27	TN	CR	1	0	F	FR	13	1644	1744	+1	−3	51	29
2018	06	03	CR	EI	3	0	F		10	1754	1676	+3	−1	27	45
2018	06	07	EN	CR	2	0	F		5	1947	1749	0	−2	7	28
2018	06	11	BE	CR	4	1	F		6	1935	1743	0	−4	8	32
2018	06	17	RS	CR	1	0	WC	RU	26	1814	1717	+1	−7	21	38
2018	06	22	BR	CR	2	0	WC	RU	8	2130	1709	0	−2	1	42
2018	06	27	CR	CH	2	2	WC	RU	17	1726	1913	+3	−2	37	12
2018	09	07	KR	CR	2	0	F		10	1766	1716	+3	−1	26	36
2018	09	11	JP	CR	3	0	F		13	1711	1703	+2	−5	41	43
2018	10	11	MX	CR	3	2	F		5	1812	1698	0	+1	20	42
2018	10	16	CO	CR	3	1	F	US	6	1960	1692	0	0	6	43
2018	11	16	CL	CR	2	3	F		-17	1847	1709	0	0	17	42
2018	11	20	PE	CR	2	3	F		-16	1855	1725	0	+3	16	39
2019	02	02	US	CR	2	0	F		10	1758	1715	+5	−2	30	41
2019	03	22	GT	CR	1	0	F		14	1492	1701	+2	−3	84	43
2019	03	26	CR	JM	1	0	F		4	1705	1535	+2	−1	41	71
2019	06	05	PE	CR	1	0	F		4	1838	1701	+1	−1	16	42
2019	06	16	CR	NI	4	0	CCH		5	1706	1292	+1	−1	41	139
2019	06	20	CR	BM	2	1	CCH	US	3	1709	1219	0	0	41	155
2019	06	24	HT	CR	2	1	CCH	US	37	1572	1672	+8	−7	64	48
2019	06	29	CR	MX	1	1	CCH	US	12	1684	1845	+4	0	44	17
2019	09	06	CR	UY	1	2	F		-5	1679	1961	−2	+1	48	8
2019	10	10	CR	HT	1	1	CLA	BS	-7	1672	1556	−1	0	47	67
2019	10	13	CR	CW	0	0	CLA		-16	1656	1425	−1	+3	47	99
2019	11	14	CW	CR	1	2	CLA		-13	1412	1669	−5	+2	104	46
2019	11	17	CR	HT	1	1	CLA		-11	1658	1557	−2	+2	48	67
2020	02	01	US	CR	1	0	F		6	1726	1652	+2	0	37	48
2020	10	10	CR	PA	0	1	F		-16	1636	1533	−3	+3	51	74
2020	10	13	CR	PA	0	1	F		-15	1621	1548	−5	+3	55	71
2020	11	13	CR	QA	1	1	F	AT	1	1622	1645	+1	0	53	48
2021	03	27	BA	CR	0	0	F		-3	1640	1625	+1	+1	48	54
2021	03	30	MX	CR	1	0	F	AT	3	1921	1622	0	+1	13	52
2021	06	03	CR	MX	0	0	CNL	US	14	1636	1910	+4	−1	48	14
2021	06	06	CR	HN	2	2	CNL	US	-2	1634	1599	0	+1	49	61
2021	06	09	US	CR	4	0	F		7	1797	1627	+4	−4	22	53
2021	07	12	CR	GP	3	1	CCH	US	7	1634	1238	+3	0	49	148
2021	07	16	CR	SR	2	1	CCH	US	7	1641	1315	+1	−2	48	131
2021	07	20	CR	JM	1	0	CCH	US	22	1663	1578	+3	−4	45	64
2021	07	25	CA	CR	2	0	CCH	US	33	1737	1630	+4	−4	37	49
2021	08	21	CR	SV	0	0	F	US	-3	1627	1537	−3	0	52	74
2021	09	02	PA	CR	0	0	WQ		-1	1542	1628	−1	−1	74	52
2021	09	05	CR	MX	0	1	WQ		-11	1617	1905	−1	0	54	15
2021	09	08	CR	JM	1	1	WQ		-10	1607	1532	−3	+2	57	75
2021	10	07	HN	CR	0	0	WQ		-4	1573	1611	0	+3	63	54
2021	10	10	CR	SV	2	1	WQ		11	1622	1522	+1	−2	55	76
2021	10	13	US	CR	2	1	WQ		6	1841	1616	0	0	18	56
2021	11	12	CA	CR	1	0	WQ		8	1764	1608	+2	−3	30	60
2021	11	16	CR	HN	2	1	WQ		9	1617	1495	+3	−2	58	83
2022	01	27	CR	PA	1	0	WQ		15	1632	1619	+6	−5	54	58
2022	01	30	MX	CR	0	0	WQ		-15	1836	1647	−1	+1	20	53
2022	02	02	JM	CR	0	1	WQ		-21	1538	1668	−4	+5	70	48
2022	03	24	CR	CA	1	0	WQ		24	1692	1817	+6	−5	42	26
2022	03	27	SV	CR	1	2	WQ		-16	1509	1708	−2	+2	79	42
2022	03	30	CR	US	2	0	WQ		34	1742	1820	+7	−7	33	23
2022	06	02	PA	CR	2	0	CLA		32	1646	1710	+6	−6	53	39
2022	06	05	CR	MQ	2	0	CLA		5	1715	1391	0	0	39	102
2022	06	14	CR	NZ	1	0	WQ	QA	11	1726	1543	+3	−5	37	73
2022	09	23	KR	CR	2	2	F		-4	1779	1730	−2	+1	29	37
2022	09	27	CR	UZ	2	1	F	KR	6	1736	1568	+1	−1	35	66
2022	11	09	CR	NG	2	0	F		7	1743	1630	+1	−1	34	56
2022	11	23	ES	CR	7	0	WC	QA	20	2068	1723	+1	−2	3	38
2022	11	27	CR	JP	1	0	WC	QA	39	1762	1793	+10	−6	29	26
2022	12	01	DE	CR	4	2	WC	QA	25	1955	1737	+2	−7	9	37
2023	03	25	MQ	CR	1	2	CLA		-8	1393	1745	0	+2	104	35
2023	03	28	CR	PA	0	1	CLA		-31	1714	1671	−4	+2	40	51
2023	06	15	GT	CR	1	0	F	US	16	1478	1698	+6	−3	82	43
2023	06	20	EC	CR	3	1	F	US	9	1853	1689	+3	−2	16	45
2023	06	26	PA	CR	2	1	CCH	US	29	1663	1660	+6	−3	46	48
2023	06	30	CR	SV	0	0	CCH	US	-14	1646	1460	−3	+5	51	89
2023	07	04	CR	MQ	6	4	CCH	US	17	1663	1420	+5	−4	46	100
2023	07	08	MX	CR	2	0	CCH	US	26	1802	1637	+3	−5	25	51
2023	09	08	CR	SA	3	1	F	EN	12	1649	1562	+1	0	50	67
2023	09	12	AE	CR	4	1	F	HR	26	1480	1623	+4	−5	86	54
2023	11	16	CR	PA	0	3	CLA		-35	1588	1754	−6	+7	63	31
2023	11	20	PA	CR	3	1	CLA		11	1765	1577	+4	−3	29	64
2024	02	02	CR	SV	2	0	F		5	1582	1403	0	0	62	104
2024	03	23	CR	HN	3	1	CAQ	US	24	1606	1490	+2	−9	62	85
2024	03	26	AR	CR	3	1	F	US	1	2140	1605	0	0	1	62
2024	05	31	CR	UY	0	0	F		7	1612	1981	+2	−1	60	9
2024	06	06	CR	KN	4	0	WQ		2	1614	1077	+3	−1	59	177
2024	06	09	GD	CR	0	3	WQ		-6	1082	1620	−2	+1	175	59
2024	06	24	BR	CR	0	0	CA	US	-21	2006	1641	−1	+8	6	51
2024	06	28	CO	CR	3	0	CA	US	9	2030	1632	0	−3	4	54
2024	07	02	CR	PY	2	1	CA	US	29	1661	1662	+3	−6	51	50
2024	09	05	CR	GP	3	0	CLA		5	1666	1321	+1	−4	50	133
2024	09	09	GT	CR	0	0	CLA		4	1503	1662	+1	0	82	51
2024	10	11	SR	CR	1	1	CLA		11	1348	1651	+7	+1	120	53
2024	10	15	CR	GT	3	0	CLA		15	1666	1506	+2	−1	52	80
2024	11	14	CR	PA	0	1	CNL		-23	1643	1736	−2	+6	54	36
2024	11	18	PA	CR	2	2	CNL		-10	1726	1653	−3	+2	40	52
2025	01	22	US	CR	3	0	F		8	1776	1645	+5	0	28	52
2025	03	21	BZ	CR	0	7	CCQ		-6	1090	1651	0	0	175	51
2025	03	25	CR	BZ	6	1	CCQ		2	1653	1088	0	0	51	175
2025	06	07	CR	BS	8	0	WQ	BB	1	1654	782	0	0	52	210
2025	06	10	CR	TT	2	1	WQ		5	1659	1396	0	−3	52	103
2025	06	15	CR	SR	4	3	CCH	US	10	1669	1400	+3	−3	49	101
2025	06	18	CR	DO	2	1	CCH	US	5	1674	1281	0	−2	49	144
2025	06	22	CR	MX	0	0	CCH	US	10	1684	1811	+2	−1	47	25
2025	06	29	US	CR	2	2	CCH		-9	1712	1693	−1	+1	41	46
2025	09	05	NI	CR	1	1	WQ		13	1338	1680	+4	−2	125	49
2025	09	09	CR	HT	3	3	WQ		-14	1666	1488	−2	+2	50	83
2025	10	09	HN	CR	0	0	WQ		-1	1584	1667	0	0	64	50
2025	10	13	CR	NI	4	1	WQ		5	1672	1297	+1	−2	51	139
2025	11	13	HT	CR	1	0	WQ	CW	29	1527	1643	+6	−3	77	55
2025	11	18	CR	HN	0	0	WQ		-10	1633	1567	−2	+2	56	70
2026	03	27	CR	JO	2	2	NSM	TR	2	1635	1687	+1	0	59	50
2026	03	31	CR	IR	0	5	NSM	TR	-21	1614	1760	−2	+4	61	31
2026	06	01	CO	CR	3	1	F		2	1977	1612	0	−1	7	62
2026	06	10	EN	CR	3	0	F	US	3	2024	1609	0	0	4	62