1908	10	22	DK	FR	17	1	OG	EN	18	2018	1573	−	−1	2	14
1908	10	24	EN	DK	2	0	OG		21	2146	1997	0	−1	1	3
1910	05	05	DK	EN	2	1	F		11	2008	2123	0	0	3	1
1911	10	21	EN	DK	3	0	F		7	2147	2001	0	0	1	2
1912	06	30	DK	NO	7	0	OG	SE	4	2005	1368	0	−1	2	24
1912	07	02	DK	NL	4	1	OG	SE	52	2057	1952	0	0	2	3
1912	07	04	EN	DK	4	2	OG	SE	29	2212	2028	0	0	1	2
1912	10	06	DK	DE	3	1	F		2	2030	1694	0	0	2	12
1913	05	25	DK	SE	8	0	F		3	2033	1657	0	0	2	13
1913	10	05	SE	DK	0	10	F		-9	1653	2042	0	0	13	2
1913	10	26	DE	DK	1	4	F		-6	1663	2048	0	0	12	2
1914	05	17	DK	NL	4	3	F		5	2053	1956	0	0	2	4
1914	06	05	DK	EN	3	0	F		14	2067	2062	+1	−1	1	2
1915	06	06	DK	SE	2	0	F		1	2068	1644	0	0	2	14
1915	09	19	DK	NO	8	1	F		0	2068	1381	0	0	2	26
1915	10	31	SE	DK	0	2	F		-4	1640	2072	0	0	14	2
1916	06	04	DK	SE	2	0	F		1	2073	1639	+1	0	1	14
1916	06	25	NO	DK	0	2	F		-1	1376	2074	0	0	27	1
1916	10	08	SE	DK	4	0	F		33	1662	2041	+2	−1	14	2
1916	10	15	DK	NO	8	0	F		1	2042	1380	0	0	2	27
1917	06	03	DK	SE	1	1	F		-9	2033	1671	0	0	2	14
1917	06	17	NO	DK	1	2	F		-1	1379	2034	0	0	27	2
1917	10	07	DK	NO	12	0	F		1	2035	1378	0	−1	2	28
1917	10	14	SE	DK	1	2	F		-4	1667	2039	0	0	14	2
1918	06	02	DK	SE	3	0	F		2	2041	1668	0	0	2	14
1918	06	16	NO	DK	3	1	F		29	1404	2012	+2	0	26	2
1918	10	06	DK	NO	4	0	F		1	2013	1417	0	0	2	26
1918	10	20	SE	DK	1	2	F		-4	1650	2017	0	0	15	2
1919	06	05	DK	SE	3	0	F		2	2019	1654	0	0	2	16
1919	06	12	DK	NO	5	1	F		1	2020	1416	0	0	2	27
1919	09	21	NO	DK	3	2	F		19	1490	2001	0	−1	26	3
1919	10	12	SE	DK	3	0	F		29	1662	1972	+1	−2	15	4
1920	04	05	NL	DK	2	0	F		13	1937	1959	+1	0	5	4
1920	06	13	NO	DK	1	1	F		8	1498	1951	0	0	26	4
1920	08	28	ES	DK	1	0	OG	BE	26	2026	1925	−	−1	1	5
1920	10	10	SE	DK	0	2	F		-8	1648	1933	0	+2	18	5
1921	06	12	DK	NL	1	1	F		-5	1928	1853	−1	0	5	10
1921	10	02	DK	NO	3	1	F		2	1930	1580	0	−1	5	25
1921	10	09	SE	DK	0	0	F		6	1585	1924	+2	−1	24	6
1922	04	15	BE	DK	0	0	F		-2	1885	1926	0	0	8	6
1922	04	17	NL	DK	2	0	F		14	1860	1912	0	0	10	6
1922	06	11	DK	CS	0	3	F		-24	1888	1905	−2	+3	8	6
1922	09	10	NO	DK	3	3	F		4	1634	1884	0	0	23	8
1922	10	01	DK	SE	1	2	F		-18	1866	1643	−1	0	9	23
1923	05	06	CS	DK	2	0	F		10	1907	1856	+2	0	6	10
1923	06	17	DK	CH	3	2	F		2	1858	1600	0	0	10	28
1923	09	30	DK	NO	2	1	F		2	1860	1601	0	−1	10	27
1923	10	14	SE	DK	1	3	F		-12	1666	1872	−1	0	22	10
1924	04	21	CH	DK	2	0	F		22	1632	1850	+1	−2	25	10
1924	06	15	DK	SE	2	3	NRD		-20	1830	1857	−3	+3	11	7
1924	09	14	NO	DK	1	3	NRD		-14	1570	1844	−2	+1	31	10
1924	10	05	DK	BE	2	1	F		6	1850	1780	+1	−2	9	15
1925	06	14	SE	DK	0	2	NRD		-31	1863	1881	−3	+4	9	6
1925	06	21	DK	NO	5	1	NRD		5	1886	1567	0	−3	6	33
1925	09	27	DK	FI	3	3	F		-9	1877	1530	0	+1	6	37
1925	10	25	NL	DK	4	2	F		14	1825	1863	0	−3	13	10
1926	06	13	DK	NL	4	1	F		10	1873	1782	+2	0	8	13
1926	06	20	FI	DK	3	2	F		16	1525	1857	0	−2	39	10
1926	09	19	NO	DK	2	2	NRD		7	1578	1850	+1	−1	32	10
1926	10	03	DK	SE	2	0	NRD		16	1866	1837	+1	−1	9	10
1927	05	29	NO	DK	0	1	F		-5	1560	1871	0	0	37	9
1927	06	12	DK	NL	1	1	F		-6	1865	1761	0	0	9	15
1927	06	19	SE	DK	0	0	NRD		-2	1813	1867	0	0	12	9
1927	10	02	DK	DE	3	1	F		6	1873	1721	+1	0	8	16
1927	10	30	DK	NO	3	1	NRD		4	1877	1544	0	−1	8	38
1928	04	22	NL	DK	2	0	F		16	1768	1861	0	−1	16	8
1928	06	17	NO	DK	2	3	NRD		-7	1555	1868	−2	0	38	9
1928	09	16	DE	DK	2	1	F		10	1776	1858	+1	0	15	9
1928	10	07	DK	SE	3	1	NRD		15	1873	1814	0	−1	9	12
1929	06	16	SE	DK	3	2	NRD		13	1838	1860	+1	0	11	10
1929	06	23	DK	NO	2	5	NRD		-48	1812	1604	−3	+6	13	29
1929	10	13	DK	FI	8	0	NRD		5	1817	1448	0	0	13	47
1930	06	16	FI	DK	1	6	NRD		-10	1428	1827	−1	+1	49	11
1930	06	22	DK	SE	6	1	NRD		20	1847	1789	+1	−1	10	14
1930	09	07	DK	DE	6	3	F		11	1858	1809	0	−1	10	13
1930	09	21	NO	DK	1	0	NRD		19	1673	1839	+2	−1	22	11
1931	05	25	DK	NO	3	1	NRD		8	1847	1671	+1	−1	10	24
1931	06	14	DK	NL	0	2	F		-26	1821	1633	−2	+3	12	27
1931	06	28	SE	DK	3	1	NRD		20	1778	1801	+1	0	14	12
1931	09	27	DE	DK	4	2	F		12	1786	1789	+1	0	13	12
1931	10	11	DK	FI	2	3	NRD		-28	1761	1457	−3	+3	15	48
1932	06	05	DK	BE	3	4	F		-16	1745	1620	−1	+1	16	29
1932	06	19	DK	SE	3	1	NRD		18	1763	1763	+3	0	13	13
1932	08	30	FI	DK	4	2	NRD		35	1485	1728	+3	−3	48	16
1932	09	25	NO	DK	1	2	NRD		-19	1707	1747	0	+1	17	15
1933	06	11	DK	NO	2	2	NRD		-6	1741	1713	0	0	16	18
1933	06	18	SE	DK	2	3	NRD		-17	1679	1758	−1	+3	22	13
1933	10	08	DK	FI	2	0	NRD		4	1762	1463	+1	−1	13	53
1933	11	26	BE	DK	2	2	F		2	1588	1760	+1	−1	37	15
1934	05	21	DK	PL	4	2	F		7	1767	1648	+1	−1	14	26
1934	06	17	DK	SE	3	5	NRD		-30	1737	1785	−3	+2	17	14
1934	07	03	FI	DK	2	1	NRD		22	1485	1715	+3	−2	50	19
1934	09	23	NO	DK	3	1	NRD		15	1742	1700	+1	0	17	19
1934	10	07	DK	DE	2	5	F		-14	1686	1878	0	0	19	9
1935	06	16	SE	DK	3	1	NRD		13	1757	1673	+1	−2	15	24
1935	06	23	DK	NO	1	0	NRD		14	1687	1728	+2	−2	22	19
1935	10	06	DK	FI	5	1	NRD		8	1695	1466	+1	−2	20	55
1935	11	03	NL	DK	3	0	F		13	1698	1682	+1	−2	20	22
1936	06	14	DK	SE	4	3	NRD		14	1696	1751	+1	−1	21	15
1936	06	30	FI	DK	1	4	NRD		-17	1449	1713	0	0	55	20
1936	09	20	NO	DK	3	3	NRD		-6	1745	1719	−2	0	16	21
1936	10	04	DK	PL	2	1	F		4	1723	1576	+1	0	20	39
1937	05	16	DE	DK	8	0	F		11	1838	1712	0	−1	12	21
1937	06	13	DK	NO	5	1	NRD		21	1733	1704	+3	−2	18	21
1937	09	12	PL	DK	3	1	F		18	1591	1715	+4	−2	37	20
1937	10	03	SE	DK	1	2	NRD		-18	1664	1733	−1	+3	23	17
1937	10	17	DK	FI	2	1	NRD		2	1735	1371	0	0	18	63
1938	06	21	DK	SE	0	1	NRD		-22	1713	1685	−3	+3	20	24
1938	08	31	FI	DK	2	1	NRD		24	1395	1689	+3	−2	60	22
1938	09	18	NO	DK	1	1	NRD		-6	1728	1695	0	+2	17	20
1938	10	23	DK	NL	2	2	F		-3	1692	1679	−1	0	22	24
1939	06	15	DK	FI	5	0	FT		5	1697	1387	+1	−1	21	61
1939	06	18	DK	NO	6	3	FT		22	1719	1720	+2	−1	19	18
1939	06	25	DK	DE	0	2	F		-17	1702	1801	−3	0	20	14
1939	09	17	DK	FI	8	1	NRD		6	1708	1381	+2	−2	20	64
1939	10	01	SE	DK	4	1	NRD		21	1701	1687	+8	−6	21	26
1939	10	22	DK	NO	4	1	NRD		19	1706	1665	+6	−1	20	29
1940	10	06	SE	DK	1	1	F		-3	1705	1709	−2	+2	23	20
1940	10	20	DK	SE	3	3	F		-3	1706	1708	−2	+2	22	21
1940	11	17	DE	DK	1	0	F		5	1816	1701	0	−1	15	23
1941	09	14	SE	DK	2	2	F		-3	1705	1704	−1	+1	21	22
1941	10	19	DK	SE	2	1	F		8	1712	1715	+3	0	18	17
1941	11	16	DE	DK	1	1	F		-6	1841	1718	0	+1	13	17
1942	06	28	DK	SE	0	3	F		-23	1695	1738	−4	+2	22	17
1942	10	04	SE	DK	2	1	F		6	1760	1689	0	−1	17	24
1943	06	20	DK	SE	3	2	F		9	1698	1747	+1	0	23	16
1945	06	24	SE	DK	2	1	F		6	1770	1692	0	−2	14	24
1945	07	01	DK	SE	3	4	F		-11	1681	1781	−2	0	26	14
1945	08	26	DK	NO	4	2	F		10	1691	1655	+2	−4	24	33
1945	09	09	NO	DK	1	5	F		-22	1633	1713	−3	+7	36	17
1945	09	30	SE	DK	4	1	F		9	1797	1704	+1	−4	14	21
1946	06	16	NO	DK	2	1	F		9	1633	1695	+1	−1	37	23
1946	06	23	DK	SE	3	1	F		15	1710	1778	+5	−2	18	16
1946	07	08	DK	NO	2	0	F		8	1718	1631	+1	0	17	37
1946	07	17	IS	DK	0	3	F		-5	1308	1723	0	0	74	17
1946	09	01	FI	DK	2	5	F		-6	1332	1729	−1	0	73	17
1946	10	06	SE	DK	3	3	F		-5	1806	1734	0	0	13	17
1946	10	20	DK	NO	7	1	F		9	1743	1593	0	−1	17	43
1947	06	15	DK	SE	1	4	NRD		-29	1714	1835	−2	+4	19	10
1947	06	20	DK	CS	2	2	F		0	1714	1813	0	0	19	14
1947	06	26	SE	DK	6	1	FT		13	1848	1701	+1	−3	9	22
1947	09	21	NO	DK	3	5	NRD		-22	1578	1723	0	+4	41	19
1947	10	05	DK	FI	4	1	NRD		3	1726	1310	0	0	20	80
1948	06	12	DK	NO	1	2	NRD		-25	1701	1588	−5	+3	25	41
1948	06	15	FI	DK	0	3	NRD		-8	1302	1709	−1	+3	84	22
1948	06	26	DK	PL	8	0	F		11	1720	1590	+1	−1	21	40
1948	07	31	DK	EG	3	1	OG	EN	36	1756	1610	+4	−3	17	36
1948	08	05	DK	IT	5	3	OG	EN	76	1832	1971	+5	0	12	3
1948	08	10	SE	DK	4	2	OG	EN	29	1991	1803	+1	−2	3	14
1948	09	26	DK	EN	0	0	F		4	1807	2050	0	0	14	2
1948	10	10	SE	DK	1	0	NRD		5	2008	1802	0	0	3	14
1949	06	12	DK	NL	1	2	F		-15	1787	1724	−3	+3	14	22
1949	06	19	PL	DK	1	2	F		-6	1544	1793	−1	+2	50	12
1949	08	07	DK	IS	5	1	F		1	1794	1311	0	0	12	83
1949	09	11	DK	FI	0	2	NRD		-44	1750	1340	−3	+8	15	81
1949	09	11	NO	DK	0	2	NRD		-18	1565	1768	−4	−3	44	15
1949	10	23	DK	SE	3	2	NRD		20	1788	1973	0	−1	14	5
1949	12	11	NL	DK	0	1	F		-11	1703	1799	−2	0	26	13
1950	05	28	YU	DK	5	1	F		13	1812	1786	0	−1	13	14
1950	06	22	DK	NO	4	0	NRD		8	1794	1571	0	0	14	43
1950	06	25	DK	NO	1	4	F		-30	1764	1601	−1	+6	15	37
1950	08	27	FI	DK	1	2	NRD		-5	1373	1769	0	0	75	15
1950	09	10	DK	YU	1	4	F		-17	1752	1898	−1	0	16	9
1950	10	15	SE	DK	4	0	NRD		9	1955	1743	+1	−1	5	17
1950	11	05	AT	DK	5	1	F		8	1872	1735	+2	−1	10	18
1951	05	12	SQ	DK	3	1	F		3	1997	1732	0	−1	3	20
1951	06	17	DK	AT	3	3	F		2	1734	1905	+1	+1	19	8
1951	09	16	NO	DK	2	0	NRD		26	1611	1708	+3	−6	38	24
1951	09	30	DK	FI	1	0	NRD		2	1710	1383	+2	0	22	76
1951	10	21	DK	SE	3	1	NRD		27	1737	1853	+5	−2	18	12
1952	05	25	DK	SQ	1	2	F		-7	1730	1950	−1	+1	21	4
1952	06	11	SE	DK	2	0	FT	NO	14	1879	1716	+1	−1	10	23
1952	06	22	SE	DK	4	3	NRD		7	1844	1709	0	−1	13	24
1952	07	15	DK	GR	2	1	OG	FI	12	1721	1447	+2	−1	22	65
1952	07	21	DK	PL	2	0	OG	FI	25	1746	1530	+3	−2	19	51
1952	07	25	YU	DK	5	3	OG	FI	24	1949	1722	+1	−3	5	22
1952	09	21	DK	NL	3	2	F		4	1726	1594	0	−2	21	40
1952	10	05	FI	DK	2	1	NRD		23	1454	1703	+6	−4	65	25
1952	10	19	DK	NO	1	3	NRD		-35	1668	1625	−2	+8	27	34
1953	03	07	NL	DK	1	2	F		-11	1578	1679	−1	+1	43	26
1953	06	21	DK	SE	1	3	NRD		-19	1660	1851	−1	+1	27	12
1953	06	27	CH	DK	1	4	F		-24	1675	1684	−2	+2	27	25
1953	08	09	DK	IS	4	0	F		3	1687	1324	0	−1	25	89
1953	09	13	NO	DK	0	1	NRD		-17	1616	1704	−3	0	38	25
1953	10	04	DK	FI	6	1	NRD		7	1711	1435	+1	−1	24	75
1954	06	04	NO	DK	2	1	FT	SE	18	1649	1693	+4	−3	33	26
1954	06	13	FI	DK	2	2	NRD		7	1436	1686	+1	0	79	26
1954	09	19	DK	CH	1	1	F		-2	1684	1728	0	−1	26	20
1954	10	10	SE	DK	5	2	NRD		12	1814	1672	+1	0	12	26
1954	10	31	DK	NO	0	1	NRD		-21	1651	1655	−4	+9	30	29
1955	03	13	NL	DK	1	1	F		0	1552	1651	0	0	52	31
1955	05	15	DK	HU	0	6	F		-3	1648	2197	−4	0	34	1
1955	06	19	DK	FI	2	1	NRD		4	1652	1412	+2	−1	32	82
1955	07	03	IS	DK	0	4	F		-8	1328	1660	−1	0	93	32
1955	09	11	NO	DK	1	1	NRD		-3	1625	1663	0	+2	38	31
1955	10	02	DK	EN	1	5	F		-9	1654	1984	−3	0	33	5
1955	10	16	DK	SE	3	3	NRD		1	1655	1774	0	0	33	16
1956	05	23	SU	DK	5	1	F		9	1761	1646	+2	−2	17	37
1956	06	24	DK	NO	2	3	NRD		-21	1625	1628	−5	+5	41	39
1956	07	01	DK	SU	2	5	F		-16	1609	1777	−3	+1	43	16
1956	09	16	FI	DK	0	4	NRD		-19	1370	1628	−2	0	90	42
1956	10	03	IE	DK	2	1	WQ		12	1695	1616	+1	−1	28	43
1956	10	21	SE	DK	1	1	NRD		-10	1775	1626	−1	+1	17	43
1956	11	04	DK	NL	2	2	F		-2	1624	1658	0	0	42	35
1956	12	05	EN	DK	5	2	WQ		4	2004	1620	0	0	4	41
1957	05	15	DK	EN	1	4	WQ		-11	1609	2029	−3	0	45	3
1957	05	26	DK	BG	1	1	F		-2	1607	1641	−1	+1	45	38
1957	06	18	FI	DK	2	0	FT		31	1394	1576	+5	−2	88	48
1957	06	19	DK	NO	2	0	FT	FI	26	1602	1611	+2	−3	46	44
1957	06	30	DK	SE	1	2	NRD		-12	1590	1792	−1	0	47	17
1957	07	10	IS	DK	2	6	FT		-15	1299	1605	−2	+1	103	46
1957	07	12	NO	DK	3	1	FT	IS	21	1646	1584	+4	−1	38	47
1957	09	22	NO	DK	2	2	NRD		-7	1653	1591	−1	0	37	47
1957	10	02	DK	IE	0	2	WQ		-27	1564	1749	−3	+4	50	18
1957	10	13	DK	FI	3	0	NRD		7	1571	1327	+1	−2	50	99
1958	05	16	DK	CW	3	2	F		6	1577	1498	+2	−1	50	66
1958	05	25	DK	PL	3	2	F		8	1585	1596	+1	−1	49	48
1958	06	29	DK	NO	1	2	NRD		-18	1567	1626	−3	+4	52	40
1958	09	14	FI	DK	1	4	NRD		-15	1295	1582	−4	+3	105	49
1958	09	24	DK	WG	1	1	F		5	1587	1878	+1	0	48	11
1958	10	15	NL	DK	5	1	F		9	1695	1578	+1	−1	32	50
1958	10	26	SE	DK	4	4	NRD		-13	1903	1591	−2	+3	9	47
1959	06	21	DK	SE	0	6	NRD		-14	1577	1921	−4	+1	50	7
1959	06	26	IS	DK	2	4	OQ		-15	1267	1592	−3	+4	114	46
1959	07	02	DK	NO	2	1	OQ		15	1607	1584	+3	−4	43	49
1959	08	18	DK	IS	1	1	OQ		-17	1590	1315	−3	+3	46	104
1959	09	13	NO	DK	2	4	ON		-36	1522	1626	−9	+5	62	41
1959	09	23	DK	CS	2	2	EQ		7	1633	1838	0	0	41	12
1959	10	04	DK	FI	4	0	NRD		4	1637	1292	+1	−1	40	110
1959	10	18	CS	DK	5	1	EQ		11	1849	1626	0	−1	13	41
1959	12	02	GR	DK	1	3	F		-14	1483	1640	−3	+1	71	40
1959	12	06	BG	DK	2	1	F		6	1703	1634	+1	0	32	40
1960	05	26	DK	NO	3	0	NRD		11	1645	1497	+1	−6	40	69
1960	07	03	DK	GR	7	2	F		7	1652	1469	+3	0	37	76
1960	07	27	DK	HU	1	0	F		16	1668	1973	+1	0	36	4
1960	08	10	DK	FI	2	1	NRD		2	1670	1266	+1	−1	36	116
1960	08	29	DK	PL	2	1	OG	IT	31	1701	1652	+6	−3	31	38
1960	09	01	DK	TN	3	1	OG	IT	26	1727	1519	+5	−7	26	60
1960	09	10	YU	DK	3	1	OG	IT	22	1946	1705	+2	−3	6	29
1960	10	23	SE	DK	2	0	NRD		7	1905	1698	0	−3	10	31
1961	05	28	DK	DD	1	1	F		-7	1691	1534	−2	+1	32	61
1961	06	18	DK	SE	1	2	NRD		-10	1681	1923	0	0	32	10
1961	09	17	NO	DK	0	4	NRD		-20	1461	1701	−2	+4	76	30
1961	09	20	WG	DK	5	1	F		7	1874	1694	0	−3	12	33
1961	10	15	DK	FI	9	1	NRD		4	1698	1279	+2	0	28	115
1961	11	05	PL	DK	5	0	F		16	1684	1682	+4	−5	32	33
1962	05	23	DD	DK	4	1	F		21	1528	1661	+6	−6	61	37
1962	06	11	DK	NO	6	1	NRD		10	1671	1461	+5	−2	31	78
1962	06	28	DK	MT	6	1	EQ		10	1681	1423	+1	−2	30	87
1962	09	11	DK	AN	3	1	F		6	1687	1537	+2	−3	29	61
1962	09	16	FI	DK	1	6	NRD		-8	1262	1695	−1	+1	120	28
1962	09	26	DK	NL	4	1	F		12	1707	1678	+3	−2	25	31
1962	10	28	SE	DK	4	2	NRD		8	1872	1699	+1	−2	11	26
1962	12	08	MT	DK	1	3	EQ		-15	1395	1714	−3	+3	95	24
1962	12	12	TR	DK	1	1	F		-3	1723	1717	0	0	23	24
1963	05	19	HU	DK	6	0	F		5	1986	1712	0	0	2	25
1963	06	03	DK	FI	1	1	NRD		-14	1698	1276	−6	+2	31	118
1963	06	23	DK	RO	2	3	OQ		-25	1673	1726	−3	+3	34	25
1963	06	29	DK	AL	4	0	EQ		15	1688	1511	+1	−2	33	67
1963	09	15	NO	DK	0	4	NRD		-21	1476	1709	−5	+6	75	26
1963	10	06	DK	SE	2	2	NRD		4	1713	1896	0	0	26	11
1963	10	30	AL	DK	1	0	EQ		26	1537	1687	+6	−7	61	33
1963	11	03	RO	DK	2	3	OQ		-28	1713	1715	−1	+8	26	25
1963	11	28	RO	DK	2	1	OQ	IT	20	1733	1695	+3	−6	25	33
1963	12	04	LU	DK	3	3	EQ		11	1380	1684	+2	0	101	33
1963	12	10	DK	LU	2	2	EQ		-16	1668	1396	0	+5	33	96
1963	12	18	DK	LU	1	0	EQ	NL	7	1675	1389	0	−2	32	98
1964	06	17	SU	DK	3	0	EC	ES	10	2033	1665	0	−1	1	34
1964	06	20	HU	DK	3	1	EC	ES	12	1971	1653	0	−3	3	37
1964	06	28	SE	DK	4	1	NRD		6	1902	1647	+2	−2	10	39
1964	09	06	FI	DK	2	1	NRD		22	1379	1625	+4	−2	103	41
1964	10	11	DK	NO	2	0	NRD		10	1635	1502	0	−1	41	72
1964	10	21	DK	WA	1	0	WQ		21	1656	1723	+4	0	37	24
1964	11	29	GR	DK	4	2	WQ		37	1516	1619	+6	−5	70	42
1964	12	01	IL	DK	0	1	F		-13	1600	1632	−1	+1	44	41
1964	12	05	IT	DK	3	1	F		3	1926	1629	+1	0	6	41
1965	06	09	DK	FI	3	1	NRD		5	1634	1367	0	−1	39	102
1965	06	20	DK	SE	2	1	NRD		20	1654	1836	+4	−1	35	14
1965	06	27	SU	DK	6	0	WQ		7	1988	1647	0	−1	1	36
1965	07	05	IS	DK	1	3	F		-6	1285	1653	−1	0	119	36
1965	09	26	NO	DK	2	2	NRD		1	1542	1652	0	0	58	38
1965	10	17	DK	SU	1	3	WQ		-13	1639	1982	−1	0	40	4
1965	10	27	DK	GR	1	1	WQ		-11	1628	1530	0	+2	41	62
1965	12	01	WA	DK	4	2	WQ		13	1763	1615	+2	−2	25	44
1966	05	30	DK	TR	0	0	F		-2	1613	1632	−1	0	46	41
1966	06	21	DK	PT	1	3	F		-11	1602	1810	0	+2	45	14
1966	06	26	DK	NO	0	1	NRD		-21	1581	1584	−5	+4	50	49
1966	07	03	DK	EN	0	2	F		-4	1577	1988	−4	0	52	3
1966	09	18	FI	DK	2	1	NRD		16	1476	1561	+3	0	75	51
1966	09	21	HU	DK	6	0	EQ		5	1952	1556	0	−1	6	52
1966	10	26	DK	IL	3	1	F		10	1566	1520	+1	−1	50	63
1966	11	06	SE	DK	2	1	NRD		4	1780	1562	0	0	20	50
1966	11	30	NL	DK	2	0	EQ		13	1691	1549	+4	−4	33	54
1967	05	24	DK	HU	0	2	EQ		-8	1541	1985	−2	0	57	5
1967	06	04	DK	DD	1	1	EQ		11	1552	1837	+3	−1	55	14
1967	06	25	DK	SE	1	1	NRD		5	1557	1760	+1	0	53	21
1967	08	23	DK	IS	14	2	F		6	1563	1279	+1	−1	53	121
1967	09	24	NO	DK	0	5	NRD		-42	1563	1605	−7	+7	53	46
1967	10	04	DK	NL	3	2	EQ		20	1625	1678	+4	−2	42	33
1967	10	11	DD	DK	3	2	EQ		7	1810	1618	0	0	15	42
1967	10	22	DK	FI	3	0	NRD		9	1627	1425	0	−3	42	90
1968	06	04	FI	DK	1	3	NRD		-16	1409	1643	−5	+3	92	38
1968	06	23	DK	NO	5	1	NRD		13	1656	1518	0	0	38	65
1968	06	27	SE	DK	2	1	NRD		8	1731	1648	0	0	28	38
1968	09	25	DK	CS	0	3	WQ		-20	1628	1929	−3	0	41	8
1968	10	16	DK	SQ	0	1	F		-6	1622	1861	−2	+3	45	13
1968	10	20	CS	DK	1	0	WQ		4	1933	1618	0	0	8	45
1968	11	20	DK	LU	5	1	F		3	1621	1312	0	−1	44	113
1968	12	04	IE	DK	1	1	WQ		-8	1658	1629	−1	+3	36	41
1969	01	12	BM	DK	1	5	F		-9	1324	1638	−1	+1	110	41
1969	01	15	UM	DK	2	1	F		10	1557	1628	+3	−2	60	43
1969	01	22	MX	DK	3	0	F		4	1872	1624	0	−1	12	44
1969	05	06	DK	MX	3	1	F		20	1644	1818	+3	−2	42	16
1969	05	27	DK	IE	2	0	WQ		22	1666	1624	+8	−6	34	46
1969	06	15	DK	HU	3	2	WQ		32	1698	1979	+4	−2	30	4
1969	06	25	DK	SE	0	1	NRD		-15	1683	1814	−2	+3	32	16
1969	07	01	DK	BM	6	0	F		3	1686	1312	0	−1	32	113
1969	09	10	DK	FI	5	2	NRD		6	1692	1415	+1	−2	32	90
1969	09	21	NO	DK	2	0	NRD		28	1532	1664	+3	−3	66	35
1969	10	15	IE	DK	1	1	WQ		-3	1611	1667	−1	0	50	36
1969	10	22	HU	DK	3	0	WQ		6	1970	1661	0	0	5	36
1970	05	19	DK	PL	0	2	F		-14	1647	1802	−1	+2	41	16
1970	06	03	FI	DK	1	1	NRD		6	1416	1641	+2	0	90	40
1970	06	25	SE	DK	1	1	NRD		-11	1841	1652	−1	0	11	39
1970	07	07	IS	DK	0	0	F		7	1270	1645	+1	0	122	39
1970	09	02	PL	DK	5	0	F		7	1807	1638	+1	−1	15	40
1970	09	23	DK	NO	0	1	NRD		-23	1615	1545	−7	+3	47	62
1970	10	14	DK	PT	0	1	EQ		-15	1600	1815	−4	+2	51	15
1970	11	11	SQ	DK	1	0	EQ		5	1851	1595	0	0	10	51
1970	11	25	BE	DK	2	0	EQ		12	1742	1583	+2	−3	25	53
1971	05	12	PT	DK	5	0	EQ		11	1821	1572	+2	−5	14	57
1971	05	26	DK	BE	1	2	EQ		-12	1560	1822	−2	+2	59	14
1971	06	09	DK	SQ	1	0	EQ		25	1585	1729	+7	−8	51	30
1971	06	20	DK	SE	1	3	NRD		-12	1573	1865	−5	+1	57	10
1971	06	30	DK	WG	1	3	F		-3	1570	2041	0	0	57	3
1971	07	28	DK	JP	3	2	F		7	1577	1570	+2	−2	55	57
1971	09	08	DK	FI	0	0	NRD		-10	1567	1406	−1	+1	57	91
1971	09	26	NO	DK	1	4	NRD		-29	1472	1596	−5	+6	72	50
1971	10	10	DK	RO	2	1	OQ		27	1623	1791	+9	−1	41	18
1972	05	21	RO	DK	2	3	OQ		-34	1796	1657	−3	+3	17	41
1972	06	07	DK	FI	3	0	NRD		6	1663	1381	+1	−1	37	96
1972	06	29	SE	DK	2	0	NRD		9	1817	1654	+2	−2	14	39
1972	07	03	IS	DK	2	5	F		-6	1270	1660	0	+2	122	37
1972	08	29	DK	IR	4	0	OG	WG	52	1712	1581	+5	−11	31	53
1972	08	31	HU	DK	2	0	OG	WG	21	1937	1691	+2	−3	5	34
1972	09	03	DK	PL	1	1	OG	WG	14	1705	1858	+1	0	33	11
1972	09	05	DK	MA	3	1	OG	WG	47	1752	1671	+6	−6	27	35
1972	09	08	SU	DK	4	0	OG	WG	31	1952	1721	+1	−1	5	28
1972	10	04	DK	CH	1	1	F		-3	1718	1715	0	+1	28	29
1972	10	18	DK	SQ	1	4	WQ		-38	1680	1827	−6	+4	34	16
1972	11	15	SQ	DK	2	0	WQ		12	1839	1668	+2	−1	14	35
1973	04	26	DK	SE	1	2	F		-8	1660	1838	−1	0	40	14
1973	05	02	DK	CS	1	1	WQ		4	1664	1822	0	−3	40	19
1973	06	06	CS	DK	6	0	WQ		15	1840	1649	+1	−1	15	39
1973	06	21	DK	NO	1	0	NRD		5	1654	1446	+1	−1	38	74
1973	09	23	NO	DK	0	1	NRD		-12	1477	1666	−2	+2	67	35
1973	10	13	DK	HU	2	2	F		4	1670	1910	+1	0	34	7
1973	11	21	FR	DK	3	0	F		9	1771	1661	+1	−1	26	36
1974	03	06	TG	DK	0	2	F		-10	1435	1671	−5	0	84	35
1974	03	10	DH	DK	2	0	F		22	1408	1649	+4	−3	91	37
1974	06	03	DK	SE	0	2	NRD		-14	1635	1895	−2	+3	39	10
1974	06	06	FI	DK	1	1	NRD		6	1406	1629	+1	−1	92	40
1974	09	03	DK	ID	9	0	F		6	1635	1391	+1	0	38	96
1974	09	25	DK	ES	1	2	EQ		-12	1623	1898	0	+4	39	10
1974	10	09	DK	IS	2	1	F		1	1624	1270	0	0	39	123
1974	10	13	DK	RO	0	0	EQ		5	1629	1800	0	0	39	19
1975	05	11	RO	DK	6	1	EQ		12	1837	1617	+2	−1	17	43
1975	06	04	RO	DK	4	0	OQ		10	1844	1607	+4	−2	15	45
1975	06	18	DK	RO	1	2	OQ		-12	1595	1856	−2	+1	47	14
1975	06	25	DK	FI	2	0	NRD		7	1602	1386	+2	−1	45	95
1975	09	03	DK	SQ	0	1	EQ		-10	1592	1903	0	+1	48	10
1975	09	25	SE	DK	0	0	NRD		-12	1845	1604	−2	0	17	48
1975	10	12	ES	DK	2	0	EQ		5	1912	1599	0	0	8	48
1975	10	29	SQ	DK	3	1	EQ		5	1908	1594	0	0	9	48
1976	02	04	IL	DK	0	1	F		-16	1724	1610	−1	+1	28	46
1976	05	11	SE	DK	1	2	F		-17	1809	1627	0	+4	18	43
1976	05	23	CY	DK	1	5	WQ		-16	1285	1643	−3	0	117	43
1976	06	24	NO	DK	0	0	NRD		4	1444	1639	+2	0	81	44
1976	08	25	DK	NO	3	0	NRD		8	1647	1436	+1	−3	42	85
1976	09	01	DK	FR	1	1	F		1	1648	1781	0	0	42	22
1976	09	22	DK	IT	0	1	F		-5	1643	1941	+1	0	40	8
1976	10	27	DK	CY	5	0	WQ		5	1648	1280	+2	−1	40	117
1976	11	17	PT	DK	1	0	WQ		7	1814	1641	+1	−2	17	42
1977	01	30	GM	DK	1	4	F		-6	1263	1647	−3	+1	122	39
1977	02	02	SN	DK	2	3	F		-9	1493	1656	−3	+2	69	37
1977	04	13	BG	DK	3	1	F		8	1741	1648	0	−1	26	40
1977	05	01	DK	PL	1	2	WQ		-11	1637	1936	0	+1	40	9
1977	06	01	NO	DK	0	2	F		-13	1471	1650	−7	+2	76	40
1977	06	15	DK	SE	2	1	NRD		18	1668	1796	+5	−1	36	21
1977	06	22	FI	DK	1	2	NRD		-11	1455	1679	−2	+3	78	33
1977	09	21	PL	DK	4	1	WQ		9	1920	1670	+1	−2	7	37
1977	10	05	SE	DK	1	0	F		5	1764	1665	0	0	25	38
1977	10	09	DK	PT	2	4	WQ		-24	1641	1856	−4	+3	42	15
1978	02	08	IL	DK	2	0	F		9	1711	1632	0	0	32	44
1978	05	24	DK	IE	3	3	EQ		-1	1631	1719	+1	0	42	30
1978	05	31	NO	DK	1	2	NRD		-13	1471	1644	−3	0	73	42
1978	06	28	IS	DK	0	0	F		4	1404	1640	+2	0	90	41
1978	08	16	DK	SE	2	1	NRD		17	1657	1759	+2	0	39	24
1978	09	20	DK	EN	3	4	EQ		-8	1649	2006	−1	+1	40	5
1978	10	11	DK	BG	2	2	EQ		0	1649	1751	0	0	40	24
1978	10	25	EI	DK	2	1	EQ		10	1742	1639	+3	−1	25	41
1979	05	02	IE	DK	2	0	EQ		15	1739	1624	+2	−2	26	45
1979	05	09	DK	SE	2	2	F		0	1624	1736	0	0	45	27
1979	06	06	DK	EI	4	0	EQ		41	1665	1717	+8	−5	37	29
1979	06	27	DK	SU	1	2	F		-5	1660	1939	−1	0	38	9
1979	08	29	FI	DK	0	0	NRD		3	1502	1657	0	−1	68	38
1979	09	12	EN	DK	1	0	EQ		2	2031	1655	0	0	3	37
1979	09	26	DK	FI	1	0	NRD		6	1661	1496	+2	0	36	69
1979	10	31	BG	DK	3	0	EQ		23	1709	1638	+4	−5	28	42
1979	11	14	ES	DK	1	3	F		-27	1892	1665	−3	+5	13	37
1980	05	07	SE	DK	0	1	NRD		-19	1647	1684	−4	+7	43	33
1980	05	21	DK	ES	2	2	F		3	1687	1876	0	0	33	15
1980	06	04	DK	NO	3	1	NRD		7	1694	1483	0	−1	32	72
1980	07	12	SU	DK	2	0	F		4	1933	1690	+1	0	9	33
1980	08	27	CH	DK	1	1	F		-1	1621	1691	0	0	46	34
1980	09	27	YU	DK	2	1	WQ		6	1888	1685	0	0	14	32
1980	10	15	DK	GR	0	1	WQ		-26	1659	1700	−5	+2	38	33
1980	11	01	IT	DK	2	0	WQ		5	1989	1654	0	−2	5	39
1980	11	19	DK	LU	4	0	WQ		4	1658	1230	0	−2	40	127
1981	04	15	DK	RO	2	1	F		12	1670	1820	0	0	39	18
1981	05	01	LU	DK	1	2	WQ		-5	1216	1675	−2	+1	135	36
1981	05	14	SE	DK	1	2	NRD		-18	1622	1693	−2	+4	45	32
1981	06	03	DK	IT	3	1	WQ		44	1737	1921	+5	−5	27	9
1981	08	12	FI	DK	1	2	NRD		-8	1442	1745	−3	+1	83	26
1981	08	26	DK	IS	3	0	F		3	1748	1432	+1	0	25	84
1981	09	09	DK	YU	1	2	WQ		-18	1730	1908	−2	+3	27	12
1981	09	23	DK	NO	2	1	NRD		5	1735	1527	0	−2	27	64
1981	10	14	GR	DK	2	3	WQ		-23	1666	1758	−7	+1	39	26
1982	05	05	DK	SE	1	1	NRD		-6	1752	1709	−1	+1	27	31
1982	05	19	AT	DK	1	0	F		4	1908	1748	+2	0	9	27
1982	05	27	DK	BE	1	0	F		12	1760	1916	+3	−1	24	8
1982	06	15	NO	DK	2	1	NRD		21	1533	1739	+4	−4	62	28
1982	08	11	DK	FI	3	2	NRD		3	1742	1481	+1	−1	26	75
1982	09	01	RO	DK	1	0	F		6	1787	1736	+1	−1	20	27
1982	09	22	DK	EN	2	2	EQ		10	1746	2019	+1	0	25	4
1982	10	27	DK	CS	1	3	F		-15	1731	1850	−2	+1	27	15
1982	11	10	LU	DK	1	2	EQ		-3	1203	1734	0	0	137	27
1983	04	27	DK	GR	1	0	EQ		9	1743	1612	+3	0	25	41
1983	06	01	DK	HU	3	1	EQ		25	1768	1754	+3	−5	23	26
1983	09	07	DK	FR	3	1	F		18	1786	1930	+2	−2	20	8
1983	09	21	EN	DK	0	1	EQ		-35	1975	1821	0	+1	4	19
1983	10	12	DK	LU	6	0	EQ		1	1822	1196	+1	−1	18	142
1983	10	26	HU	DK	1	0	EQ		19	1753	1803	+2	−1	28	20
1983	11	16	GR	DK	0	2	EQ		-24	1608	1827	−4	+2	44	20
1984	03	14	NL	DK	6	0	F		12	1896	1815	+1	0	7	21
1984	04	11	ES	DK	2	1	F		6	1862	1809	+1	−2	13	23
1984	05	16	CS	DK	1	0	F		6	1857	1803	0	−1	15	23
1984	06	06	SE	DK	0	1	F		-14	1835	1817	−1	+1	17	21
1984	06	08	DK	BG	1	1	F		-4	1813	1756	0	0	21	28
1984	06	12	FR	DK	1	0	EC		10	1971	1803	0	−1	4	22
1984	06	16	DK	YU	5	0	EC	FR	57	1860	1798	+8	−7	14	22
1984	06	19	DK	BE	3	2	EC	FR	28	1888	1876	+5	−5	9	12
1984	06	24	DK	ES	1	1	EC	FR	1	1889	1897	0	0	10	7
1984	09	12	DK	AT	3	1	F		8	1897	1801	+1	0	8	20
1984	09	26	DK	NO	1	0	WQ		4	1901	1605	0	−2	8	45
1984	10	17	CH	DK	1	0	WQ		23	1764	1878	+2	−4	29	12
1984	11	14	DK	IE	3	0	WQ		14	1892	1725	+2	−1	9	32
1985	01	27	HN	DK	1	0	F		14	1638	1878	+5	−3	39	11
1985	05	08	DK	DD	4	1	F		9	1887	1794	+2	−2	8	24
1985	06	05	DK	SU	4	2	WQ		31	1918	1971	+3	−1	6	3
1985	09	11	DK	SE	0	3	F		-25	1893	1888	−1	+4	7	8
1985	09	25	SU	DK	1	0	WQ		10	1993	1883	0	−2	1	9
1985	10	09	DK	CH	0	0	WQ		-12	1871	1744	−2	+1	11	30
1985	10	16	NO	DK	1	5	WQ		-31	1677	1902	−1	+5	35	6
1985	11	13	IE	DK	1	4	WQ		-29	1710	1931	0	+2	31	4
1986	03	26	EI	DK	1	1	F		-1	1849	1932	0	0	16	4
1986	04	09	BG	DK	3	0	F		18	1834	1914	+2	−1	18	5
1986	05	13	NO	DK	1	0	F		13	1730	1901	+1	0	30	6
1986	05	16	DK	PL	1	0	F		5	1906	1805	0	−1	6	23
1986	05	20	PY	DK	2	1	F	CO	13	1813	1893	+3	−1	22	7
1986	06	04	DK	SQ	1	0	WC	MX	28	1921	1846	0	−6	6	16
1986	06	08	DK	UY	6	1	WC	MX	46	1967	1795	+3	−11	3	27
1986	06	13	DK	WG	2	0	WC	MX	43	2010	1910	+2	−2	2	8
1986	06	18	ES	DK	5	1	WC	MX	71	1987	1939	+4	−4	4	7
1986	09	10	DD	DK	0	1	F		-10	1831	1949	−1	0	15	8
1986	09	24	DK	WG	0	2	F		-19	1930	1983	0	+2	8	3
1986	10	29	DK	FI	1	0	EQ		3	1933	1561	0	0	8	59
1986	11	12	CS	DK	0	0	EQ		-2	1862	1935	0	0	13	8
1987	04	29	FI	DK	0	1	EQ		-6	1542	1941	−1	0	63	8
1987	06	03	DK	CS	1	1	EQ		-10	1931	1869	0	0	8	13
1987	08	26	SE	DK	1	0	F		8	1926	1923	+1	−1	6	7
1987	09	09	WA	DK	1	0	EQ		21	1829	1902	+3	−2	17	9
1987	09	23	WG	DK	1	0	F		5	1981	1897	+1	0	2	9
1987	10	14	DK	WA	1	0	EQ		11	1908	1818	+1	−1	8	18
1988	04	27	AT	DK	1	0	F		13	1724	1895	+1	0	31	9
1988	05	10	HU	DK	2	2	F		0	1785	1895	0	0	22	9
1988	06	01	DK	CS	0	1	F		-14	1881	1841	0	+3	9	14
1988	06	05	DK	BE	3	1	F		8	1889	1789	0	0	9	23
1988	06	11	ES	DK	3	2	EC	WG	24	1928	1865	0	−3	8	12
1988	06	14	WG	DK	2	0	EC		19	1976	1846	+3	0	2	13
1988	06	17	IT	DK	2	0	EC	WG	25	1994	1821	+2	−5	2	18
1988	08	31	SE	DK	1	2	F		-16	1952	1837	−2	+2	6	16
1988	09	14	EN	DK	1	0	F		6	1895	1831	0	−1	7	17
1988	09	28	DK	IS	1	0	F		2	1833	1542	+1	0	16	60
1988	10	19	GR	DK	1	1	WQ		2	1695	1831	0	0	36	16
1988	11	02	DK	BG	1	1	WQ		-9	1822	1771	−1	0	17	28
1989	02	08	MT	DK	0	2	FT		-6	1404	1828	−2	0	91	18
1989	02	10	DK	FI	0	0	FT	MT	-9	1819	1586	0	+4	18	47
1989	02	12	DZ	DK	0	0	FT	MT	8	1635	1811	+3	−1	41	19
1989	02	22	IT	DK	1	0	F		4	1980	1807	0	−1	5	19
1989	04	12	DK	CA	2	0	F		4	1811	1557	0	−2	20	59
1989	04	26	BG	DK	0	2	WQ		-34	1728	1845	−1	+5	28	15
1989	05	17	DK	GR	7	1	WQ		15	1860	1662	+1	−2	13	37
1989	06	07	DK	EN	1	1	F		-1	1859	1936	0	0	13	7
1989	06	14	DK	SE	6	0	FT		33	1892	1940	+2	0	11	6
1989	06	18	DK	BR	4	0	FT		28	1920	1957	+3	−2	8	6
1989	08	23	BE	DK	3	0	F		16	1859	1904	+2	−2	15	10
1989	09	06	NL	DK	2	2	F		-6	2049	1910	0	+1	1	9
1989	10	11	DK	RO	3	0	WQ		23	1933	1861	+3	−5	7	17
1989	11	15	RO	DK	3	1	WQ		28	1889	1905	+3	−2	13	10
1990	02	05	AE	DK	1	1	F		7	1535	1898	+1	0	62	12
1990	02	14	EG	DK	0	0	F		3	1689	1895	0	0	33	12
1990	04	11	DK	TR	1	0	F		2	1897	1644	+1	0	12	38
1990	05	15	EN	DK	1	0	F		6	1967	1891	0	0	5	14
1990	05	30	WG	DK	1	0	F		5	1994	1886	+1	−1	2	15
1990	06	06	NO	DK	1	2	F		-7	1660	1893	−1	+3	37	11
1990	09	05	SE	DK	0	1	F		-11	1828	1904	0	+1	18	9
1990	09	11	DK	WA	1	0	F		3	1907	1728	0	−1	9	30
1990	10	10	DK	FO	4	1	EQ		1	1908	1257	0	0	9	124
1990	10	17	EI	DK	1	1	EQ		9	1645	1899	+2	0	40	9
1990	11	14	DK	YU	0	2	EQ		-35	1864	1981	−6	+2	15	4
1991	04	09	DK	BG	1	1	F		-5	1859	1758	0	+2	15	26
1991	05	01	YU	DK	1	2	EQ		-31	1949	1890	−3	+4	7	11
1991	06	05	DK	AT	2	1	EQ		5	1895	1664	+2	−1	10	37
1991	06	12	IT	DK	2	0	SCN	SE	17	2003	1878	+1	−3	2	13
1991	06	15	SE	DK	4	0	SCN		25	1836	1853	+2	−2	17	15
1991	09	04	IS	DK	0	0	F		5	1555	1848	+4	0	57	14
1991	09	25	DK	FO	4	0	EQ	SE	3	1851	1270	+1	0	13	127
1991	10	09	AT	DK	0	3	EQ		-27	1643	1878	−8	0	46	13
1991	11	13	DK	EI	2	1	EQ		6	1884	1663	+1	−2	12	41
1992	04	08	TR	DK	2	1	F		16	1583	1868	0	0	61	12
1992	04	29	DK	NO	1	0	F		4	1872	1726	0	−1	12	30
1992	06	03	DK	DS	1	1	F		-1	1871	1922	0	0	12	9
1992	06	11	DK	EN	0	0	EC	SE	9	1880	1995	+1	0	11	2
1992	06	14	SE	DK	1	0	EC		21	1852	1859	+1	−1	15	12
1992	06	17	DK	FR	2	1	EC	SE	33	1892	1939	+2	−1	10	7
1992	06	22	DK	NL	2	2	EC	SE	9	1901	2013	0	0	9	2
1992	06	26	DK	DE	2	0	EC	SE	52	1953	1992	+2	−2	7	3
1992	08	26	LV	DK	0	0	WQ		18	1355	1935	+2	0	115	7
1992	09	09	DK	DE	1	2	F		-11	1924	2003	−1	+3	8	1
1992	09	23	LT	DK	0	0	WQ		18	1363	1906	+5	0	113	8
1992	10	14	DK	IE	0	0	WQ		-7	1899	1887	0	+1	8	10
1992	11	18	EI	DK	0	1	WQ		-13	1651	1912	−4	+1	42	8
1993	01	30	US	DK	2	2	F		3	1689	1909	0	0	32	8
1993	02	24	AR	DK	1	1	AFT		-14	2010	1923	0	+1	1	8
1993	03	31	DK	ES	1	0	WQ		10	1933	1820	+2	0	7	16
1993	04	14	DK	LV	2	0	WQ		1	1934	1375	0	−1	7	112
1993	04	28	IE	DK	1	1	WQ		-4	1898	1938	+1	0	10	7
1993	06	02	DK	AL	4	0	WQ		2	1940	1400	+1	0	6	103
1993	08	25	DK	LT	4	0	WQ		1	1941	1349	0	0	6	115
1993	09	08	AL	DK	0	1	WQ		-3	1397	1944	0	0	104	5
1993	10	13	DK	EI	1	0	WQ		4	1948	1669	+1	0	4	34
1993	11	17	ES	DK	1	0	WQ		17	1913	1931	+2	−3	9	7
1994	03	09	EN	DK	1	0	F		9	1885	1922	0	−1	12	8
1994	04	20	DK	HU	3	1	F		3	1925	1625	+1	−1	6	51
1994	05	26	DK	SE	1	0	F		7	1932	1899	+1	−1	6	10
1994	06	01	NO	DK	2	1	F		9	1859	1923	+1	−2	17	8
1994	08	17	DK	FI	2	1	F		1	1924	1549	0	−1	9	67
1994	09	07	MK	DK	1	1	EQ		11	1630	1913	+3	0	47	9
1994	10	12	DK	BE	3	1	EQ		15	1928	1807	0	−2	8	23
1994	11	16	ES	DK	3	0	EQ		24	1968	1904	+2	−2	4	10
1995	01	08	SA	DK	0	2	IC		-19	1595	1923	−6	+3	56	7
1995	01	10	DK	MX	1	1	IC	SA	-2	1921	1897	0	+1	7	13
1995	01	13	DK	AR	2	0	IC	SA	34	1955	1857	+1	−6	6	21
1995	03	29	CY	DK	1	1	EQ		18	1385	1937	+4	0	109	5
1995	04	26	DK	MK	1	0	EQ		4	1941	1637	0	−3	5	43
1995	05	31	FI	DK	0	1	F		-3	1535	1944	0	0	69	5
1995	06	07	DK	CY	4	0	EQ		2	1946	1380	0	−1	5	110
1995	08	16	AM	DK	0	2	EQ		-2	1255	1948	−1	0	140	5
1995	09	06	BE	DK	1	3	EQ		-27	1786	1975	−1	+1	24	4
1995	10	11	DK	ES	1	1	EQ		-5	1970	1984	0	0	5	4
1995	11	15	DK	AM	3	1	EQ		1	1971	1285	0	0	5	137
1996	03	27	DE	DK	2	0	F		8	2048	1963	0	−1	2	6
1996	04	24	DK	SQ	2	0	F		5	1968	1781	0	0	6	24
1996	06	02	DK	GH	1	0	F		1	1969	1620	0	0	6	46
1996	06	09	DK	PT	1	1	EC	EN	-7	1962	1869	0	0	6	16
1996	06	16	HR	DK	3	0	EC	EN	49	1968	1913	+3	−4	6	10
1996	06	19	DK	TR	3	0	EC	EN	23	1936	1706	+3	−4	7	33
1996	08	14	SE	DK	0	1	F		-11	1865	1947	0	0	15	6
1996	09	01	SI	DK	0	2	WQ		-11	1577	1958	−4	0	61	6
1996	10	09	DK	GR	2	1	WQ		4	1962	1653	0	−1	6	41
1996	11	09	DK	FR	1	0	F		9	1971	2015	0	0	6	3
1997	03	29	HR	DK	1	1	WQ		-1	1888	1972	+1	0	11	6
1997	04	30	DK	SI	4	0	WQ		4	1976	1590	0	−1	6	58
1997	06	08	DK	BA	2	0	WQ		3	1979	1570	0	0	6	64
1997	08	20	BA	DK	3	0	WQ		60	1630	1919	+17	−2	47	9
1997	09	10	DK	HR	3	1	WQ		18	1937	1849	0	−2	9	16
1997	10	11	GR	DK	0	0	WQ		6	1731	1931	+3	0	30	9
1998	03	25	SQ	DK	0	1	F		-9	1782	1940	−1	0	24	9
1998	04	22	DK	NO	0	2	F		-22	1918	1886	0	+5	9	10
1998	05	28	SE	DK	3	0	F		18	1825	1900	0	−1	18	10
1998	06	05	DK	CM	1	2	F		-18	1882	1592	−2	+1	12	59
1998	06	12	DK	SA	1	0	WC	FR	12	1894	1633	+3	−3	9	50
1998	06	18	DK	ZA	1	1	WC	FR	-19	1875	1651	−5	+2	16	47
1998	06	24	FR	DK	2	1	WC		12	2028	1863	0	0	3	16
1998	06	28	DK	NG	4	1	WC	FR	35	1898	1707	+4	−5	12	32
1998	07	03	BR	DK	3	2	WC	FR	16	2096	1882	+1	−2	1	14
1998	08	19	CZ	DK	1	0	F		7	1892	1875	0	−1	12	15
1998	09	05	BY	DK	0	0	EQ		16	1419	1859	+1	−2	99	17
1998	10	10	DK	WA	1	2	EQ		-36	1823	1601	−2	+4	18	56
1998	10	14	CH	DK	1	1	EQ		3	1682	1820	+2	0	41	18
1999	02	10	HR	DK	0	1	F		-16	1950	1836	0	+1	6	16
1999	03	27	DK	IT	1	2	EQ		-16	1820	2029	−2	0	18	3
1999	04	28	DK	ZA	1	1	F		-7	1813	1639	0	0	17	52
1999	06	05	DK	BY	1	0	EQ		2	1815	1425	−1	−1	18	100
1999	06	09	DK	WA	2	0	EQ	EN	13	1828	1575	+1	−4	17	61
1999	08	18	DK	NL	0	0	F		1	1829	1965	0	0	17	5
1999	09	04	DK	CH	2	1	EQ		9	1838	1700	0	0	17	36
1999	09	08	IT	DK	2	3	EQ		-33	1971	1871	0	0	4	17
1999	10	10	DK	IR	0	0	F		-6	1865	1759	0	+3	17	24
1999	11	13	IL	DK	0	5	EQ		-34	1676	1899	−5	+1	42	16
1999	11	17	DK	IL	3	0	EQ		9	1908	1667	+4	0	12	42
2000	01	31	SE	DK	1	0	NRD	ES	16	1907	1892	+3	−4	13	16
2000	02	02	NO	DK	4	2	NRD	ES	22	1915	1870	+5	−1	10	17
2000	02	04	FI	DK	2	1	NRD	ES	26	1584	1844	+5	0	59	17
2000	03	29	PT	DK	2	1	F		6	1916	1838	+1	0	10	17
2000	04	26	DK	SE	0	1	F		-11	1827	1908	0	+3	17	10
2000	06	03	DK	BE	2	2	F		-3	1824	1821	0	0	17	18
2000	06	11	FR	DK	3	0	EC	BE	18	2082	1806	0	−3	2	21
2000	06	16	NL	DK	3	0	EC		15	1995	1791	+1	−1	3	21
2000	06	21	CZ	DK	2	0	EC	BE	25	1937	1766	+2	−4	8	24
2000	08	16	FO	DK	0	2	NRD		-3	1186	1769	0	0	158	25
2000	09	02	IS	DK	1	2	WQD		-17	1594	1786	−3	+3	60	22
2000	10	07	EI	DK	1	1	WQ		9	1527	1777	+1	0	72	22
2000	10	11	DK	BG	1	1	WQ		-12	1765	1653	−2	0	24	52
2000	11	15	DK	DE	2	1	F		11	1776	1882	0	−1	24	11
2001	03	24	MT	DK	0	5	WQ		-6	1227	1782	−1	0	150	24
2001	03	28	CZ	DK	0	0	WQ		-12	1904	1794	−1	+4	9	21
2001	04	25	DK	SI	3	0	F		7	1801	1661	0	−2	20	46
2001	06	02	DK	CZ	2	1	WQ		20	1821	1878	+2	−2	20	11
2001	06	06	DK	MT	2	1	WQ		1	1822	1209	0	0	21	154
2001	08	15	FR	DK	1	0	F		2	2133	1820	0	0	1	20
2001	09	01	DK	EI	1	1	WQ		-17	1803	1495	−1	+5	21	79
2001	09	05	BG	DK	0	2	WQ		-32	1696	1835	−8	+4	42	17
2001	10	06	DK	IS	6	0	WQ		12	1847	1602	+2	−3	15	56
2001	11	10	DK	NL	1	1	F		1	1848	1994	+1	0	13	5
2002	02	13	SA	DK	0	1	F		-9	1698	1857	−1	0	41	14
2002	03	27	IE	DK	3	0	F		12	1884	1845	+4	−1	8	15
2002	04	17	DK	IL	3	1	F		5	1850	1660	0	0	15	48
2002	05	17	DK	CM	2	1	F		6	1856	1801	0	+1	14	24
2002	05	26	DK	TN	2	1	F	JP	4	1860	1619	0	−1	14	53
2002	06	01	DK	UY	2	1	WC	KR	26	1886	1785	+5	−4	9	25
2002	06	06	DK	SN	1	1	WC	KR	-11	1875	1763	0	+4	10	28
2002	06	11	DK	FR	2	0	WC	KR	63	1938	1957	+4	−6	9	7
2002	06	15	EN	DK	3	0	WC	JP	52	1993	1886	+4	−4	3	13
2002	08	21	SQ	DK	0	1	F		-7	1669	1893	−1	0	43	11
2002	09	07	NO	DK	2	2	EQ		2	1756	1891	0	+1	30	10
2002	10	12	DK	LU	2	0	EQ		0	1891	1102	−1	0	11	173
2002	11	20	DK	PL	2	0	F		5	1896	1709	+1	−1	9	37
2003	02	12	EG	DK	1	4	F		-9	1593	1905	0	0	56	9
2003	03	29	RO	DK	2	5	EQ		-33	1749	1938	−8	+3	32	6
2003	04	02	DK	BA	0	2	EQ		-57	1881	1569	−5	+11	11	62
2003	04	30	DK	UA	1	0	F		4	1885	1710	0	−1	11	38
2003	06	07	DK	NO	1	0	EQ		10	1895	1780	0	−1	11	22
2003	06	11	LU	DK	0	2	EQ		-1	1096	1896	0	0	174	11
2003	08	20	DK	FI	1	1	F		-7	1889	1694	+1	+1	11	39
2003	09	10	DK	RO	2	2	EQ		-11	1878	1797	−1	0	12	21
2003	10	11	BA	DK	1	1	EQ		10	1599	1868	+3	−1	57	13
2003	11	16	EN	DK	2	3	F		-15	1954	1883	0	+1	7	10
2004	02	18	TR	DK	0	1	F		-12	1829	1895	−1	0	15	10
2004	03	31	ES	DK	2	0	F		7	2014	1888	0	−1	3	11
2004	04	28	DK	SQ	1	0	F		3	1891	1651	+1	0	10	49
2004	05	30	EE	DK	2	2	F		8	1391	1883	+2	0	108	10
2004	06	05	DK	HR	1	2	F		-14	1869	1838	0	+1	11	16
2004	06	14	DK	IT	0	0	EC	PT	5	1874	1941	0	0	9	7
2004	06	18	DK	BG	2	0	EC	PT	21	1895	1693	+1	−7	9	41
2004	06	22	DK	SE	2	2	EC	PT	-3	1892	1854	0	0	10	13
2004	06	27	CZ	DK	3	0	EC	PT	30	2032	1862	+2	−1	1	11
2004	08	18	PL	DK	1	5	F		-18	1732	1880	−1	+1	31	11
2004	09	04	DK	UA	1	1	WQ		-15	1865	1654	0	+2	11	48
2004	10	09	AL	DK	0	2	WQ		-13	1524	1878	−3	+1	76	11
2004	10	13	DK	TR	1	1	WQ		-7	1871	1851	−1	+1	12	17
2004	11	17	GE	DK	2	2	WQ		12	1529	1859	+3	−4	74	16
2005	02	09	GR	DK	2	1	WQ		13	1897	1846	+1	−1	10	16
2005	03	26	DK	KZ	3	0	WQ		2	1848	1345	0	+1	16	119
2005	03	30	UA	DK	1	0	WQ		19	1783	1829	+1	−3	27	18
2005	06	02	FI	DK	0	1	F		-10	1713	1839	−2	+1	36	16
2005	06	08	DK	AL	3	1	WQ		5	1844	1517	0	−1	17	77
2005	08	17	DK	EN	4	1	F		20	1864	1971	+1	−1	15	5
2005	09	03	TR	DK	2	2	WQ		-3	1807	1867	0	+1	22	14
2005	09	07	DK	GE	6	1	WQ		6	1873	1512	+1	−2	13	81
2005	10	08	DK	GR	1	0	WQ		12	1885	1805	+2	−1	11	23
2005	10	12	KZ	DK	1	2	WQ		-3	1317	1888	−2	0	125	11
2006	03	01	IL	DK	0	2	F		-12	1712	1900	−2	+2	41	10
2006	05	27	DK	PY	1	1	F		-6	1894	1776	0	0	10	29
2006	05	31	FR	DK	2	0	F		8	1969	1886	+2	−1	3	11
2006	08	16	DK	PL	2	0	F		7	1893	1765	0	−2	10	28
2006	09	01	DK	PT	4	2	F		13	1906	1926	0	0	10	9
2006	09	06	IS	DK	0	2	EQ		-11	1538	1917	−3	+2	76	8
2006	10	07	DK	EI	0	0	EQ		-18	1899	1523	−1	+6	9	78
2006	10	11	LI	DK	0	4	EQ		-1	1115	1900	0	+1	171	8
2006	11	15	CZ	DK	1	1	F		-2	1884	1902	0	0	11	8
2007	02	06	DK	AU	3	1	F	EN	9	1911	1752	−1	−2	9	34
2007	03	24	ES	DK	2	1	EQ		15	1914	1896	+2	−2	9	11
2007	03	28	DE	DK	0	1	F		-15	1988	1911	−2	+1	6	10
2007	06	02	DK	SE	3	3	EQ		-11	1900	1805	−1	+1	11	19
2007	06	06	LV	DK	0	2	EQ		-6	1416	1906	−3	+1	101	10
2007	08	22	DK	IE	0	4	F		-30	1876	1792	−2	+10	13	21
2007	09	08	SE	DK	0	0	EQ		-2	1815	1878	+1	0	17	13
2007	09	12	DK	LI	4	0	EQ		1	1879	1149	0	−1	13	168
2007	10	13	DK	ES	1	3	EQ		-35	1844	1954	−1	0	14	8
2007	10	17	DK	LV	3	1	EQ		4	1848	1465	0	0	14	90
2007	11	17	EI	DK	2	1	EQ		30	1581	1818	+7	−2	63	16
2007	11	21	DK	IS	3	0	EQ		4	1822	1405	−1	−1	17	105
2008	02	06	SI	DK	1	2	F		-5	1535	1827	−2	+1	76	17
2008	03	26	DK	CZ	1	1	F		0	1827	1911	+2	+1	15	8
2008	05	29	NL	DK	1	1	F		-6	1968	1833	0	+1	6	15
2008	06	01	PL	DK	1	1	F		-2	1785	1835	0	+1	26	14
2008	08	20	DK	ES	0	3	F		-11	1824	2089	−2	0	17	1
2008	09	06	HU	DK	0	0	WQ		8	1587	1816	+2	0	60	17
2008	09	10	PT	DK	2	3	WQ		-28	1844	1844	−1	+5	13	13
2008	10	11	DK	MT	3	0	WQ		1	1845	1236	+1	−2	12	147
2008	11	19	DK	WA	0	1	F		-17	1828	1653	−4	+2	17	50
2009	02	11	GR	DK	1	1	F		-1	1772	1829	−1	+1	26	15
2009	03	28	MT	DK	0	3	WQ		-4	1228	1833	−2	+1	150	14
2009	04	01	DK	AL	3	0	WQ		5	1838	1471	+2	−1	12	90
2009	06	06	SE	DK	0	1	WQ		-22	1751	1860	−3	+1	30	11
2009	08	12	DK	CL	1	2	F		-13	1847	1847	0	+1	12	12
2009	09	05	DK	PT	1	1	WQ		-7	1840	1832	0	+2	12	14
2009	09	09	AL	DK	1	1	WQ		13	1492	1827	+1	−2	86	14
2009	10	10	DK	SE	1	0	WQ		12	1839	1767	−1	0	15	25
2009	10	14	DK	HU	0	1	WQ		-35	1804	1627	−4	+7	19	54
2009	11	14	DK	KR	0	0	F		-4	1800	1757	+1	+1	18	29
2009	11	18	DK	US	3	1	F		11	1811	1802	+2	−1	16	17
2010	03	03	AT	DK	2	1	F		13	1601	1798	+4	0	56	17
2010	05	27	DK	SN	2	0	F		4	1802	1563	0	−3	18	71
2010	06	01	AU	DK	1	0	F	ZA	11	1791	1791	+2	−2	19	19
2010	06	05	ZA	DK	1	0	F		13	1593	1778	+3	−1	63	21
2010	06	14	NL	DK	2	0	WC	ZA	16	2059	1762	0	−2	3	24
2010	06	19	DK	CM	2	1	WC	ZA	22	1784	1641	+3	−3	22	50
2010	06	24	JP	DK	3	1	WC	ZA	55	1757	1729	+12	−10	26	32
2010	08	11	DK	DE	2	2	F		6	1735	2055	0	0	33	4
2010	09	07	DK	IS	1	0	EQ		4	1739	1446	+2	−3	30	99
2010	10	08	PT	DK	3	1	EQ		14	1863	1725	+1	−4	10	34
2010	10	12	DK	CY	2	0	EQ		11	1736	1550	+2	−3	31	75
2010	11	17	DK	CZ	0	0	F		-3	1733	1740	−2	+1	33	29
2011	02	09	DK	EN	1	2	F		-7	1726	1930	−2	0	34	6
2011	03	26	NO	DK	1	1	EQ		-9	1785	1735	−1	+3	20	31
2011	03	29	SK	DK	1	2	F		-10	1630	1745	−6	+1	55	30
2011	06	04	IS	DK	0	2	EQ		-15	1432	1760	−4	+3	103	28
2011	08	10	SQ	DK	2	1	F		9	1689	1751	+2	−2	42	30
2011	09	06	DK	NO	2	0	EQ		25	1776	1768	+7	−5	24	25
2011	10	07	CY	DK	1	4	EQ		-18	1477	1794	−5	+4	94	20
2011	10	11	DK	PT	2	1	EQ		21	1815	1894	+3	0	17	8
2011	11	11	DK	SE	2	0	F		13	1828	1865	+1	0	16	11
2011	11	15	DK	FI	2	1	F		3	1831	1602	+1	−1	15	59
2012	02	29	DK	RU	0	2	F		-20	1811	1836	−2	+2	17	15
2012	05	26	BR	DK	3	1	F	DE	6	2072	1805	+1	−1	2	18
2012	06	02	DK	AU	2	0	F		12	1817	1811	+2	−1	16	17
2012	06	09	DK	NL	1	0	EC	UA	40	1857	2020	+2	−2	14	4
2012	06	13	PT	DK	3	2	EC	UA	25	1877	1832	+4	−1	12	16
2012	06	17	DE	DK	2	1	EC	UA	10	2088	1822	0	0	2	16
2012	08	15	DK	SK	1	3	F		-26	1796	1613	−3	+8	19	57
2012	09	08	DK	CZ	0	0	WQ		-6	1790	1795	−2	+2	24	22
2012	10	12	BG	DK	1	1	WQ		2	1662	1788	+1	0	43	23
2012	10	16	IT	DK	3	1	WQ		13	1924	1775	+1	0	7	23
2012	11	14	TR	DK	1	1	F		-1	1701	1776	+1	−1	36	24
2013	02	06	MK	DK	3	0	F		25	1553	1751	+7	−4	71	27
2013	03	22	CZ	DK	0	3	WQ		-48	1742	1799	−9	+6	31	21
2013	03	26	DK	BG	1	1	WQ		-12	1787	1677	−2	+2	23	43
2013	06	05	DK	GE	2	1	F		2	1789	1510	0	0	22	84
2013	06	11	DK	AM	0	4	WQ		-69	1720	1531	−9	+17	33	78
2013	08	14	PL	DK	3	2	F		9	1659	1711	+2	−1	46	33
2013	09	06	MT	DK	1	2	WQ		-5	1260	1716	−2	−1	143	34
2013	09	10	AM	DK	0	1	WQ		-17	1539	1733	−2	+7	75	27
2013	10	11	DK	IT	2	2	WQ		5	1738	1926	0	0	27	7
2013	10	15	DK	MT	6	0	WQ		3	1741	1245	−2	−1	29	145
2013	11	15	DK	NO	2	1	F		5	1746	1636	+2	−2	27	53
2014	03	05	EN	DK	1	0	F		3	1936	1743	0	0	6	28
2014	05	22	HU	DK	2	2	F		-1	1667	1744	0	0	46	28
2014	05	28	DK	SE	1	0	F		9	1753	1813	0	−2	28	21
2014	09	03	DK	TR	1	2	F		-13	1740	1764	−1	+2	28	26
2014	09	07	DK	AM	2	1	EQ		7	1747	1549	0	−3	28	72
2014	10	11	AL	DK	1	1	EQ		5	1556	1742	+3	0	70	26
2014	10	14	DK	PT	0	1	EQ		-18	1724	1893	−5	+2	32	12
2014	11	14	RS	DK	1	3	EQ		-40	1708	1764	−9	+6	34	25
2014	11	18	RO	DK	2	0	F		10	1786	1754	+1	0	22	25
2015	03	25	DK	US	3	2	F		9	1763	1807	+1	0	25	19
2015	03	29	FR	DK	2	0	F		5	1954	1758	0	−1	7	26
2015	06	08	DK	ME	2	1	F		4	1762	1594	+1	−1	26	62
2015	06	13	DK	RS	2	0	EQ		19	1781	1705	+3	−5	22	40
2015	09	04	DK	AL	0	0	EQ		-13	1768	1619	−1	+5	23	54
2015	09	07	AM	DK	0	0	EQ		8	1525	1760	+3	−1	77	25
2015	10	08	PT	DK	1	0	EQ		8	1913	1752	+1	−2	10	29
2015	10	11	DK	FR	1	2	F		-7	1745	1948	−1	0	28	8
2015	11	14	SE	DK	2	1	EQ		14	1761	1731	+5	−2	26	34
2015	11	17	DK	SE	2	2	EQ		-4	1727	1765	−2	0	35	27
2016	03	24	DK	IS	2	1	F		6	1733	1661	+1	−1	34	45
2016	03	29	SQ	DK	1	0	F		8	1720	1725	+1	−2	37	36
2016	06	03	BA	DK	2	2	KRN	JP	-1	1741	1726	+1	0	34	36
2016	06	07	DK	BG	4	0	KRN	JP	18	1744	1584	+2	−2	34	59
2016	08	31	DK	LI	5	0	F		1	1745	1191	0	0	29	165
2016	09	04	DK	AM	1	0	WQ		5	1750	1511	+1	0	29	80
2016	10	08	PL	DK	3	2	WQ		11	1819	1739	+1	−2	19	31
2016	10	11	DK	ME	0	1	WQ		-33	1706	1617	−7	+5	39	57
2016	11	11	DK	KZ	4	1	WQ		7	1713	1405	+2	0	37	105
2016	11	15	CZ	DK	1	1	F		-2	1697	1715	+1	+2	38	35
2017	03	26	RO	DK	0	0	WQ		-4	1676	1719	−1	0	45	35
2017	06	06	DK	DE	1	1	F		6	1725	2040	0	0	34	2
2017	06	10	KZ	DK	1	3	WQ		-12	1368	1737	−1	0	117	34
2017	09	01	DK	PL	4	0	WQ		41	1778	1831	+7	−6	26	18
2017	09	04	AM	DK	1	4	WQ		-18	1475	1796	−3	+4	89	22
2017	10	05	ME	DK	0	1	WQ		-17	1620	1813	−2	+2	54	19
2017	10	08	DK	RO	1	1	WQ		-12	1801	1687	−2	+2	22	43
2017	11	11	DK	IE	0	0	WQ		-7	1794	1777	0	0	21	24
2017	11	14	IE	DK	1	5	WQ		-46	1731	1840	−10	+3	34	19
2018	03	22	DK	PA	1	0	F		3	1843	1667	+1	0	18	48
2018	03	27	DK	CL	0	0	F		-2	1841	1873	−1	0	18	15
2018	06	02	SE	DK	0	0	F		-2	1792	1843	0	0	20	18
2018	06	09	DK	MX	2	0	F		11	1854	1849	+2	−2	16	18
2018	06	16	DK	PE	1	0	WC	RU	35	1889	1880	+3	−5	13	15
2018	06	21	AU	DK	1	1	WC	RU	13	1744	1876	+4	−2	30	16
2018	06	26	DK	FR	0	0	WC	RU	12	1888	2006	−1	0	17	4
2018	07	01	HR	DK	1	1	WC	RU	-6	1950	1894	0	+3	7	13
2018	09	05	SK	DK	3	0	F		20	1771	1874	+3	−4	24	16
2018	09	09	DK	WA	2	0	ENB		16	1890	1783	+2	−3	14	24
2018	10	13	IE	DK	0	0	ENB		4	1716	1886	0	0	40	14
2018	10	16	DK	AT	2	0	F		6	1892	1748	0	−4	15	31
2018	11	16	WA	DK	1	2	ENB		-20	1775	1912	+1	+1	23	12
2018	11	19	DK	IE	0	0	ENB		-15	1897	1705	−1	+1	14	43
2019	03	21	KO	DK	2	2	F		7	1502	1890	+2	0	82	14
2019	03	26	CH	DK	3	3	EQ		-8	1924	1898	−1	+2	11	13
2019	06	07	DK	IE	1	1	EQ		-13	1885	1727	−3	+1	15	37
2019	06	10	DK	GE	5	1	EQ		5	1890	1526	0	−2	15	75
2019	09	05	GI	DK	0	6	EQ		-2	1091	1892	−1	0	181	14
2019	09	08	GE	DK	0	0	EQ		13	1545	1879	+2	0	71	16
2019	10	12	DK	CH	1	0	EQ		15	1894	1882	+2	−2	14	16
2019	10	15	DK	LU	4	0	F		1	1895	1344	0	0	14	123
2019	11	15	DK	GI	6	0	EQ		0	1895	1086	−2	0	16	182
2019	11	18	IE	DK	1	1	EQ		4	1729	1891	0	0	37	16
2020	09	05	DK	BE	0	2	ENA		-22	1869	2105	−2	0	17	1
2020	09	08	DK	EN	0	0	ENA		0	1869	1966	0	0	16	10
2020	10	07	DK	FO	4	0	F		1	1870	1255	+1	−1	15	145
2020	10	11	IS	DK	0	3	ENA		-27	1661	1897	−7	0	49	15
2020	10	14	EN	DK	0	1	ENA		-30	1964	1927	−5	+2	11	13
2020	11	11	DK	SE	2	0	F		7	1934	1808	+1	−1	12	21
2020	11	15	DK	IS	2	1	ENA		4	1938	1639	0	0	13	49
2020	11	18	BE	DK	4	2	ENA		11	2110	1927	0	−1	2	13
2021	03	25	IL	DK	0	2	WQ		-12	1579	1939	−2	+1	63	12
2021	03	28	DK	MD	8	0	WQ		1	1940	1221	0	0	12	155
2021	03	31	AT	DK	0	4	WQ		-32	1754	1972	−6	+3	33	9
2021	06	02	DK	DE	1	1	F	AT	-1	1971	1934	0	0	9	12
2021	06	06	DK	BA	2	0	F		2	1973	1628	0	−2	9	52
2021	06	12	DK	FI	0	1	EC		-45	1928	1729	−3	+1	12	39
2021	06	17	DK	BE	1	2	EC		-19	1909	2134	−1	0	13	2
2021	06	21	DK	RU	4	1	EC		16	1925	1731	+1	−3	11	37
2021	06	26	DK	WA	4	0	EC	NL	38	1963	1821	+1	−2	10	19
2021	07	03	DK	CZ	2	1	EC	AZ	17	1980	1836	0	0	9	17
2021	07	07	EN	DK	2	1	EC		15	2040	1965	0	0	5	9
2021	09	01	DK	SQ	2	0	WQ		5	1970	1624	0	−3	9	52
2021	09	04	FO	DK	0	1	WQ		-1	1247	1971	−2	0	148	9
2021	09	07	DK	IL	5	0	WQ		7	1978	1655	0	−3	9	49
2021	10	09	MD	DK	0	4	WQ		-1	1199	1979	0	0	157	9
2021	10	12	DK	AT	1	0	WQ		4	1983	1712	0	−1	9	38
2021	11	12	DK	FO	3	1	WQ		0	1983	1247	0	0	9	146
2021	11	15	SQ	DK	2	0	WQ		46	1729	1937	+6	−2	37	10
2022	03	26	NL	DK	4	2	F		11	1940	1926	+2	−2	10	12
2022	03	29	DK	RS	3	0	F		10	1936	1845	+1	−3	11	18
2022	06	03	FR	DK	1	2	ENA		-33	2084	1969	0	+2	3	9
2022	06	06	AT	DK	1	2	ENA		-15	1759	1984	−1	+1	32	9
2022	06	10	DK	HR	0	1	ENA		-33	1951	1841	−2	+5	11	19
2022	06	13	DK	AT	2	0	ENA		10	1961	1760	0	−2	11	32
2022	09	22	HR	DK	2	1	ENA		19	1895	1942	+1	−1	14	10
2022	09	25	DK	FR	2	0	ENA		29	1971	2005	+2	−3	8	7
2022	11	22	DK	TN	0	0	WC	QA	-19	1952	1724	−2	+2	11	38
2022	11	26	FR	DK	2	1	WC	QA	24	2046	1928	+1	−1	4	10
2022	11	30	AU	DK	1	0	WC	QA	45	1780	1883	+10	−3	26	15
2023	03	23	DK	FI	3	1	EQ		8	1891	1653	0	−1	14	51
2023	03	26	KZ	DK	3	2	EQ		37	1417	1854	+9	−2	99	16
2023	06	16	DK	EI	1	0	EQ		3	1857	1518	0	0	17	77
2023	06	19	SI	DK	1	1	EQ		6	1662	1851	+3	−1	47	17
2023	09	07	DK	SM	4	0	EQ		0	1851	780	+2	0	16	212
2023	09	10	FI	DK	0	1	EQ		-17	1689	1868	−3	+1	44	15
2023	10	14	DK	KZ	3	1	EQ		3	1871	1451	0	+1	16	91
2023	10	17	SM	DK	1	2	EQ		0	778	1871	0	0	212	16
2023	11	17	DK	SI	2	1	EQ		7	1878	1705	+1	−4	15	44
2023	11	20	EI	DK	2	0	EQ		53	1490	1825	+14	−5	83	20
2024	03	23	DK	CH	0	0	F		-4	1821	1796	0	+1	20	22
2024	03	26	DK	FO	2	0	F		1	1822	1268	0	−1	19	150
2024	06	05	DK	SE	2	1	F		4	1826	1692	0	0	19	44
2024	06	08	DK	NO	3	1	F		8	1834	1734	+1	−4	18	37
2024	06	16	DK	SI	1	1	EC	DE	-7	1827	1740	0	+4	19	34
2024	06	20	DK	EN	1	1	EC	DE	11	1838	1982	+1	−2	17	9
2024	06	25	DK	RS	0	0	EC	DE	-4	1834	1788	0	0	18	24
2024	06	29	DE	DK	2	0	EC		18	1956	1816	+1	0	10	18
2024	09	05	DK	CH	2	0	ENA		29	1845	1875	+1	−2	18	15
2024	09	08	DK	RS	2	0	ENA		18	1863	1783	+3	−3	15	24
2024	10	12	ES	DK	1	0	ENA		4	2160	1859	0	0	1	15
2024	10	15	CH	DK	2	2	ENA		-4	1823	1863	−1	−1	20	17
2024	11	15	DK	ES	1	2	ENA		-10	1853	2175	0	0	17	1
2024	11	18	RS	DK	0	0	ENA		-3	1809	1856	−1	0	22	16
2025	03	20	DK	PT	1	0	ENL		28	1884	1965	+1	−1	15	7
2025	03	23	PT	DK	5	2	ENL		23	1988	1861	+1	0	6	15
2025	06	07	DK	EI	2	1	F		2	1863	1554	+1	−1	14	72
2025	06	10	DK	LT	5	0	F		1	1864	1294	0	−1	15	138
2025	09	05	DK	SQ	0	0	WQ		-12	1852	1730	−3	0	19	40
2025	09	08	GR	DK	0	3	WQ		-44	1799	1896	−4	+6	25	12
2025	10	09	DK	BY	6	0	WQ	HU	7	1903	1468	0	0	12	85
2025	10	12	DK	GR	3	1	WQ		13	1916	1760	+1	−3	11	32
2025	11	15	DK	BY	2	2	WQ		-18	1898	1482	−3	+1	14	85
2025	11	18	SQ	DK	4	2	WQ		34	1791	1864	+5	−2	27	17
2026	03	26	DK	NM	4	0	WQ		8	1872	1584	+1	−3	17	67
2026	03	31	CZ	DK	2	2	WQ		3	1726	1869	+2	0	40	18
2026	06	03	DK	CD	0	0	F	BE	-5	1864	1660	−2	0	20	54
2026	06	07	DK	UA	2	1	F		5	1869	1780	+1	−1	19	27