1948	00	00	BC	ND	2	3	F		-13	1587	1617	−	0	40	39
1950	03	00	ND	BC	1	0	F		7	1605	1580	0	−3	36	42
1953	09	01	BC	CM	3	1	JAM		16	1596	1484	+2	−	42	62
1956	01	02	BC	CM	2	4	F		-24	1572	1466	0	+7	44	72
1963	04	12	CJ	MR	6	0	JAM	SN	3	1575	986	0	0	51	148
1963	04	13	CB	CJ	2	1	JAM	SN	17	1645	1558	+5	−5	38	56
1963	04	15	CI	CJ	1	0	JAM	SN	18	1619	1540	+5	−5	44	61
1963	04	16	CJ	TN	1	0	JAM	SN	24	1564	1580	+5	−3	56	50
1964	02	24	CJ	CB	0	0	F		-2	1562	1587	0	+1	54	47
1964	03	27	CJ	SN	2	0	F		12	1574	1575	+2	−2	51	49
1964	04	22	CM	CJ	2	2	F		0	1480	1574	0	0	76	50
1964	07	12	CJ	CF	1	0	TRP	CM	8	1582	1376	0	−2	52	102
1964	07	13	CM	CJ	1	1	TRP		0	1480	1582	0	0	75	52
1964	07	17	CJ	GA	1	0	TRP	CM	8	1590	1397	+3	−5	49	97
1964	07	19	CM	CJ	2	1	TRP		15	1512	1575	+1	−3	70	52
1965	01	03	GH	CD	4	1	F		8	1704	1567	0	−2	28	52
1965	01	09	TG	CD	0	3	F		-23	1562	1590	−6	+4	54	48
1965	01	13	SN	CD	1	1	F		-2	1563	1592	0	+1	52	47
1965	01	17	CI	CD	2	0	FQ		19	1642	1573	+2	−4	40	51
1965	02	01	CD	CG	3	0	F		14	1587	1579	+4	−4	47	49
1965	04	03	CD	CM	3	2	AGQ		11	1598	1514	+2	−5	46	66
1965	04	14	CD	CM	3	1	AGQ		15	1613	1499	+2	−3	45	69
1965	04	16	CD	CF	8	2	AGQ		11	1624	1373	+2	−4	43	101
1965	07	19	CD	MG	7	0	AFG	CG	22	1646	1407	+5	−4	37	89
1965	07	20	DZ	CD	4	1	AFG	CG	28	1746	1618	+4	−8	24	45
1965	07	21	CD	CI	1	1	AFG	CG	4	1622	1690	+2	0	43	33
1965	07	23	CD	TG	5	1	AFG	CG	29	1651	1515	+6	−5	37	65
1965	07	25	CD	UG	6	2	AFG	CG	15	1666	1388	+1	−2	36	94
1965	08	14	LR	CD	2	1	FQ		33	1340	1633	+4	−5	110	41
1965	09	05	CD	CI	4	2	FQ		28	1661	1676	+6	−6	36	34
1965	09	21	CD	LR	3	2	FQ		3	1664	1337	0	0	37	110
1965	11	12	GH	CD	5	2	AR	TN	33	1784	1631	+6	−4	19	41
1965	11	14	CI	CD	3	0	AR	TN	38	1714	1593	+5	−8	29	49
1965	12	25	CD	CG	2	1	FT		10	1603	1571	+1	−1	48	52
1966	02	27	NE	CD	2	1	F		18	1129	1585	+1	−1	144	49
1966	06	30	CD	GH	0	3	IND		-15	1570	1860	−5	+1	53	12
1966	07	03	CD	CG	4	1	IND		18	1588	1545	+4	−2	48	55
1966	08	07	CD	CF	5	0	F		6	1594	1367	0	−1	48	100
1966	11	05	NG	CD	3	2	F		9	1545	1585	+4	0	56	48
1966	11	27	CD	NG	1	0	F		6	1591	1539	0	−3	48	58
1966	12	02	CD	GA	4	3	FT	CF	8	1599	1399	+1	−1	47	96
1966	12	03	CF	CD	1	4	FT		-15	1324	1614	−3	+4	109	43
1967	00	00	LR	CD	1	4	F		-10	1347	1624	−3	+2	103	41
1967	01	04	GA	CD	1	0	F		13	1412	1611	+2	−3	94	44
1967	01	22	CD	CG	4	1	F		10	1621	1541	+3	−4	41	57
1967	02	00	TG	CD	2	4	F		-14	1495	1635	−3	0	68	40
1967	02	24	UG	CD	0	5	F		-10	1325	1645	−4	+1	109	39
1967	03	18	CD	SD	3	2	FQ		15	1660	1635	+4	−1	36	40
1967	04	02	SD	CD	1	0	FQ		16	1651	1644	+2	−4	38	40
1967	04	19	CG	CD	3	1	F		14	1588	1630	+3	0	48	40
1967	04	30	CD	GH	2	0	F		18	1648	1790	0	0	40	17
1967	05	24	GH	CD	2	0	F		6	1796	1642	0	−1	18	40
1967	08	00	CD	ML	2	2	F		-5	1637	1551	−1	+2	41	55
1967	08	06	CD	ET	1	0	F		5	1642	1530	+1	0	40	61
1967	08	13	CD	SD	2	1	FQ	UG	21	1663	1630	+5	−5	35	41
1967	08	19	KE	CD	5	4	F		14	1444	1649	+5	−2	83	37
1967	08	20	KE	CD	1	1	F		3	1447	1646	0	−1	83	38
1967	09	17	CD	TZ	1	0	FQ		3	1649	1284	+2	−1	35	118
1967	10	14	TZ	CD	0	1	FQ		-5	1192	1654	−2	+2	137	35
1967	11	24	DH	CD	2	5	F		-13	1452	1667	−4	+1	79	37
1967	12	24	CD	RO	1	1	F		0	1667	1773	0	0	37	19
1968	01	12	CD	CG	3	0	AR	ET	35	1702	1561	+8	−7	29	58
1968	01	14	GH	CD	2	1	AR	ET	23	1756	1679	+3	−6	21	35
1968	01	16	CD	SN	2	1	AR	ET	22	1701	1609	+6	−6	29	46
1968	01	19	ET	CD	2	3	AR		-28	1611	1729	−5	+5	44	24
1968	01	21	CD	GH	1	0	AR	ET	30	1759	1765	+3	−3	21	20
1968	03	07	GN	CD	1	0	F		12	1595	1747	+5	−3	49	24
1968	11	24	CD	TN	1	0	IND		6	1753	1609	+2	−2	22	48
1969	01	26	CD	SN	4	0	FT		11	1764	1605	+1	−2	22	48
1969	01	30	CD	CM	2	1	FT		4	1768	1521	+1	0	21	66
1969	11	22	CD	ZM	10	1	F		7	1775	1553	0	−2	23	58
1969	12	14	CD	NG	5	0	F		7	1782	1610	0	−3	22	49
1970	02	07	GH	CD	2	0	AR	SD	52	1690	1730	+8	−7	33	29
1970	02	09	CD	GN	2	2	AR	SD	-8	1722	1622	0	+2	29	43
1970	02	11	EG	CD	1	0	AR	SD	21	1794	1701	+5	−2	17	32
1970	06	27	SD	CD	0	3	F		-21	1659	1722	0	+2	37	30
1970	11	08	UG	CD	1	4	FQ		-20	1441	1742	−6	+4	82	25
1970	11	24	CD	UG	1	0	FQ		4	1746	1437	0	−1	24	82
1971	01	10	GH	CD	1	1	F		-2	1706	1748	0	+1	31	23
1971	04	26	TZ	CD	0	1	F		-2	1266	1750	0	0	123	22
1971	06	06	ZM	CD	2	1	FQ		29	1519	1721	0	−8	66	31
1971	06	20	CD	ZM	3	0	FQ		10	1731	1509	+3	0	28	66
1972	02	25	SD	ZR	1	1	AR	CM	3	1695	1728	0	0	35	31
1972	02	27	ZR	CG	2	0	AR	CM	26	1754	1591	+6	−10	25	54
1972	02	29	MA	ZR	1	1	AR	CM	6	1680	1748	+2	−2	35	27
1972	03	02	ML	ZR	4	3	AR	CM	36	1623	1712	+13	−4	42	31
1972	03	04	CM	ZR	5	2	AR		50	1613	1662	+8	−6	49	37
1972	06	06	TG	ZR	0	0	WQ		6	1451	1656	+2	−2	77	39
1972	06	20	ZR	TG	4	0	WQ		11	1667	1440	+2	−3	37	79
1972	07	02	ZR	GN	6	0	F		11	1678	1583	+1	−1	35	52
1973	02	04	CM	ZR	0	1	WQ		-22	1599	1700	−3	+3	47	33
1973	02	25	ZR	CM	0	1	WQ		-30	1670	1629	−5	+2	36	44
1973	02	27	ZR	CM	2	0	WQ		18	1688	1611	+4	−2	32	46
1973	04	15	UV	ZR	0	5	FQ		-17	1344	1705	−1	+2	105	32
1973	04	22	ZR	UV	4	1	FQ		5	1710	1339	+1	0	31	105
1973	05	27	CM	ZR	2	1	FQ		20	1631	1690	+4	−1	42	32
1973	06	14	ZR	CM	2	0	FQ		17	1707	1614	0	−2	32	44
1973	08	05	GH	ZR	1	0	WQ		19	1640	1688	+2	−1	40	31
1973	08	19	ZR	GH	4	1	WQ		21	1709	1619	+2	−2	30	43
1973	11	04	ZM	ZR	0	2	WQ		-27	1550	1736	−6	+1	59	28
1973	11	18	ZR	ZM	2	1	WQ		6	1742	1544	0	−1	28	60
1973	12	09	ZR	MA	3	0	WQ		17	1759	1629	0	−1	28	41
1974	03	03	ZR	GN	2	1	AR	EG	16	1775	1605	+2	−3	25	46
1974	03	05	CG	ZR	2	1	AR	EG	39	1598	1736	+8	−2	48	27
1974	03	07	ZR	MU	4	1	AR	EG	6	1742	1277	0	−1	27	122
1974	03	09	EG	ZR	2	3	AR		-28	1653	1770	−4	+1	36	26
1974	03	12	ZR	ZM	2	2	AR	EG	-13	1757	1591	−1	+1	27	51
1974	03	14	ZR	ZM	2	0	AR	EG	21	1778	1570	+3	−3	24	54
1974	06	14	SQ	ZR	2	0	WC	WG	39	1867	1739	+2	−5	15	27
1974	06	18	YU	ZR	9	0	WC	WG	34	1984	1705	+3	−3	4	29
1974	06	22	BR	ZR	3	0	WC	WG	11	2097	1694	+1	−1	1	30
1974	09	06	LY	ZR	0	2	RVA		-11	1391	1705	−1	+2	95	28
1975	04	06	ZR	UV	4	1	OQ		4	1709	1331	0	−1	29	109
1975	04	27	UV	ZR	1	2	OQ		-7	1324	1716	−2	+1	111	29
1975	07	12	EG	ZR	3	2	FT	IR	18	1656	1698	+1	0	40	30
1975	10	09	UG	ZR	1	2	IND		-12	1516	1710	−2	+1	63	28
1975	11	19	CM	ZR	2	1	F		11	1587	1699	+2	−1	49	29
1975	11	22	CM	ZR	2	2	F		0	1587	1699	0	0	49	29
1975	11	23	TG	ZR	0	0	F		3	1486	1696	+2	−1	69	30
1975	11	30	SN	ZR	3	1	OQ		36	1556	1660	+4	−7	55	37
1975	12	14	ZR	SN	2	0	OQ		14	1674	1542	+4	−4	33	59
1976	03	01	NG	ZR	4	2	AR	ET	42	1676	1632	+11	−11	33	44
1976	03	04	MA	ZR	1	0	AR	ET	19	1739	1613	+1	−2	27	46
1976	03	06	SD	ZR	1	1	AR	ET	6	1541	1607	0	−1	58	47
1976	07	01	GA	ZR	1	1	F		5	1326	1602	0	0	111	48
1976	07	03	ZR	RW	6	1	F	GA	2	1604	1067	0	0	48	156
1976	07	05	ZR	CM	2	1	F	GA	10	1614	1591	+2	−1	46	50
1976	07	07	ZR	BI	1	0	F	GA	2	1616	1245	0	−1	46	126
1977	07	19	CN	ZR	3	2	FRT		14	1563	1602	+4	−1	53	46
1977	12	01	CG	ZR	2	0	F		14	1534	1588	+3	0	61	48
1979	04	15	CG	ZR	4	2	FQ		30	1518	1558	+5	−3	63	55
1979	04	29	ZR	CG	4	1	FQ		22	1580	1496	+1	−5	54	68
1979	06	24	ZM	ZR	4	1	F		10	1652	1570	0	0	41	54
1979	06	30	ZR	ZM	1	2	F		-11	1559	1663	−3	+4	57	37
1979	07	08	ZR	TG	4	1	F		9	1568	1454	+1	−3	55	79
1979	07	15	KE	ZR	2	2	F		2	1397	1566	0	0	93	55
1979	07	25	BJ	ZR	0	1	F		-7	1340	1573	−1	+1	105	55
1979	07	28	BJ	ZR	0	3	F		-11	1329	1584	−2	+1	107	54
1979	08	04	ZR	GN	3	2	FQ		14	1598	1569	+1	−1	52	55
1979	08	19	GN	ZR	3	1	FQ		24	1593	1574	+5	−5	52	57
1980	06	25	ZR	CG	1	2	FT		-20	1554	1569	−5	+4	57	55
1980	06	27	ZR	GA	1	1	F		-7	1547	1323	−2	+2	59	104
1980	06	30	ZR	GN	3	1	FT		15	1562	1509	+2	−1	56	67
1980	07	13	ZR	MZ	5	2	WQ		9	1571	1325	+1	−1	55	104
1980	07	27	MZ	ZR	1	2	WQ		-12	1313	1583	−3	+4	107	51
1980	11	16	MG	ZR	1	1	WQ		4	1411	1579	0	0	91	51
1980	11	23	GN	ZR	2	1	F		9	1507	1570	+1	−2	71	53
1980	12	21	ZR	MG	3	2	WQ		7	1577	1404	+3	−1	50	91
1981	04	05	ZR	MZ	2	1	FQ		4	1581	1310	−1	−2	53	109
1981	04	12	ZR	CM	1	0	WQ		15	1596	1577	+6	−5	47	53
1981	04	19	MZ	ZR	3	3	FQ		9	1335	1587	0	−1	104	48
1981	04	26	CM	ZR	6	1	WQ		30	1604	1557	+5	−5	47	54
1981	06	26	ZM	ZR	3	1	F		12	1546	1545	+5	−2	56	57
1981	06	28	ZM	ZR	2	2	F		-3	1543	1548	−1	+1	57	56
1981	07	16	BJ	ZR	1	2	F		-6	1315	1554	−1	0	106	57
1981	07	22	GH	ZR	2	2	FQ		-11	1648	1565	0	+4	40	53
1981	07	29	CG	ZR	2	2	F		-2	1523	1567	−3	+1	66	53
1981	08	02	ZR	GH	1	2	FQ		-21	1546	1669	−6	0	59	39
1981	08	23	ZR	CM	2	0	CFG	AO	36	1582	1580	+9	−5	50	52
1981	08	25	GA	ZR	1	1	CFG	AO	13	1339	1569	+1	−4	103	54
1981	08	27	ZR	CG	2	1	CFG	AO	20	1589	1547	+6	−5	48	60
1981	08	29	AO	ZR	1	1	CFG		2	1449	1587	0	0	78	48
1984	01	08	ZR	CM	2	2	F		-3	1584	1586	−1	+1	50	49
1984	11	13	ZR	GA	2	0	FQ		7	1591	1326	+3	−3	48	104
1984	11	25	GA	ZR	1	1	FQ		9	1335	1582	+2	−3	102	51
1985	03	05	CI	ZR	2	1	F		7	1587	1575	+2	−3	50	54
1985	03	31	CG	ZR	2	5	FQ		-40	1481	1615	−12	+9	76	46
1985	04	14	ZR	CG	0	0	FQ		-12	1603	1493	−4	+7	47	70
1985	06	30	RE	ZR	1	2	IOT		-3	1132	1606	−1	0	149	48
1985	07	02	ZR	MW	1	0	IOT	RE	14	1620	1569	+2	−4	46	55
1985	07	09	KE	ZR	0	1	F		-6	1381	1626	−1	0	90	45
1985	08	25	MA	ZR	1	0	FQ		11	1696	1615	0	0	34	44
1985	09	08	ZR	MA	0	0	FQ		-1	1614	1697	−1	0	45	34
1985	11	19	ZR	ZM	0	1	FT		-21	1593	1600	−6	+4	51	50
1985	11	21	ZR	EG	3	2	FT		11	1604	1599	+3	−6	48	51
1985	11	24	ZR	CI	1	2	FT		-19	1585	1620	−5	+8	53	42
1986	09	27	ZM	ZR	2	2	F		-3	1586	1588	−1	+1	54	53
1986	09	28	ZM	ZR	0	1	F		-13	1573	1601	−1	+3	55	50
1987	03	18	CI	ZR	2	1	F		7	1598	1594	+2	−1	48	49
1987	03	22	CI	ZR	1	3	F		-19	1579	1613	−4	+2	52	47
1987	03	29	ZR	AO	3	0	FQ		12	1625	1435	0	−1	46	82
1987	04	12	AO	ZR	1	0	FQ		25	1462	1600	+4	−4	78	50
1987	04	21	AO	ZR	2	1	ACG	CG	27	1494	1573	+3	−5	75	54
1987	04	23	CG	ZR	0	0	ACG		1	1448	1572	0	0	82	54
1987	04	29	ZR	TD	4	0	ACG	CG	11	1583	1247	+2	−1	52	125
1987	07	05	SN	ZR	0	0	FQ		-4	1556	1587	0	0	58	53
1987	07	19	ZR	SN	0	0	FQ		-8	1579	1543	−2	+2	55	61
1988	03	13	MA	ZR	1	1	AR		-13	1675	1592	−3	+1	36	51
1988	03	16	CI	ZR	1	1	AR	MA	-3	1637	1595	0	0	43	52
1988	03	19	DZ	ZR	1	0	AR	MA	24	1632	1571	+4	−3	44	55
1988	11	13	ZR	CG	1	0	F		4	1575	1403	+2	0	49	91
1988	12	31	ZR	AO	0	0	F		-5	1570	1503	−4	0	55	66
1989	01	08	ZR	TN	3	1	WQ		16	1586	1473	+8	−4	48	74
1989	01	22	ZM	ZR	4	2	WQ		19	1633	1567	+1	−8	43	56
1989	01	29	SN	ZR	1	1	F		-2	1535	1569	0	+1	63	55
1989	01	31	SN	ZR	2	1	F		8	1543	1561	+1	−3	62	58
1989	06	01	CI	ZR	1	1	F		-6	1674	1567	−2	+2	35	54
1989	06	04	GA	ZR	0	0	F		1	1421	1566	−1	−1	86	55
1989	06	11	ZR	MA	0	0	WQ		-3	1563	1617	−1	+1	56	47
1989	06	25	TN	ZR	1	0	WQ		19	1502	1544	+6	−4	67	60
1989	07	10	KE	ZR	0	1	F		-9	1392	1553	−3	+1	97	59
1989	07	16	EG	ZR	2	0	FQ		17	1632	1536	0	−2	44	62
1989	07	30	ZR	EG	0	0	FQ		-1	1535	1627	0	0	62	44
1989	08	13	ZR	ZM	1	0	WQ		20	1555	1614	+2	−3	60	45
1989	08	27	MA	ZR	1	1	WQ		-8	1584	1563	−3	+2	52	57
1990	06	27	AO	ZR	1	2	F		-9	1415	1572	−2	+6	83	51
1990	06	29	AO	ZR	0	2	F		-13	1402	1585	−9	+1	92	50
1990	08	04	MW	ZR	1	0	F		12	1425	1573	+4	0	81	50
1990	08	06	MW	ZR	1	0	F		11	1436	1562	+4	−6	77	56
1990	08	08	MW	ZR	0	0	F		1	1437	1561	0	0	77	56
1990	08	12	ZM	ZR	0	0	F		-3	1565	1564	−3	0	55	56
1990	08	19	ZR	TZ	2	0	FQ		5	1569	1227	+4	−1	52	132
1990	09	01	UG	ZR	2	1	FQ		18	1527	1551	0	−5	66	58
1991	04	14	ZR	GA	2	1	FQ		7	1558	1387	+1	−2	58	92
1991	04	27	TZ	ZR	1	0	FQ		29	1329	1529	+3	−6	111	64
1991	07	09	CG	ZR	0	0	F		-2	1481	1531	0	+2	73	62
1991	07	14	ZR	UG	1	0	FQ		13	1544	1487	+3	−3	60	70
1991	07	28	GA	ZR	0	0	FQ		2	1404	1542	+2	0	85	61
1992	01	05	ZR	CI	2	0	F		17	1559	1666	+3	−2	60	38
1992	01	14	MA	ZR	1	1	AR	SN	-1	1573	1560	0	0	58	60
1992	01	16	CM	ZR	1	1	AR	SN	-9	1683	1569	−1	+2	36	59
1992	01	19	NG	ZR	1	0	AR	SN	20	1663	1549	+4	−3	40	63
1992	08	16	ZR	MZ	2	0	FQ		9	1558	1335	+2	−2	64	118
1992	08	29	KE	ZR	1	3	FQ		-27	1399	1585	−11	+2	106	62
1992	10	11	ZR	LR	4	2	WQ		10	1595	1387	+3	−1	57	106
1992	10	25	SZ	ZR	1	0	WQ		35	1205	1560	+9	−7	152	64
1993	01	10	ZR	CM	1	2	WQ		-20	1540	1676	−3	+3	67	35
1993	03	01	CM	ZR	0	0	WQ		-11	1635	1551	−3	0	46	65
1993	04	11	LS	ZR	1	1	FQ		13	1196	1538	+2	−2	155	67
1993	04	25	MZ	ZR	0	0	FQ		7	1315	1531	+4	−1	124	70
1993	07	11	ZR	KE	0	1	FQ		-31	1500	1458	−8	+7	80	92
1993	07	25	ZR	LS	7	0	FQ		8	1508	1181	+1	−1	78	159
1994	03	12	CG	ZR	2	1	F		10	1401	1498	+2	−3	102	78
1994	03	15	GA	ZR	2	1	F		9	1438	1489	+2	−4	93	82
1994	03	28	ZR	ML	1	0	AR	TN	25	1514	1465	+9	−9	73	90
1994	03	30	TN	ZR	1	1	AR		-9	1536	1523	−2	+1	71	72
1994	04	02	NG	ZR	2	0	AR	TN	19	1724	1504	+1	−4	29	76
1994	08	19	CG	ZR	2	0	F		15	1416	1489	+2	−3	98	82
1994	08	24	ZR	CG	2	0	F		8	1497	1408	+2	−1	80	99
1994	08	26	ZR	CG	1	1	F		-5	1492	1413	−1	0	81	99
1994	09	04	ZR	MW	1	1	FQ		-10	1482	1404	0	+4	82	99
1994	10	16	CM	ZR	1	0	FQ		7	1651	1475	0	−2	39	85
1994	11	13	ZW	ZR	2	1	FQ		13	1523	1462	+7	−1	70	86
1995	01	08	ZR	LS	3	0	FQ		9	1471	1221	+2	−5	85	149
1995	04	09	MW	ZR	0	1	FQ		-25	1442	1496	−3	+6	91	79
1995	04	23	ZR	CM	2	1	FQ		16	1512	1515	+5	−4	75	74
1995	06	04	ZR	ZW	5	0	FQ		33	1545	1520	+11	−10	66	74
1995	12	12	ZR	CG	2	2	F		-7	1538	1362	−3	0	71	116
1996	01	19	GA	ZR	2	0	AR	ZA	47	1498	1491	+17	−11	77	81
1996	01	25	ZR	LR	2	0	AR	ZA	30	1521	1389	+6	−6	74	108
1996	01	28	GH	ZR	1	0	AR	ZA	12	1735	1509	0	−2	30	76
1996	04	08	CG	ZR	2	1	F		11	1373	1498	0	−3	115	78
1996	04	28	ZR	CG	3	1	F		6	1504	1367	+3	0	75	115
1996	06	02	MU	ZR	1	5	WQ		-17	1171	1521	−5	0	163	75
1996	06	16	ZR	MU	2	0	WQ		4	1525	1167	+1	0	75	163
1996	08	29	MA	ZR	7	0	F		12	1616	1513	+5	−1	49	74
1996	10	06	ZR	LR	0	0	FQ		-11	1502	1416	−2	+3	77	103
1996	11	09	ZA	ZR	1	0	WQ		5	1760	1497	0	−1	26	79
1997	01	12	ZR	CG	1	1	WQ		-9	1488	1431	−2	+6	79	95
1997	01	26	TZ	ZR	1	2	FQ		-18	1330	1506	−3	+3	124	75
1997	02	23	TG	ZR	1	1	FQ		0	1398	1506	+1	0	109	76
1997	04	09	ZR	ZM	2	2	WQ	ZW	7	1513	1623	+3	−2	73	50
1997	04	27	ZA	ZR	2	1	WQ	TG	10	1720	1503	+4	−3	28	75
1997	06	08	CG	CD	1	0	WQ		17	1474	1486	+3	−3	84	80
1997	06	22	LR	CD	2	1	FQ		21	1394	1465	+6	−7	108	86
1997	06	28	CD	UG	0	0	F		-5	1460	1398	0	+4	86	105
1997	07	13	CD	TZ	1	1	FQ		-11	1449	1345	−1	+2	88	122
1997	07	27	CD	TG	1	0	FQ		12	1461	1386	+1	−4	86	110
1997	08	16	ZM	CD	2	0	WQ		12	1621	1449	+3	−2	50	88
1998	02	09	CD	TG	2	1	AR	BF	18	1467	1336	+3	−7	87	123
1998	02	12	TN	CD	2	1	AR	BF	15	1629	1452	+3	−4	49	91
1998	02	16	CD	GH	1	0	AR	BF	28	1480	1468	+10	−8	81	86
1998	02	20	CD	CM	1	0	AR	BF	33	1513	1555	+9	−5	72	63
1998	02	25	ZA	CD	2	1	AR	BF	14	1692	1499	+1	−2	39	74
1998	02	27	BF	CD	4	4	AR		1	1387	1498	0	0	109	74
1998	10	04	ZM	CD	1	1	FQ		-10	1588	1508	−1	0	58	75
1999	01	24	CD	KE	2	1	FQ		12	1520	1449	+1	−2	73	90
1999	02	28	MG	CD	3	1	FQ		27	1479	1493	+11	−4	79	77
1999	04	11	CD	MG	2	0	FQ		20	1513	1459	+2	−7	73	87
1999	06	06	KE	CD	0	1	FQ		-21	1405	1534	−5	0	104	74
1999	06	20	CD	ZM	0	1	FQ		-19	1515	1666	−1	+3	75	45
1999	10	30	CD	CG	1	1	F		-4	1511	1467	−2	+1	73	87
1999	12	01	CG	CD	0	1	F		-10	1409	1521	−4	+1	107	71
2000	01	24	DZ	CD	0	0	AR	GH	3	1479	1518	+1	0	81	71
2000	01	27	ZA	CD	1	0	AR	GH	15	1684	1503	+1	−5	41	76
2000	02	02	CD	GA	0	0	AR	GH	-7	1496	1414	0	+3	77	102
2000	04	07	DJ	CD	1	1	WQ		18	889	1478	+1	−4	198	81
2000	04	12	ET	CD	1	2	F		-9	1334	1487	−1	0	122	85
2000	04	23	CD	DJ	9	1	WQ		2	1489	887	+2	0	83	198
2000	06	17	MG	CD	3	0	WQ		31	1459	1458	+12	−7	86	87
2000	07	02	CF	CD	1	1	FQ		7	1245	1451	0	−2	144	88
2000	07	09	CD	CG	2	0	WQ		20	1471	1407	+6	−8	82	104
2000	07	16	CD	CF	2	0	FQ		8	1479	1237	+1	−2	81	145
2000	09	03	ZW	CD	3	2	FQ		13	1527	1466	+3	−4	71	84
2000	10	10	CD	LS	1	1	FQ		-16	1450	1196	−2	+2	86	157
2001	01	14	CD	GH	2	1	FQ		18	1468	1492	+6	−1	80	77
2001	02	25	TN	CD	6	0	WQ		16	1643	1452	+3	−5	53	86
2001	03	10	CD	CI	1	2	WQ		-18	1434	1609	−4	+2	89	58
2001	03	25	GH	CD	3	0	FQ		25	1463	1409	+4	−14	83	104
2001	04	22	CD	MG	1	0	WQ		15	1424	1401	+10	−4	95	107
2001	05	06	CG	CD	1	1	WQ		-3	1378	1427	−2	−1	115	97
2001	06	03	LS	CD	0	0	FQ		7	1207	1420	+1	−1	155	99
2001	06	17	CD	ZW	2	1	FQ		16	1436	1438	+5	−5	95	94
2001	07	15	CD	TN	0	3	WQ		-24	1412	1671	−10	+8	104	46
2001	07	29	CI	CD	1	2	WQ		-35	1609	1447	−2	+12	55	91
2001	10	24	TZ	CD	2	2	LGR		5	1231	1442	+1	−2	150	95
2001	10	27	UG	CD	1	0	LGR	TZ	19	1377	1423	+4	−4	113	99
2002	01	20	CM	CD	1	0	AR	ML	7	1737	1416	+3	−4	33	104
2002	01	26	CD	TG	0	0	AR	ML	7	1423	1511	+4	−2	100	75
2002	01	29	CD	CI	3	1	AR	ML	55	1478	1543	+15	−10	85	66
2002	02	04	SN	CD	2	0	AR	ML	22	1648	1456	+2	−5	48	90
2002	08	20	DZ	CD	1	1	F		-3	1477	1459	0	0	85	87
2002	08	25	CG	CD	1	3	F		-15	1350	1474	−6	+1	123	86
2002	09	08	LY	CD	3	2	FQ		20	1402	1454	+6	−5	108	89
2002	10	13	CD	BW	2	0	FQ		5	1459	1137	+2	0	87	163
2003	02	22	MW	CD	1	1	F		0	1354	1459	0	0	124	91
2003	02	23	MW	CD	2	3	F		-10	1344	1469	−3	+6	127	85
2003	03	04	SD	CD	1	3	F		-16	1367	1485	−9	+5	119	80
2003	03	09	CD	CG	3	0	F		8	1493	1376	+2	−4	78	113
2003	03	16	LS	CD	2	2	F		6	1154	1487	+1	−2	161	80
2003	03	30	SZ	CD	1	1	FQ		8	1258	1479	+4	−4	142	84
2003	06	08	CD	SZ	2	0	FQ		8	1487	1240	+3	−1	79	146
2003	06	22	CD	LY	2	1	FQ		9	1496	1355	+2	−5	76	123
2003	07	05	BW	CD	0	0	FQ		11	1183	1485	0	−3	158	79
2003	08	20	AO	CD	0	2	F		-20	1478	1505	−10	+8	85	74
2004	01	14	EG	CD	2	2	F		-7	1694	1512	0	+3	39	78
2004	01	25	GN	CD	2	1	AR	TN	24	1543	1488	+3	−3	71	81
2004	01	28	TN	CD	3	0	AR		16	1668	1472	+2	−2	46	83
2004	02	01	RW	CD	1	0	AR	TN	35	1357	1437	+8	−12	119	94
2004	05	23	CD	AO	1	3	F		-18	1419	1481	−4	+7	101	82
2004	06	06	UG	CD	1	0	WQA		15	1426	1404	+4	−7	100	107
2004	06	20	CD	BF	3	2	WQA		15	1419	1393	+6	−5	101	110
2004	07	03	CV	CD	1	1	WQA		-3	1361	1422	+1	0	117	101
2004	08	18	ML	CD	3	0	F	FR	12	1539	1410	+4	−2	71	104
2004	09	05	CD	ZA	1	0	WQA		24	1434	1548	+5	−5	98	71
2004	10	10	GH	CD	0	0	WQA		-9	1483	1443	−4	+1	88	95
2005	02	08	CD	CI	2	2	F	FR	6	1449	1665	0	−2	93	45
2005	03	27	CD	GH	1	1	WQA		-4	1445	1488	−1	−1	94	86
2005	06	05	CD	UG	4	0	WQA		17	1462	1310	+1	−4	92	128
2005	06	18	BF	CD	2	0	WQA		32	1366	1430	+12	−6	109	97
2005	07	01	BW	CD	0	0	F		0	1320	1430	0	0	126	97
2005	08	16	CD	GN	3	1	F	FR	19	1449	1494	+3	−3	94	83
2005	09	04	CD	CV	2	1	WQA		10	1459	1341	0	−4	93	117
2005	09	25	ZM	CD	2	2	F		-3	1480	1462	0	+1	87	91
2005	09	27	CD	ZM	0	0	F		-2	1460	1482	0	0	91	87
2005	10	08	ZA	CD	2	2	WQA		-9	1529	1469	−2	+1	73	90
2005	11	11	CD	TN	2	2	F	FR	6	1475	1700	+3	−1	87	39
2005	11	16	LY	CD	2	1	F	FR	10	1479	1465	+3	−4	87	91
2005	12	11	CD	ZM	1	1	F		-1	1464	1514	0	+1	92	77
2005	12	14	ZM	CD	4	1	F		10	1524	1454	+2	−3	75	95
2006	01	09	MA	CD	3	0	F		5	1686	1449	+2	0	44	95
2006	01	14	SN	CD	0	0	F		-8	1693	1457	−1	0	43	95
2006	01	21	CD	TG	2	0	AR	EG	51	1508	1532	+14	−12	81	74
2006	01	25	AO	CD	0	0	AR	EG	-2	1532	1510	0	0	73	79
2006	01	29	CM	CD	2	0	AR	EG	13	1790	1497	+2	−1	25	80
2006	02	03	EG	CD	4	1	AR		11	1743	1486	+1	−2	34	85
2006	05	12	MX	CD	2	1	F		1	1848	1485	0	0	14	87
2006	09	03	CD	NA	3	2	FQ		4	1489	1175	0	−2	86	167
2006	10	08	LY	CD	1	1	FQ		-3	1447	1492	0	0	97	89
2006	12	10	TZ	CD	2	0	IND		29	1314	1463	+5	−6	128	93
2007	04	29	CD	ET	2	0	FQ		17	1480	1382	+3	−4	90	107
2007	05	28	CG	CD	2	1	F		9	1436	1471	+4	−1	96	91
2007	06	01	ET	CD	1	0	FQ		19	1401	1452	+3	−3	103	94
2007	06	16	NA	CD	1	1	FQ		7	1224	1445	+1	−1	151	94
2007	07	29	MG	CD	0	0	F		4	1181	1441	+1	−2	161	96
2007	08	22	CD	AO	3	1	F		16	1457	1557	+4	−5	92	69
2007	09	08	CD	LY	1	1	FQ		-8	1449	1424	+1	−1	91	101
2008	03	25	CD	GA	0	0	F	FR	-1	1448	1429	0	0	94	100
2008	03	26	DZ	CD	1	1	F	FR	1	1402	1447	−1	−1	106	95
2008	06	01	EG	CD	2	1	WQA		2	1822	1445	0	−1	16	97
2008	06	08	CD	MW	1	0	WQA		8	1453	1292	+2	−3	95	132
2008	06	13	DJ	CD	0	6	WQA		-3	802	1456	0	0	208	95
2008	06	22	CD	DJ	5	1	WQA		1	1457	801	+1	0	94	208
2008	08	20	CD	TG	2	1	F	FR	9	1466	1424	+1	−1	93	101
2008	09	07	CD	EG	0	1	WQA		-10	1456	1764	0	+4	92	27
2008	10	11	MW	CD	2	1	WQA		23	1335	1433	+4	−2	122	96
2008	11	15	CD	ZM	0	0	F		0	1433	1528	0	0	98	78
2009	05	09	TZ	CD	0	2	F		-16	1349	1449	0	+4	120	97
2009	06	06	NA	CD	4	0	F		21	1326	1428	+6	−6	125	102
2009	08	12	SN	CD	2	1	F	FR	7	1549	1421	+1	−2	72	105
2009	10	14	CD	QA	2	2	F	FR	3	1424	1523	0	0	104	82
2010	03	03	NG	CD	5	2	F		4	1704	1420	0	−2	40	108
2010	05	21	SA	CD	2	0	F	AT	5	1686	1415	+1	−2	42	109
2010	08	11	EG	CD	6	3	F		2	1835	1413	0	+2	14	107
2010	09	05	CD	SN	2	4	FQ		-25	1388	1591	−5	+12	112	59
2010	10	09	CM	CD	1	1	FQ		-16	1647	1404	−2	+3	49	110
2010	11	17	ML	CD	3	1	F	FR	11	1521	1393	+3	−2	83	112
2011	01	08	CD	KE	1	0	NBT	EG	11	1404	1279	+2	−4	110	139
2011	01	11	CD	SD	2	1	NBT	EG	11	1415	1288	+2	−4	108	135
2011	01	14	UG	CD	1	0	NBT	EG	9	1564	1406	+1	−1	73	109
2011	01	17	CD	KE	1	0	NBT	EG	10	1416	1267	+1	0	108	139
2011	02	09	GA	CD	2	0	F	FR	9	1575	1407	+5	−2	65	110
2011	03	27	CD	MU	3	0	FQ		4	1411	1025	0	0	110	184
2011	06	05	MU	CD	1	2	FQ		-6	1019	1417	−1	+2	185	108
2011	08	10	GM	CD	3	0	F		14	1392	1403	+1	−2	111	108
2011	08	27	AO	CD	1	2	F		-14	1427	1417	−3	+2	102	106
2011	09	03	SN	CD	2	0	FQ		10	1602	1407	+3	−3	59	108
2011	10	07	CD	CM	2	3	FQ		-13	1394	1651	−1	+4	109	49
2011	11	06	CD	LS	3	0	F	ZA	7	1401	1158	+4	−2	105	167
2011	11	11	SZ	CD	1	3	WQ		-16	1107	1417	−3	+4	175	101
2011	11	15	CD	SZ	5	1	WQ		6	1423	1101	0	−1	101	176
2012	01	15	OM	CD	2	2	F		-5	1512	1428	0	0	82	102
2012	02	23	TZ	CD	0	0	F		2	1261	1426	0	0	141	102
2012	02	29	SC	CD	0	4	FQ		-11	1016	1437	−2	+1	185	101
2012	03	02	CD	EG	0	0	F	QA	7	1444	1715	+2	−1	99	36
2012	06	02	CM	CD	1	0	WQ		6	1662	1438	0	−2	46	99
2012	06	10	CD	TG	2	0	WQ		16	1454	1345	+4	−2	96	119
2012	06	17	CD	SC	3	0	FQ		3	1457	1013	0	−1	96	187
2012	09	09	CD	GQ	4	0	FQ		13	1470	1269	+1	−2	95	144
2012	10	14	GQ	CD	2	1	FQ		26	1295	1444	+4	−1	138	96
2012	11	14	BF	CD	1	0	F	MA	10	1441	1434	+3	−5	100	102
2013	01	20	CD	GH	2	2	AR	ZA	16	1450	1688	+6	−3	96	39
2013	01	24	CD	NE	0	0	AR	ZA	-8	1442	1349	−1	+1	99	125
2013	01	28	CD	ML	1	1	AR	ZA	10	1452	1581	+1	−4	99	65
2013	03	24	CD	LY	0	0	WQ		0	1452	1545	+1	+3	97	71
2013	06	07	LY	CD	0	0	WQ		-10	1542	1462	−2	+2	74	95
2013	06	16	CD	CM	0	0	WQ		-1	1461	1553	0	+1	95	72
2013	09	08	TG	CD	2	1	WQ		14	1475	1447	+1	−2	94	97
2014	09	06	CD	CM	0	2	FQ		-28	1419	1594	−6	+5	107	61
2014	09	10	CD	SL	2	0	FQ		17	1436	1345	+6	−3	103	123
2014	10	11	CD	CI	1	2	FQ		-10	1426	1727	0	+1	103	30
2014	10	15	CI	CD	3	4	FQ		-36	1691	1462	−9	+7	39	96
2014	11	15	CM	CD	1	0	FQ		7	1633	1455	+2	0	52	98
2014	11	19	CD	SL	3	1	FQ		14	1469	1334	+3	−1	94	125
2015	01	07	CM	CD	1	1	F		-7	1635	1476	−3	+1	54	93
2015	01	18	CD	ZM	1	1	AR	GQ	2	1478	1506	+2	−1	89	82
2015	01	22	CV	CD	0	0	AR	GQ	-2	1510	1480	0	+1	80	89
2015	01	26	CD	TN	1	1	AR	GQ	9	1489	1600	+4	−2	84	62
2015	01	31	CD	CG	4	2	AR	GQ	37	1526	1448	+11	−11	73	98
2015	02	04	CI	CD	3	1	AR	GQ	18	1742	1508	+7	−6	28	79
2015	02	07	GQ	CD	0	0	AR		2	1385	1506	0	−2	113	81
2015	03	28	IQ	CD	2	1	F	AE	10	1524	1496	+3	−2	75	82
2015	03	31	IQ	CD	1	0	F	AE	9	1533	1487	0	−4	74	87
2015	06	09	CM	CD	1	1	F	BE	-4	1614	1491	−1	+2	57	84
2015	06	14	CD	MG	2	1	FQ		6	1497	1285	+1	−1	85	133
2015	09	06	CF	CD	2	0	FQ		44	1266	1453	+15	−12	139	96
2015	10	08	CD	NG	2	0	F	BE	23	1476	1627	+4	−2	92	52
2015	10	12	CD	GA	2	1	F	BE	11	1487	1496	+6	−4	87	86
2015	11	06	CD	ZM	3	0	IND	AO	28	1515	1482	+7	−10	80	90
2015	11	07	AO	CD	1	0	IND		14	1458	1501	+3	−4	95	84
2015	11	12	BI	CD	2	3	WQ		-17	1324	1518	−6	+5	130	79
2015	11	15	CD	BI	2	2	WQ		-14	1504	1338	−6	+7	85	124
2016	03	26	CD	AO	2	1	FQ		10	1514	1408	+4	−1	81	108
2016	03	29	AO	CD	0	2	FQ		-29	1379	1543	−5	+7	113	74
2016	05	25	CD	RO	1	1	F	IT	6	1549	1763	0	0	74	27
2016	06	05	MG	CD	1	6	FQ		-20	1237	1569	−4	+8	149	67
2016	06	19	CD	MZ	1	0	CSF	NA	9	1578	1351	+3	−2	62	117
2016	06	22	BW	CD	0	0	CSF	NA	14	1305	1564	+6	−6	128	68
2016	06	25	SZ	CD	1	0	CSF	NA	32	1347	1532	+7	−7	119	75
2016	09	04	CD	CF	4	1	FQ		9	1541	1292	+3	−2	73	133
2016	10	04	CD	KE	0	1	F		-17	1524	1373	−3	+2	77	115
2016	10	08	CD	LY	4	0	WQ		25	1549	1480	+6	−3	72	86
2016	11	13	GN	CD	1	2	WQ		-24	1491	1573	−8	+3	86	67
2017	01	05	CM	CD	2	0	F		9	1625	1564	0	0	56	68
2017	01	16	CD	MA	1	0	AR	GA	27	1591	1561	+9	−8	59	68
2017	01	20	CD	CI	2	2	AR	GA	9	1600	1708	+2	−2	59	37
2017	01	24	CD	TG	3	1	AR	GA	19	1619	1389	+4	−6	57	112
2017	01	29	GH	CD	2	1	AR	GA	26	1632	1593	+7	−6	53	62
2017	03	26	KE	CD	2	1	F		13	1397	1580	+4	−1	108	64
2017	06	05	CD	BW	2	0	F	MA	4	1584	1271	0	−1	63	141
2017	06	10	CD	CG	3	1	FQ		10	1594	1404	0	0	63	104
2017	09	01	TN	CD	2	1	WQ		16	1589	1578	+4	−3	63	66
2017	09	05	CD	TN	2	2	WQ		-5	1573	1594	−4	0	68	62
2017	10	07	LY	CD	1	2	WQ	TN	-14	1460	1587	−2	+3	92	66
2017	11	11	CD	GN	3	1	WQ		14	1601	1468	+6	−1	61	89
2018	03	27	TZ	CD	2	0	F		23	1314	1578	+9	−3	126	66
2018	05	28	NG	CD	1	1	F		-6	1693	1584	0	+1	43	66
2018	09	09	LR	CD	1	1	FQ		10	1313	1574	+2	0	130	63
2018	10	13	CD	ZW	1	2	FQ		-31	1543	1494	−9	+5	71	84
2018	10	16	ZW	CD	1	1	FQ		-3	1491	1546	−1	+1	85	70
2018	11	18	CG	CD	1	1	FQ		4	1386	1542	+4	−1	109	70
2019	03	24	CD	LR	1	0	FQ		6	1548	1333	0	−2	69	125
2019	06	09	BF	CD	0	0	F	ES	0	1532	1548	0	0	72	69
2019	06	15	CD	KE	1	1	F	ES	-4	1544	1392	0	+1	69	106
2019	06	22	UG	CD	2	0	AR	EG	48	1494	1496	+8	−13	85	82
2019	06	26	EG	CD	2	0	AR		16	1632	1480	+2	−6	52	88
2019	06	30	CD	ZW	4	0	AR	EG	46	1526	1426	+14	−9	74	98
2019	07	07	CD	MG	2	2	AR	EG	-8	1518	1425	−2	+3	77	99
2019	10	10	DZ	CD	1	1	F		-7	1698	1525	−1	+2	41	76
2019	10	13	CI	CD	3	1	F	FR	10	1646	1515	0	−2	50	78
2019	11	14	CD	GA	0	0	FQ		-9	1506	1448	0	+2	79	94
2019	11	18	GM	CD	2	2	FQ		4	1332	1502	+2	−3	124	81
2020	10	09	BF	CD	3	0	F	MA	16	1543	1486	+2	−1	72	82
2020	10	13	MA	CD	1	1	F		-7	1667	1493	−1	+2	45	80
2020	11	14	CD	AO	0	0	FQ		-12	1481	1369	−3	+3	86	114
2020	11	17	AO	CD	0	1	FQ		-19	1350	1500	−5	+10	116	79
2021	03	25	GA	CD	3	0	FQ		32	1464	1468	+5	−9	90	89
2021	03	29	CD	GM	1	0	FQ		10	1478	1359	+3	−6	84	117
2021	06	05	TN	CD	1	0	F		4	1647	1474	+2	−2	45	86
2021	06	11	CD	ML	1	1	F	TN	2	1476	1546	−1	−1	88	73
2021	09	02	CD	TZ	1	1	WQ		-13	1463	1321	−1	+3	87	129
2021	09	06	BJ	CD	1	1	WQ		-5	1449	1468	−1	0	89	87
2021	10	07	CD	MG	2	0	WQ		12	1480	1318	+2	−1	85	128
2021	10	10	MG	CD	1	0	WQ		24	1342	1456	+5	−5	123	88
2021	11	11	TZ	CD	0	3	WQ		-34	1316	1490	−12	+3	128	84
2021	11	14	CD	BJ	2	0	WQ		19	1509	1432	+4	−3	80	93
2022	02	01	BH	CD	1	0	F		7	1521	1502	+1	0	77	81
2022	03	25	CD	MA	1	1	WQ		7	1509	1726	+2	−2	80	35
2022	03	29	MA	CD	4	1	WQ		10	1736	1499	+2	−4	33	84
2022	06	04	CD	GA	0	1	FQ		-28	1471	1482	−2	+6	85	84
2022	06	08	SD	CD	2	1	FQ		25	1302	1446	+6	−5	134	90
2022	09	23	BF	CD	1	0	F	MA	6	1586	1440	+1	−1	63	92
2022	09	27	CD	SL	3	0	F	MA	13	1453	1334	+2	−3	89	123
2023	03	24	CD	MR	3	1	FQ		17	1470	1372	+3	−4	86	110
2023	03	28	MR	CD	1	1	FQ		0	1372	1470	−1	−1	111	85
2023	06	14	CD	UG	1	0	F	CM	8	1478	1381	+1	0	82	108
2023	06	18	GA	CD	0	2	FQ		-38	1432	1516	−9	+7	96	78
2023	09	09	CD	SD	2	0	FQ		8	1524	1284	+4	−3	73	142
2023	09	12	ZA	CD	1	0	F		7	1524	1517	+2	−3	73	76
2023	10	13	CD	NZ	1	1	F	ES	1	1518	1534	+2	−1	73	72
2023	10	17	AO	CD	0	0	F	PT	4	1388	1514	+1	−2	108	75
2023	11	15	CD	MR	2	0	WQ		15	1529	1403	+3	−3	72	103
2023	11	19	SD	CD	1	0	WQ	LY	32	1322	1497	+12	−5	130	79
2024	01	06	AO	CD	0	0	F	AE	3	1388	1494	+1	−2	107	80
2024	01	10	BF	CD	2	1	F	AE	8	1570	1486	+3	−3	64	83
2024	01	17	CD	ZM	1	1	AR	CI	0	1486	1492	0	−1	84	82
2024	01	21	CD	MA	1	1	AR	CI	20	1506	1832	+6	−4	78	20
2024	01	24	CD	TZ	0	0	AR	CI	-10	1496	1362	−5	+3	83	113
2024	01	28	CD	EG	1	1	AR	CI	10	1506	1639	+4	−2	79	53
2024	02	02	CD	GN	3	1	AR	CI	37	1543	1462	+7	−9	72	92
2024	02	07	CI	CD	1	0	AR		16	1597	1527	0	0	64	72
2024	02	10	CD	ZA	0	0	AR	CI	4	1531	1576	0	0	72	66
2024	06	06	SN	CD	1	1	WQ		-15	1761	1546	−5	+2	30	72
2024	06	09	CD	TG	1	0	WQ		7	1553	1370	+3	−3	70	112
2024	09	06	CD	GN	1	0	FQ		11	1564	1471	+4	−1	69	89
2024	09	09	CD	ET	2	0	FQ	TZ	11	1575	1298	+3	−2	65	141
2024	10	10	CD	TZ	1	0	FQ		7	1582	1387	+3	−2	63	108
2024	10	15	TZ	CD	0	2	FQ		-22	1365	1604	−6	+7	114	58
2024	11	16	GN	CD	1	0	FQ	CI	27	1511	1577	+5	−7	80	67
2024	11	19	CD	ET	1	2	FQ		-37	1540	1275	−9	+5	74	148
2025	03	21	CD	SS	1	0	WQ		2	1542	1119	0	−3	74	172
2025	03	25	MR	CD	0	2	WQ		-24	1346	1566	−5	+8	122	65
2025	06	05	CD	ML	1	0	F	FR	11	1577	1601	+2	−1	65	59
2025	06	08	CD	MG	3	1	F	FR	6	1583	1318	0	−3	64	135
2025	09	05	SS	CD	1	4	WQ		-8	1125	1591	−2	+2	171	64
2025	09	09	CD	SN	2	3	WQ		-15	1576	1803	−4	+2	68	25
2025	10	10	TG	CD	0	1	WQ		-14	1349	1590	−5	+4	120	64
2025	10	14	CD	SD	1	0	WQ		6	1596	1368	0	−3	65	113
2025	11	13	CD	CM	1	0	WQ	MA	19	1615	1559	+6	−1	59	70
2025	11	16	CD	NG	1	1	WQ	MA	1	1616	1627	−1	−1	59	58
2025	12	16	CD	ZM	2	0	F	ES	6	1622	1359	+1	−1	58	113
2025	12	23	CD	BJ	1	0	AR	MA	13	1635	1422	+2	−4	56	98
2025	12	27	CD	SN	1	1	AR	MA	12	1647	1797	+1	−2	55	26
2025	12	30	CD	BW	3	0	AR	MA	10	1657	1285	+1	−4	54	144
2026	01	06	DZ	CD	1	0	AR	MA	18	1775	1639	+3	−4	30	58
2026	03	25	CD	BM	2	0	F	MX	1	1640	1119	0	0	57	172
2026	03	31	CD	JM	1	0	WQ	MX	15	1655	1535	+3	−4	54	76
2026	06	03	DK	CD	0	0	F	BE	-5	1864	1660	−2	0	20	54
2026	06	09	CL	CD	2	1	F	FR	9	1717	1651	+4	−1	40	55
2026	06	17	CD	PT	1	1	WC	US	22	1673	1967	+3	−2	52	7
2026	06	23	CO	CD	1	0	WC	MX	8	2006	1665	0	−1	5	53
2026	06	27	CD	UZ	3	1	WC	US	47	1712	1630	+10	−6	43	56
2026	07	01	EN	CD	2	1	WC	US	8	2046	1704	0	−2	4	45