1966	07	24	SZ	MZ	1	4	RTR		-25	1175	1337	−	+5	140	109
1968	05	01	SZ	MW	2	0	F		8	1183	1092	+3	−1	139	151
1968	09	07	SZ	MW	2	0	IND		13	1196	1121	+2	−2	137	148
1969	07	06	MW	SZ	3	0	IND		24	1148	1172	+4	−4	143	141
1969	07	09	MW	SZ	1	1	IND		-3	1145	1175	−1	+1	144	140
1970	09	07	SZ	BW	5	3	IND		10	1185	1056	+3	0	136	155
1971	09	06	SZ	LS	5	6	IND		-19	1166	1215	−3	+4	142	131
1972	09	06	SZ	BW	5	1	IND		13	1179	1043	+2	−1	139	158
1972	09	30	BW	SZ	5	2	IND		29	1072	1150	+2	−3	155	142
1973	09	06	SZ	MW	0	1	IND		-13	1137	1301	−2	+2	145	116
1973	09	07	SZ	LS	2	1	IND		12	1149	1158	+2	0	143	141
1974	09	06	SZ	BW	3	4	IND		-22	1127	1094	−3	+4	145	152
1974	09	30	BW	SZ	3	1	IND		18	1112	1109	+3	−5	149	150
1975	09	06	SZ	LS	3	2	IND		13	1122	1151	+4	−2	146	139
1975	12	20	MW	SZ	2	0	F		3	1409	1119	+1	0	92	146
1975	12	22	MW	SZ	0	0	F		-8	1401	1127	−2	0	94	146
1976	09	06	SZ	BW	1	3	IND		-30	1097	1142	−3	+8	150	142
1976	09	18	BW	SZ	1	2	IND		-20	1089	1117	−4	+2	153	148
1976	09	19	BW	SZ	2	0	IND		18	1107	1099	+4	−2	149	150
1978	02	04	ZM	SZ	9	1	F		2	1562	1097	+2	0	53	149
1978	02	05	ZM	SZ	11	2	F		2	1564	1095	0	0	53	149
1978	08	00	LS	SZ	0	3	F		-24	1118	1119	−6	+3	147	146
1978	08	26	SZ	ZM	1	6	F		-4	1115	1584	−2	+1	148	54
1978	08	27	SZ	ZM	2	5	F		-4	1111	1588	0	+2	148	52
1981	04	18	ZM	SZ	6	1	IND	ZW	5	1528	1106	+2	0	63	150
1981	09	04	SZ	LS	1	1	IND		-1	1105	1192	−1	0	151	138
1981	09	05	SZ	ZW	0	2	IND		-7	1098	1501	0	+1	151	71
1981	09	06	SZ	MW	0	0	IND		11	1109	1503	+1	−4	150	71
1984	07	01	SZ	LS	3	1	F		13	1122	1153	+3	0	147	143
1984	10	14	ZW	SZ	3	0	FQ		4	1505	1118	+2	0	68	149
1984	11	04	SZ	ZW	1	5	FQ		-12	1106	1517	−3	+2	152	66
1986	04	26	SZ	BW	0	1	F		-15	1091	1045	−1	+2	154	162
1987	01	04	SZ	MW	1	3	AGQ		-8	1083	1524	−1	+2	154	67
1987	01	18	MW	SZ	6	1	AGQ		3	1527	1080	0	0	66	154
1987	06	07	SZ	ZW	0	2	OQ		-8	1072	1522	−2	+1	157	67
1987	06	21	ZW	SZ	6	1	OQ		3	1540	1069	+1	−1	64	158
1988	07	31	BW	SZ	2	1	F		7	1092	1062	+1	0	154	159
1988	10	01	TZ	SZ	1	1	FQ		-14	1237	1076	−5	+1	128	158
1988	10	16	SZ	TZ	1	1	FQ		3	1079	1234	+1	−1	157	128
1989	04	09	SZ	MW	0	2	FQ		-6	1073	1568	−1	+2	159	54
1989	04	19	SZ	ZM	1	0	F		19	1092	1627	+4	−4	155	44
1989	04	23	MW	SZ	1	1	FQ		-19	1549	1111	−8	+2	61	153
1990	01	20	SZ	BW	3	1	SDC		19	1130	1138	+3	−1	152	148
1990	01	21	SZ	TZ	0	1	SDC		-16	1114	1223	−1	+3	153	133
1990	01	23	SZ	MW	0	0	SDC		8	1122	1428	0	−2	153	83
1990	04	01	SZ	ZW	4	4	SDC	ZM	11	1133	1459	+2	−2	151	74
1990	08	05	SZ	MZ	0	0	F		4	1137	1393	+1	0	150	92
1990	08	18	ZM	SZ	5	0	FQ		4	1569	1133	+3	−1	52	151
1990	08	25	BW	SZ	1	3	F		-20	1122	1153	−5	+2	154	149
1990	09	02	SZ	AO	1	1	FQ		8	1161	1391	+3	−1	146	93
1991	04	14	SZ	MG	0	1	FQ		-9	1152	1482	−1	0	148	74
1991	04	28	SZ	ZM	2	1	FQ		34	1186	1533	+6	−5	142	61
1991	06	22	MZ	SZ	2	1	IND		5	1376	1181	+2	0	98	141
1991	07	15	AO	SZ	1	1	FQ		-15	1395	1196	−6	+2	91	140
1991	09	21	BW	SZ	2	1	IND		13	1144	1183	0	−3	159	149
1992	06	25	MZ	SZ	4	1	IND		10	1343	1173	0	−4	117	158
1992	10	18	CM	SZ	5	0	WQ		3	1656	1170	+1	−2	40	161
1992	10	25	SZ	ZR	1	0	WQ		35	1205	1560	+9	−7	152	64
1993	01	17	SZ	CM	0	0	WQ		16	1221	1660	+1	−2	151	37
1993	07	06	MW	SZ	3	1	IND		5	1483	1216	0	0	87	149
1993	07	08	MW	SZ	1	1	IND		-12	1471	1228	−1	+3	88	146
1993	07	10	MW	SZ	0	1	IND		-26	1445	1254	−4	+4	92	142
1993	07	29	MW	SZ	3	0	F		7	1415	1247	+2	−1	99	143
1993	08	08	ZW	SZ	2	0	F		3	1542	1244	+1	−1	69	144
1993	09	06	SZ	ZW	0	1	IND		-7	1237	1549	0	0	145	69
1994	04	20	SZ	MZ	0	1	F		-11	1226	1310	−4	+4	149	124
1996	05	12	SZ	MZ	0	1	F		-8	1218	1411	−2	0	150	105
1996	06	02	SZ	GA	0	1	WQ		-11	1207	1504	−2	+3	151	77
1996	06	16	GA	SZ	2	0	WQ		6	1510	1201	0	−2	77	153
1997	01	26	SZ	LS	3	1	F		10	1211	1172	+1	−2	151	163
1997	02	21	BW	SZ	0	0	F		3	1022	1208	+2	0	186	152
1997	03	02	SZ	MZ	0	4	CSF		-33	1175	1380	−10	+5	161	115
1997	11	02	SZ	MU	0	1	F		-14	1161	1150	0	0	163	165
1997	12	12	SZ	MZ	1	1	F		4	1165	1417	0	0	163	102
1997	12	18	LS	SZ	0	0	F		-4	1188	1169	0	0	156	163
1997	12	28	LS	SZ	0	0	F		-3	1192	1172	−1	0	156	163
1998	01	10	SZ	BW	0	0	F		-6	1166	1017	0	0	163	187
1998	03	08	SZ	AO	0	1	CSF		-9	1157	1493	0	+1	163	78
1998	05	16	SZ	BW	2	1	F		4	1161	1013	0	−1	163	186
1998	08	02	SZ	MG	1	2	FQ		-9	1152	1477	−1	+4	165	82
1998	08	23	MG	SZ	1	1	FQ		-17	1465	1169	−6	+1	86	163
1998	09	06	SZ	GH	0	1	IND		-7	1162	1479	0	0	163	83
1999	04	03	SZ	NA	1	1	F		2	1164	1337	0	0	162	120
1999	04	25	SZ	LS	4	1	TCH		19	1183	1143	+2	−1	160	164
1999	05	09	SZ	MZ	3	1	CSF		30	1213	1257	+11	−6	149	139
1999	05	16	SZ	BW	2	1	F		3	1216	1015	0	0	149	185
1999	07	18	SZ	ZW	1	1	CSF		10	1226	1491	+1	0	150	77
1999	08	15	LS	SZ	0	3	F		-17	1105	1243	−5	+5	171	144
1999	08	28	NA	SZ	1	1	CSF		-10	1325	1253	−3	+5	123	140
2000	02	19	LS	SZ	1	0	TCH		17	1122	1236	+4	−4	167	147
2000	03	19	BW	SZ	3	0	F		24	1032	1212	+3	−3	184	151
2000	04	09	SZ	AO	0	1	WQ		-11	1201	1489	−3	−1	154	82
2000	04	23	AO	SZ	7	1	WQ		8	1497	1193	+6	−2	77	156
2000	06	01	SZ	LS	0	1	KMC		-22	1171	1125	−7	+4	163	169
2000	06	02	SZ	BW	0	0	KMC		-8	1163	1069	0	+2	163	180
2000	06	04	SZ	MZ	1	1	KMC		-2	1161	1230	−1	0	164	147
2000	06	18	ZA	SZ	2	0	CSF		2	1647	1159	0	0	51	164
2000	07	02	SZ	KE	3	2	FQ		26	1185	1343	+5	−7	159	121
2000	07	15	KE	SZ	3	0	FQ		13	1356	1172	+4	−3	116	162
2001	01	06	SZ	AO	1	0	FT		23	1195	1445	+7	−7	156	89
2001	01	07	SZ	NA	2	1	FT		17	1212	1320	+3	−4	153	124
2001	01	09	SZ	LS	2	2	F		-4	1208	1182	0	+2	153	159
2001	01	27	BW	SZ	1	2	FT		-15	1085	1223	0	+3	175	151
2001	02	11	SZ	ZM	0	0	CSF		6	1229	1431	+2	−1	149	92
2001	03	10	BW	SZ	1	0	FT	LS	20	1121	1209	+4	−4	170	153
2001	03	11	LS	SZ	2	1	FT		11	1210	1198	+3	−3	153	156
2001	05	20	LS	SZ	1	0	F		7	1200	1191	+1	−1	156	157
2001	07	01	MW	SZ	2	2	IND		-6	1245	1197	−1	0	145	156
2001	07	08	ZW	SZ	2	1	CSF		5	1443	1192	+1	0	91	156
2002	03	02	BW	SZ	6	2	F		17	1136	1175	+4	0	165	156
2002	03	10	SZ	LS	1	0	F		7	1182	1168	0	−4	156	160
2002	03	30	SZ	MZ	1	2	F		-11	1171	1249	−1	+1	157	146
2002	03	31	SZ	MZ	1	1	F		-1	1170	1250	0	0	157	146
2002	04	21	SZ	NA	2	1	CSF		18	1188	1210	+1	−5	156	155
2002	05	05	ZW	SZ	0	2	CSF		-55	1459	1243	−13	+8	87	148
2002	08	01	SZ	MU	0	1	F		-13	1230	1238	−4	+5	151	148
2002	08	03	SZ	MU	0	0	F		-3	1227	1241	−2	+1	153	147
2002	08	24	ZA	SZ	4	1	CSF		3	1663	1224	0	0	47	153
2002	09	07	BW	SZ	0	0	FQ		-1	1142	1225	0	0	164	153
2002	10	06	SZ	LS	0	0	F		-5	1220	1149	0	+1	153	161
2002	10	13	SZ	LY	2	1	FQ		25	1245	1377	+7	−8	146	116
2003	03	19	SZ	LS	1	0	F		5	1250	1149	0	−1	146	162
2003	03	30	SZ	CD	1	1	FQ		8	1258	1479	+4	−4	142	84
2003	05	25	LS	SZ	2	1	F		10	1159	1248	+4	−4	160	147
2003	06	08	CD	SZ	2	0	FQ		8	1487	1240	+3	−1	79	146
2003	06	22	SZ	BW	3	2	FQ		12	1252	1172	+1	−1	146	158
2003	07	05	LY	SZ	6	2	FQ		18	1373	1234	+8	−2	115	148
2003	07	13	SZ	MG	2	0	CSF		30	1264	1307	+6	−4	142	131
2003	08	30	ZW	SZ	2	0	CSF		8	1501	1256	+3	−4	75	145
2003	09	06	SZ	BW	0	3	IND		-38	1218	1221	−7	+8	152	150
2003	10	04	LS	SZ	5	2	F		14	1199	1204	0	−1	155	153
2003	10	12	SZ	CV	1	1	WQA		2	1206	1341	0	0	153	125
2003	11	09	MZ	SZ	2	0	F		9	1258	1197	+2	−1	142	155
2003	11	16	CV	SZ	3	0	WQA		14	1355	1183	+4	−1	121	157
2004	04	11	MZ	SZ	2	0	F		8	1254	1175	+2	−3	144	158
2004	05	31	MZ	SZ	1	1	F		-5	1267	1180	−1	0	141	158
2004	06	27	SZ	ZW	0	5	CSF		-20	1160	1493	−5	+3	163	82
2004	07	06	MW	SZ	1	2	IND		-24	1285	1184	−6	+7	134	156
2004	07	08	MW	SZ	1	1	IND		-8	1277	1192	−4	0	138	156
2005	06	01	LS	SZ	3	4	F		-12	1144	1204	−1	+3	165	155
2005	06	11	ZM	SZ	3	0	CSF		7	1485	1197	+2	−1	85	155
2006	04	14	LS	SZ	5	0	F		18	1146	1179	+1	−4	166	162
2006	04	16	LS	SZ	2	2	F		-2	1144	1181	0	0	166	162
2006	05	20	ZA	SZ	1	0	CSF	BW	7	1456	1174	0	0	95	162
2006	05	21	SZ	MG	2	0	CSF	BW	34	1208	1191	+7	−10	155	159
2006	06	24	MZ	SZ	4	0	IND		15	1303	1193	+4	−3	131	159
2006	06	25	ZW	SZ	2	1	IND	MZ	5	1498	1188	+4	−1	82	160
2006	08	26	SZ	LS	3	1	F		9	1197	1136	+2	−1	159	169
2006	09	03	SZ	AO	0	2	FQ		-9	1188	1603	0	+4	158	59
2006	10	04	ET	SZ	2	0	F		3	1470	1185	0	−2	91	161
2006	10	07	ER	SZ	0	0	FQ		-3	1129	1188	0	+1	169	160
2006	11	15	BW	SZ	1	0	F		5	1303	1183	+1	−1	127	160
2007	02	13	LS	SZ	0	1	F		-11	1110	1194	−4	+3	173	158
2007	03	13	ZA	SZ	1	1	F		-8	1466	1202	−1	+1	91	155
2007	03	18	SZ	LS	0	1	F		-15	1187	1125	−2	+4	157	169
2007	03	25	KE	SZ	2	0	FQ		13	1328	1174	+1	−8	122	166
2007	05	26	SZ	MU	0	0	CSF		-2	1172	1235	0	0	165	145
2007	05	27	SZ	MW	1	0	CSF		23	1195	1296	+8	−7	157	131
2007	06	03	SZ	KE	0	0	FQ		2	1197	1323	0	−3	158	125
2007	06	17	AO	SZ	3	0	FQ		4	1576	1193	+1	0	65	158
2007	09	09	SZ	ER	0	0	FQ		-7	1186	1182	0	+3	158	162
2007	11	18	SZ	MW	0	3	F		-19	1167	1273	−6	+3	166	137
2008	02	09	SZ	BW	1	4	FT		-23	1144	1339	−5	+8	169	118
2008	02	10	SZ	LS	2	2	FT		-5	1139	1132	0	+1	169	171
2008	05	23	SZ	LS	1	1	F		-3	1136	1152	−1	+1	171	168
2008	05	29	ZA	SZ	1	0	F		1	1517	1135	0	0	81	171
2008	06	08	SZ	TG	2	1	WQA		32	1167	1433	+8	−5	164	100
2008	06	15	SZ	ZM	0	0	WQA		13	1180	1525	+3	−3	160	78
2008	06	21	ZM	SZ	1	0	WQA		3	1528	1177	0	−2	78	162
2008	07	19	MG	SZ	1	1	CSF	ZA	-4	1238	1181	−1	+1	147	159
2008	07	21	MU	SZ	1	1	CSF	ZA	5	1094	1176	0	−2	179	161
2008	07	23	SZ	SC	1	0	CSF	ZA	17	1193	1100	+5	−1	156	176
2008	08	20	MZ	SZ	3	0	F		6	1366	1187	+2	−1	116	158
2008	10	11	TG	SZ	6	0	WQA	GH	18	1432	1169	+9	−6	97	164
2009	06	19	SZ	LS	1	1	F		-4	1165	1131	−1	0	164	170
2009	06	21	SZ	LS	1	1	F		-4	1161	1135	0	0	164	170
2009	07	06	MW	SZ	3	1	IND		9	1318	1152	+3	−1	127	165
2009	08	12	MZ	SZ	1	0	F		3	1393	1149	+2	−1	109	166
2009	09	05	NA	SZ	1	1	F		-7	1319	1156	−2	+1	127	166
2009	10	18	SZ	SC	2	1	CSF	ZW	16	1172	1065	+3	−2	163	180
2009	10	20	BW	SZ	1	0	CSF	ZW	14	1292	1158	+2	−2	132	165
2009	10	22	SZ	KM	3	0	CSF	ZW	12	1170	869	+3	−1	163	203
2010	01	23	ZA	SZ	6	2	F		3	1522	1167	0	−2	85	164
2010	08	11	MZ	SZ	2	1	F		3	1373	1164	+1	−3	116	165
2010	09	05	SZ	GH	0	3	FQ		-4	1160	1761	−2	0	167	28
2010	10	10	CG	SZ	3	1	FQ		9	1380	1151	+3	−1	115	169
2010	10	27	BW	SZ	2	0	F		4	1406	1147	+2	−1	108	170
2011	02	09	SZ	ZM	0	4	F		-7	1140	1512	−1	+2	169	85
2011	03	27	SD	SZ	3	0	FQ		12	1329	1128	+5	−1	123	172
2011	05	25	SZ	BW	0	0	F		5	1133	1433	0	−4	171	106
2011	05	29	SZ	MW	1	1	F		5	1138	1429	0	−2	171	107
2011	06	05	SZ	SD	1	2	FQ		-14	1124	1357	−2	+5	173	118
2011	07	31	BW	SZ	2	0	F	ZA	4	1431	1120	0	−2	103	174
2011	08	20	LS	SZ	0	0	F		-4	1155	1124	0	+2	166	171
2011	08	22	LS	SZ	0	1	F		-14	1141	1138	−3	+1	169	170
2011	09	02	GH	SZ	2	0	FQ		1	1763	1137	−1	−1	27	171
2011	10	08	SZ	CG	0	1	FQ		-14	1123	1353	−1	+4	172	118
2011	11	11	SZ	CD	1	3	WQ		-16	1107	1417	−3	+4	175	101
2011	11	15	CD	SZ	5	1	WQ		6	1423	1101	0	−1	101	176
2012	10	12	LS	SZ	2	1	F		6	1154	1095	0	−1	169	181
2012	10	14	LS	SZ	0	1	F		-14	1140	1109	−2	+2	171	179
2012	11	11	SZ	LS	0	0	F		-2	1107	1142	0	+1	178	170
2013	01	17	BF	SZ	3	0	F	ZA	4	1446	1103	+1	0	97	178
2013	03	13	MZ	SZ	0	0	F		-7	1327	1110	0	0	127	178
2013	03	22	EG	SZ	10	0	F		2	1615	1108	+2	0	52	178
2013	07	07	BW	SZ	0	0	CSF	ZM	-9	1275	1117	−2	0	139	178
2013	07	09	KE	SZ	2	0	CSF	ZM	11	1395	1106	+3	0	109	178
2013	07	11	LS	SZ	2	0	CSF	ZM	25	1188	1081	+6	−2	160	180
2013	11	15	SZ	ZA	0	3	F		-4	1077	1554	−2	+1	181	71
2014	03	07	LS	SZ	0	1	F		-16	1219	1093	−4	+3	152	177
2014	03	09	LS	SZ	0	0	F		-6	1213	1099	−1	+1	153	176
2014	05	11	BW	SZ	1	4	F		-30	1282	1129	−6	+5	137	172
2014	05	18	SZ	SL	1	1	FQ		7	1136	1354	+1	−2	171	123
2014	05	31	SL	SZ	1	0	FQ		6	1360	1130	+2	−1	121	172
2014	09	10	NA	SZ	1	1	F		-6	1282	1136	−1	0	136	174
2014	11	16	SZ	TZ	1	1	F		3	1139	1344	+1	0	171	125
2015	01	10	BF	SZ	5	1	F	ZA	3	1538	1136	+1	−1	73	172
2015	03	25	SZ	ZA	1	3	F		-3	1133	1599	+1	+1	170	61
2015	05	18	SZ	TZ	1	0	CSF	ZA	31	1164	1311	+3	−5	167	130
2015	05	20	SZ	LS	2	0	CSF	ZA	35	1199	1190	+5	−14	162	165
2015	05	22	MG	SZ	1	1	CSF	ZA	-3	1248	1202	+1	−1	141	163
2015	06	12	SZ	GN	2	1	FQ	MA	35	1237	1501	+15	−11	145	82
2015	09	06	SZ	MW	2	2	FQ		2	1239	1373	−1	0	149	116
2015	10	09	DJ	SZ	0	6	WQ		-10	772	1249	−1	+5	211	144
2015	10	17	SZ	DJ	2	1	WQ		1	1250	771	0	0	144	211
2015	11	13	SZ	NG	0	0	WQ		14	1264	1631	+1	−3	140	52
2015	11	17	NG	SZ	2	0	WQ		4	1635	1260	+1	−1	49	142
2016	03	25	SZ	ZW	1	1	FQ		0	1260	1356	−1	+1	143	115
2016	03	28	ZW	SZ	4	0	FQ		18	1374	1242	+1	−6	115	149
2016	05	27	LS	SZ	0	2	F		-15	1122	1257	−3	+5	176	145
2016	06	05	SZ	GN	1	0	FQ		30	1287	1520	+10	−6	135	79
2016	06	11	SZ	ZW	2	2	CSF	NA	7	1294	1401	+4	−1	132	109
2016	06	13	SZ	SC	4	0	CSF	NA	10	1304	968	+3	0	129	190
2016	06	15	SZ	MG	1	0	CSF	NA	17	1321	1236	+2	−4	126	150
2016	06	19	SZ	ZM	0	0	CSF	NA	8	1329	1455	+4	−1	121	96
2016	06	22	ZA	SZ	5	1	CSF	NA	14	1600	1315	0	−5	58	126
2016	06	25	SZ	CD	1	0	CSF	NA	32	1347	1532	+7	−7	119	75
2016	09	04	MW	SZ	1	0	FQ		16	1332	1331	+5	−3	121	122
2017	05	26	SZ	LS	1	0	F		4	1335	1206	+2	−1	122	162
2017	05	28	SZ	LS	0	1	F		-16	1319	1222	−6	+6	128	156
2017	06	10	NE	SZ	0	0	FQ		-4	1287	1323	−1	+2	136	125
2017	07	02	ZW	SZ	2	1	CSF	ZA	13	1461	1310	+1	−2	90	128
2017	07	04	NA	SZ	1	0	CSF	ZA	18	1362	1292	+2	−6	120	134
2018	03	27	SC	SZ	0	0	F		6	945	1286	−1	−3	198	137
2018	04	19	SW	NA	1	0	F		10	1296	1375	+4	−2	133	114
2018	05	25	KE	SW	0	1	F		-15	1358	1311	−1	+4	118	129
2018	06	02	LS	SW	1	0	CSF	ZA	23	1277	1288	+7	−5	139	136
2018	06	05	BW	SW	2	0	CSF	ZA	27	1351	1261	+4	−8	121	144
2018	08	26	LS	SW	1	0	F		6	1316	1255	+4	−1	127	146
2018	08	27	LS	SW	2	0	F		9	1325	1246	+1	−2	126	148
2018	09	09	SW	TN	0	2	FQ		-9	1237	1666	−3	+2	151	46
2018	10	12	EG	SW	4	1	FQ		5	1583	1232	+3	0	60	153
2018	10	16	SW	EG	0	2	FQ		-11	1221	1594	−2	+2	155	58
2018	11	18	SW	NE	1	2	FQ		-22	1199	1309	−10	+4	164	133
2019	03	10	MZ	SW	1	1	F	ZA	-3	1292	1202	−2	+2	140	160
2019	03	22	TN	SW	4	0	FQ		3	1649	1199	0	−1	48	160
2019	05	25	MU	SW	2	2	CSF	ZA	6	1102	1193	+1	−2	178	163
2019	05	27	KM	SW	2	2	CSF	ZA	6	1093	1187	+2	−2	180	165
2019	09	04	DJ	SW	2	1	WQ		34	831	1153	+3	−5	205	168
2019	09	10	SW	DJ	0	0	WQ		-17	1136	848	−4	0	174	205
2019	11	13	GW	SW	3	0	FQ		13	1311	1123	+3	−2	130	178
2019	11	17	SW	SN	1	4	FQ		-3	1120	1763	0	+1	178	29
2020	11	12	CG	SW	2	0	FQ		7	1384	1113	+1	−1	108	178
2020	11	16	SW	CG	0	0	FQ		9	1122	1375	+1	−2	177	109
2021	03	26	SW	GW	1	3	FQ		-24	1098	1319	−3	+3	180	130
2021	03	30	SN	SW	1	1	FQ		-19	1723	1117	−2	+2	38	178
2021	06	05	SW	LS	1	0	FT	MZ	21	1138	1243	+4	−7	175	149
2021	06	08	MZ	SW	1	1	FT		-9	1272	1147	0	+5	138	170
2021	07	06	SW	LS	3	1	CSF	ZA	38	1185	1208	+9	−8	161	156
2021	07	08	ZA	SW	1	0	CSF		4	1495	1181	0	0	82	161
2021	07	10	SW	ZM	1	0	CSF	ZA	33	1214	1425	+5	−9	156	98
2021	07	14	BW	SW	1	1	CSF	ZA	-5	1301	1219	0	+3	134	153
2021	07	16	SW	SN	2	2	CSF	ZA	18	1237	1688	+5	−1	148	41
2021	07	18	SW	MZ	1	1	CSF	ZA	5	1242	1318	0	−2	148	130
2022	03	08	SW	LS	0	0	F		-4	1238	1205	+4	−1	146	159
2022	03	08	SW	LS	4	0	F		12	1250	1193	+4	−1	146	159
2022	03	23	SW	SO	3	0	FQ	TZ	9	1259	898	+1	−3	144	200
2022	03	27	SW	SO	2	1	FQ	ZA	4	1263	894	0	0	144	200
2022	05	24	MZ	SW	0	1	F		-14	1278	1277	−3	+3	139	140
2022	05	27	BW	SW	1	0	F	ZA	9	1310	1268	+2	−2	131	142
2022	06	03	TG	SW	2	2	FQ		-10	1344	1278	−3	+2	117	140
2022	06	07	BF	SW	3	1	FQ	ZA	9	1580	1269	0	−3	65	142
2022	07	06	SW	MU	3	0	CSF	ZA	10	1279	954	0	−1	139	193
2022	07	08	SW	MW	1	1	CSF	ZA	0	1279	1287	0	0	139	138
2022	07	10	SW	LS	2	0	CSF	ZA	27	1306	1220	+5	−5	134	155
2022	07	13	SW	SN	1	1	CSF	ZA	17	1323	1716	+8	−4	125	40
2022	07	15	BW	SW	2	0	CSF	ZA	27	1385	1296	+7	−12	110	137
2023	03	16	LS	SW	0	0	F		-1	1238	1297	0	+1	154	138
2023	03	24	CV	SW	0	0	FQ		-13	1468	1310	−5	+2	87	135
2023	03	28	CV	SW	1	0	FQ	ZA	11	1479	1299	+6	−3	82	138
2023	06	03	SW	LS	1	2	F		-15	1284	1233	0	+3	138	155
2023	06	03	SW	LS	1	0	F		6	1290	1227	0	+3	138	155
2023	06	18	TG	SW	2	0	FQ	ZA	26	1364	1264	+5	−5	116	143
2023	07	05	BW	SW	1	0	CSF	ZA	16	1358	1248	+2	−4	117	150
2023	07	08	SW	NA	2	1	CSF	ZA	28	1276	1371	+7	−5	143	113
2023	07	11	ZA	SW	2	1	CSF		4	1568	1272	+1	−1	67	144
2023	09	08	BF	SW	0	0	FQ	MA	-14	1554	1286	−1	+4	69	142
2023	10	13	ZA	SW	0	0	F		-7	1517	1293	−1	+1	74	140
2023	10	16	BW	SW	2	1	F		6	1349	1287	+2	−1	118	143
2023	11	17	LY	SW	1	0	WQ	ZA	17	1348	1270	+3	0	120	146
2023	11	21	CV	SW	2	0	WQ	ZA	15	1479	1255	+4	−8	87	154
2024	03	20	SW	SO	3	0	FQ	MA	8	1263	885	0	0	152	201
2024	03	26	SW	SO	2	2	FQ	ZA	-16	1247	901	−1	+1	154	200
2024	06	07	AO	SW	1	0	WQ		4	1511	1243	+2	0	79	155
2024	06	11	MU	SW	2	1	WQ		27	1036	1216	+2	−4	183	159
2024	06	26	BW	SW	0	0	CSF	ZA	-6	1326	1222	−2	+1	128	158
2024	06	29	SW	MZ	0	0	CSF	ZA	10	1232	1398	+2	−3	156	106
2024	07	02	ZA	SW	1	0	CSF		3	1559	1229	0	−1	69	157
2024	09	05	GW	SW	1	0	FQ		8	1368	1221	+4	−1	112	155
2024	09	10	ML	SW	1	0	FQ	ZA	4	1591	1217	+2	0	60	156
2024	10	11	MZ	SW	1	1	FQ		-15	1426	1232	−4	0	100	156
2024	10	14	MZ	SW	3	0	FQ	ZA	17	1443	1215	+7	−2	92	158
2024	11	15	SW	GW	1	1	FQ	ZA	8	1223	1352	+1	−1	157	118
2024	11	19	ML	SW	6	0	FQ		5	1610	1218	+2	0	56	157
2025	03	19	CM	SW	0	0	WQ	ZA	-16	1578	1234	−3	+4	63	154
2025	03	23	SW	MU	3	3	WQ	ZA	-10	1224	1044	−2	+1	156	182
2025	06	09	SW	MG	1	1	CSF	ZA	5	1229	1313	+1	0	155	135
2025	06	11	TZ	SW	2	1	CSF	ZA	12	1396	1217	+8	−5	103	159
2025	09	04	CM	SW	3	0	WQ		4	1597	1213	+1	−1	62	160
2025	09	08	LY	SW	2	0	WQ		9	1429	1204	+4	0	94	159
2025	10	08	SW	AO	2	2	WQ		13	1217	1561	+3	−3	154	72
2025	10	13	CV	SW	3	0	WQ		6	1549	1211	−1	−2	73	156
2026	03	25	ER	SW	2	0	FQ	MA	36	1176	1175	+4	−3	160	161
2026	03	31	SW	ER	1	2	FQ		-26	1149	1202	−2	+1	163	159