1960	04	14	UV	GA	5	4	JCM	MG	20	1420	1380	−	−	87	99
1961	12	25	SN	GA	3	2	JAM	CI	9	1599	1371	0	−1	45	101
1961	12	26	CM	GA	6	0	JAM	CI	26	1541	1345	+4	−3	58	104
1962	07	14	GA	CB	3	1	TRP		31	1376	1559	+6	−6	99	52
1962	08	20	GA	CM	1	1	F		1	1377	1509	0	0	100	66
1962	09	16	CB	GA	3	1	TRP		7	1566	1370	0	−1	53	102
1963	04	12	GA	UV	4	0	JAM	SN	42	1412	1367	+11	−11	90	102
1963	04	16	GA	GM	2	2	JAM	SN	-7	1405	1293	−2	+3	92	113
1964	07	12	GA	TD	2	1	TRP	CM	8	1413	1227	+4	−1	87	125
1964	07	14	CB	GA	2	1	TRP	CM	8	1611	1405	+1	−4	45	91
1964	07	17	CJ	GA	1	0	TRP	CM	8	1590	1397	+1	−6	50	97
1965	08	28	GA	NG	2	2	IND		1	1398	1510	0	0	95	68
1965	08	29	GA	NG	1	4	IND		-25	1373	1535	−5	+8	100	60
1966	00	00	GA	GQ	5	2	F		4	1377	1096	+1	−	97	147
1966	00	00	GA	GQ	4	3	F		2	1379	1094	+1	−	97	147
1966	11	30	CF	GA	1	3	FT		-28	1339	1407	−6	+4	106	95
1966	12	02	CD	GA	4	3	FT	CF	8	1598	1399	+1	−1	47	96
1967	01	04	GA	CD	1	0	F		13	1412	1610	+2	−3	94	44
1967	03	24	GA	CI	2	2	F		5	1417	1682	+1	0	92	33
1967	03	26	GA	CI	2	2	F		4	1421	1678	+1	0	91	33
1967	03	28	GA	CI	0	3	F		-10	1411	1688	−3	0	94	33
1967	06	18	GA	GN	0	0	OQ		5	1416	1594	+1	0	93	47
1967	07	09	GN	GA	6	1	OQ		13	1607	1403	+2	−2	44	95
1969	02	03	CG	GA	2	0	F		6	1566	1397	+3	0	56	96
1969	08	24	DH	GA	1	0	F		6	1431	1391	+1	0	85	95
1970	07	11	GA	CM	1	1	F		2	1393	1577	0	−1	94	56
1970	08	01	CM	GA	3	0	F		6	1583	1387	+2	0	53	94
1970	11	08	GA	CI	1	2	FQ		-11	1376	1658	−1	+2	95	38
1970	11	22	CI	GA	1	0	FQ		4	1662	1372	0	−2	39	97
1971	00	00	CI	GA	2	0	F		3	1665	1369	0	0	39	98
1971	01	02	DH	GA	1	0	F		6	1432	1363	0	−1	83	99
1971	05	30	GA	CM	2	3	OQ		-14	1349	1583	−3	+6	103	51
1972	07	16	CG	GA	3	0	AQC		6	1678	1343	0	+1	36	107
1972	07	18	CF	GA	3	1	AQC	CG	31	1364	1312	+8	−5	102	112
1972	07	20	CM	GA	4	0	AQC	CG	12	1612	1300	+2	−2	46	114
1972	07	22	GA	TD	1	0	AGQ	CG	15	1315	1197	+3	−6	111	137
1976	01	25	TD	GA	4	0	F		20	1217	1295	+5	−4	131	116
1976	02	22	GA	TD	0	1	F		-15	1280	1232	−4	+3	120	128
1976	03	28	GA	CI	0	3	F		-12	1268	1515	−1	+3	121	60
1976	04	19	CI	GA	1	3	F		-26	1489	1294	−6	+4	67	116
1976	05	02	GA	ST	6	1	F		6	1300	1094	+2	−	114	154
1976	06	28	GA	BI	4	1	CFG		21	1321	1235	+3	−3	111	127
1976	07	01	GA	ZR	1	1	F		5	1326	1603	0	0	111	48
1976	07	05	GA	RW	3	0	CFG		8	1334	1059	0	0	111	156
1976	07	07	GA	CM	0	0	CFG		9	1343	1584	+3	0	108	50
1976	07	09	GA	CG	0	1	CFG		-14	1329	1562	−3	+3	111	51
1976	07	11	GA	CF	3	1	CFG		25	1354	1345	+4	−6	107	108
1977	01	23	CG	GA	2	2	F		-7	1553	1361	−1	0	54	104
1977	02	05	GA	MA	0	1	F		-4	1357	1704	0	0	103	31
1977	04	06	MA	GA	5	1	F		3	1714	1354	0	−1	30	102
1977	07	17	CG	GA	3	2	FQ		7	1531	1347	+1	0	61	102
1977	07	31	GA	CG	3	3	FQ		5	1352	1526	0	0	102	62
1977	12	24	GA	GQ	2	0	AGQ	CM	11	1363	1082	+3	−2	99	153
1977	12	26	GA	CG	1	0	AGQ	CM	30	1393	1524	+5	−6	94	63
1977	12	28	GA	BI	2	0	AGQ	CM	18	1411	1222	+4	0	90	129
1977	12	30	TD	GA	3	1	AGQ	CM	41	1314	1370	+8	−6	112	96
1978	02	05	GA	NG	0	1	F		-4	1366	1692	−2	0	99	33
1978	02	19	GA	UV	2	2	F		-4	1362	1323	−2	+1	99	108
1979	01	10	RW	GA	2	2	F		6	1041	1356	0	−3	159	100
1979	04	08	GA	CI	2	1	F		12	1368	1512	+4	−1	98	64
1979	07	17	GA	TG	0	2	F		-16	1352	1471	−2	+5	102	74
1979	11	25	AO	GA	1	0	ZVT		7	1516	1345	+1	−2	66	101
1979	11	27	CM	GA	3	1	ZVT	AO	17	1530	1328	+4	−5	64	106
1980	02	01	CG	GA	3	0	F		5	1550	1323	+1	−1	61	107
1980	04	06	CI	GA	4	1	F		5	1532	1318	−1	0	65	106
1980	06	27	ZR	GA	1	1	F		-7	1548	1325	−1	+1	59	104
1981	08	21	CG	GA	2	1	CFG	AO	10	1534	1315	+3	−1	61	105
1981	08	23	AO	GA	1	1	CFG		-13	1481	1328	−3	+1	74	104
1981	08	25	GA	ZR	1	1	CFG	AO	13	1341	1570	+1	−5	103	53
1981	08	27	CM	GA	0	0	CFG	AO	-12	1570	1353	−3	+1	53	102
1982	11	18	GA	AO	2	2	FQ		0	1353	1447	0	0	95	83
1982	11	28	AO	GA	4	0	FQ		18	1465	1335	+2	−5	81	100
1983	03	02	GA	NG	0	0	F		2	1337	1513	0	−1	100	67
1983	03	17	GA	CG	1	2	F		-7	1330	1550	−3	+1	103	59
1983	04	17	TN	GA	3	0	OQ		7	1606	1323	+4	−1	44	106
1983	05	01	GA	TN	1	1	OQ		10	1333	1599	+2	−4	103	47
1984	02	19	GA	TG	1	1	F		2	1335	1512	0	−1	100	68
1984	11	13	ZR	GA	2	0	FQ		7	1592	1328	+4	−2	46	103
1984	11	25	GA	ZR	1	1	FQ		9	1337	1583	+1	−5	102	51
1984	12	12	TD	GA	3	3	UDE	CG	2	1298	1335	0	−1	114	101
1984	12	14	CM	GA	0	0	UDE	CG	-14	1614	1349	0	+4	44	97
1984	12	17	CG	GA	3	0	UDE		12	1527	1337	+1	−2	64	99
1984	12	19	CF	GA	2	2	UDE	CG	1	1312	1336	0	0	111	99
1985	12	07	GA	CG	1	0	UDE		23	1359	1471	+3	−5	97	79
1985	12	11	GA	CF	4	0	UDE		21	1380	1271	+4	−10	93	121
1985	12	14	GA	TD	3	0	UDE		18	1398	1272	+6	−8	87	120
1985	12	19	GA	CG	3	0	UDE		37	1435	1480	+5	−9	82	78
1986	01	22	GA	SN	0	1	F		-9	1426	1592	−2	+4	84	50
1986	08	13	SN	GA	1	0	F		3	1633	1423	0	−1	41	86
1986	10	05	AO	GA	1	0	FQ		12	1474	1411	0	−1	77	87
1986	10	19	GA	AO	1	0	FQ		18	1429	1456	+2	−2	85	78
1986	12	10	GA	CG	1	0	UDE	GQ	25	1454	1486	+7	−4	78	75
1986	12	14	GA	CF	1	0	UDE	GQ	9	1463	1227	+1	−2	77	128
1986	12	17	TD	GA	0	0	UDE	GQ	10	1287	1453	+2	−1	113	78
1987	04	08	GA	CI	1	0	F		12	1465	1602	+2	−2	76	49
1987	04	20	CM	GA	2	0	ACG	CG	15	1675	1450	+3	−2	35	81
1987	04	22	GA	TD	3	1	ACG	CG	16	1466	1265	+2	−5	79	123
1987	04	27	AO	GA	1	0	ACG	CG	18	1513	1448	+6	−2	69	80
1987	04	29	CG	GA	3	2	ACG		16	1443	1432	+3	−2	80	82
1987	11	25	GA	AO	0	0	F		-1	1431	1492	−1	0	83	73
1987	12	09	CF	GA	1	1	UDE	TD	11	1217	1420	+2	−3	133	86
1987	12	11	TD	GA	1	1	UDE		3	1264	1417	0	+1	122	85
1987	12	16	CM	GA	1	0	UDE	TD	9	1653	1408	0	−4	40	88
1987	12	18	GQ	GA	0	0	UDE	TD	15	1087	1393	+2	−2	154	90
1988	07	31	AO	GA	4	1	F		8	1512	1385	+2	−2	67	94
1988	10	09	GA	BF	3	0	FQ		29	1414	1395	+9	−9	87	94
1988	10	23	BF	GA	1	0	FQ		15	1410	1399	+3	−3	90	92
1988	11	23	GA	ML	4	0	F		14	1413	1398	+4	−3	88	92
1988	11	30	CM	GA	0	0	UDE		-16	1698	1429	−4	+4	36	85
1988	12	04	GA	GQ	3	0	UDE	CM	9	1438	1089	+2	−1	82	155
1988	12	06	CF	GA	0	0	UDE	CM	11	1239	1427	+5	−3	125	85
1988	12	08	CM	GA	0	1	UDE		-36	1669	1463	−3	+7	37	78
1988	12	15	MA	GA	5	2	F		6	1644	1457	0	−1	41	80
1989	01	03	GA	TN	2	3	F		-12	1445	1489	−2	+3	82	70
1989	01	07	NG	GA	1	0	WQ		9	1579	1436	+7	−1	49	83
1989	01	22	GA	CM	1	3	WQ		-20	1416	1676	−4	+4	88	36
1989	04	09	GA	GH	1	0	FQ		18	1434	1457	+4	−3	84	79
1989	04	23	GH	GA	1	0	FQ		13	1470	1421	+1	−2	78	86
1989	06	04	GA	ZR	0	0	F		1	1422	1566	−1	−1	86	55
1989	06	11	AO	GA	2	0	WQ		18	1494	1404	+6	−6	69	92
1989	06	25	GA	NG	2	1	WQ		27	1431	1595	+8	−4	83	49
1989	07	06	MW	GA	2	0	IND		11	1548	1420	+2	−3	60	86
1989	07	07	GA	MZ	1	0	IND	MW	10	1430	1286	+2	−2	84	112
1989	07	16	ZM	GA	3	0	FQ		9	1662	1421	+4	−3	36	87
1989	07	30	GA	ZM	2	1	FQ		28	1449	1634	+7	−6	79	42
1989	08	13	CM	GA	2	1	WQ		6	1671	1443	0	−1	36	79
1989	08	27	GA	AO	1	0	WQ		16	1459	1453	+4	−3	75	77
1989	12	03	CG	GA	1	0	UDE	CF	22	1453	1437	+6	−8	76	82
1989	12	05	GA	CG	2	0	UDE	CF	31	1468	1422	+8	−8	74	84
1989	12	10	CF	GA	2	0	UDE		43	1253	1425	+12	−10	122	83
1989	12	12	GA	TD	2	0	UDE	CF	19	1444	1273	+3	−2	80	115
1990	04	29	MQ	GA	2	0	BST	FR	24	1449	1420	+5	−7	77	84
1990	08	12	GA	ML	0	0	F		-2	1418	1435	0	0	82	78
1990	08	19	GA	UG	1	0	FQ		21	1439	1508	+4	−1	77	66
1990	09	02	TZ	GA	0	0	FQ		6	1233	1433	+1	−3	131	80
1990	12	09	CM	GA	2	1	UDE	CG	9	1666	1424	+1	−4	37	82
1990	12	11	GA	CF	1	0	UDE	CG	11	1435	1237	+5	−1	77	129
1990	12	15	CG	GA	1	0	UDE		14	1466	1421	+1	−3	74	81
1990	12	17	TD	GA	2	1	UDE	CG	28	1303	1393	+8	−9	112	90
1991	04	14	ZR	GA	2	1	FQ		7	1558	1386	+1	−2	58	93
1991	04	28	UG	GA	0	0	FQ		-12	1505	1398	−2	+3	67	89
1991	07	07	GA	GH	0	1	F		-8	1390	1574	0	0	91	56
1991	07	14	GA	TZ	1	0	FQ		11	1401	1318	+3	−2	88	113
1991	07	28	GA	ZR	0	0	FQ		2	1403	1542	+1	0	86	61
1992	06	14	GA	TG	1	0	F		7	1410	1376	+2	−4	93	105
1992	06	21	GA	BI	0	1	F		-16	1394	1301	−6	+5	101	126
1992	08	16	GA	CM	0	0	FQ		9	1403	1653	0	−1	103	41
1992	08	30	NE	GA	1	3	FQ		-37	1354	1440	−7	+11	114	92
1992	10	04	GA	TD	1	0	F		3	1443	1228	0	−2	92	146
1992	10	11	GA	MZ	3	1	WQ		15	1458	1332	+5	0	87	117
1992	12	19	GA	SN	3	2	WQ		18	1476	1506	+7	−1	83	74
1993	01	02	GA	BF	1	1	BST		-8	1468	1381	−2	+3	86	108
1993	01	03	GA	GH	2	3	BST		-13	1455	1636	−3	0	89	47
1993	01	17	MZ	GA	1	1	WQ		2	1320	1453	0	0	121	89
1993	02	27	SN	GA	1	0	WQ		12	1509	1441	+3	−1	75	90
1993	04	11	GA	BJ	2	0	FQ		7	1448	1170	−1	−2	92	161
1993	04	25	CM	GA	0	0	FQ		-14	1619	1462	−4	+3	50	89
1993	07	04	GA	ML	0	2	F		-21	1441	1428	−3	+3	93	97
1993	07	11	GA	NE	3	0	FQ		18	1459	1337	+2	−4	90	119
1993	07	25	BJ	GA	1	2	FQ		-9	1140	1468	0	+1	164	90
1993	10	01	MA	GA	1	0	F	FR	5	1648	1463	+3	−3	40	91
1993	10	06	BE	GA	2	1	F		1	1849	1462	0	−1	18	92
1993	11	05	TN	GA	4	0	N7C		11	1614	1451	+3	−1	55	94
1993	11	07	MT	GA	2	1	N7C	TN	19	1387	1432	+4	−3	107	97
1994	02	27	GA	SN	0	0	F		-3	1429	1434	−2	+1	95	93
1994	03	15	GA	ZR	2	1	F		9	1438	1488	+2	−3	93	82
1994	03	19	AO	GA	2	1	F		8	1414	1430	+1	−2	99	95
1994	03	26	NG	GA	3	0	AR	TN	16	1704	1414	+4	−3	30	98
1994	03	28	EG	GA	4	0	AR	TN	18	1687	1396	0	−6	35	103
1994	11	13	GA	MU	3	0	FQ		12	1408	1215	+1	−3	100	151
1994	11	20	GA	ZM	2	1	FQ		29	1437	1654	+5	−4	95	37
1995	04	02	GA	BJ	7	0	F		4	1441	1136	+1	−2	91	166
1995	04	08	ZM	GA	1	0	FQ		6	1661	1435	+1	−3	36	94
1995	06	04	MU	GA	0	3	FQ		-23	1183	1458	−6	+6	158	90
1995	10	22	GA	SL	1	0	F		9	1467	1504	+5	−4	85	79
1995	11	26	GA	CM	1	2	BLA		-15	1452	1579	−7	+6	93	59
1995	11	28	GA	CI	0	2	BLA		-18	1434	1642	−4	+3	97	43
1995	11	30	GA	DZ	2	1	BLA		17	1451	1572	+3	−7	94	63
1995	12	02	GA	CM	0	0	BLA		-1	1450	1539	0	0	94	71
1995	12	22	BF	GA	2	5	F		-20	1386	1470	−8	+9	111	85
1995	12	27	ML	GA	1	2	F		-9	1314	1479	−3	+1	123	84
1996	01	07	ZW	GA	1	2	F		-14	1494	1493	−1	+3	80	81
1996	01	11	MZ	GA	1	0	F		10	1418	1483	+1	−3	102	84
1996	01	16	LR	GA	2	1	AR	ZA	32	1419	1451	+8	−10	102	94
1996	01	19	GA	ZR	2	0	AR	ZA	46	1497	1490	+15	−11	79	81
1996	01	28	GA	TN	1	1	AR	ZA	5	1502	1569	+2	0	77	62
1996	05	26	GA	CI	0	1	F		-11	1491	1591	−4	+1	81	58
1996	06	02	SZ	GA	0	1	WQ		-11	1207	1502	−2	+3	151	77
1996	06	16	GA	SZ	2	0	WQ		6	1508	1201	0	−2	77	153
1996	09	22	GN	GA	0	1	F		-7	1312	1515	0	+3	125	74
1996	09	29	GA	ML	1	1	F		-7	1508	1309	−2	0	77	127
1996	10	06	GA	CM	0	0	FQ		-3	1505	1552	+1	+1	76	67
1996	10	19	GA	BF	2	0	F		6	1511	1355	+3	−1	73	118
1996	11	03	TG	GA	0	1	F		-10	1393	1521	−3	0	108	72
1996	11	10	GA	GH	1	1	WQ		0	1521	1619	−1	+2	73	47
1996	12	20	BF	GA	1	1	SLD	BJ	7	1348	1514	+1	−1	121	72
1996	12	22	BJ	GA	3	3	SLD		9	1170	1505	0	−3	164	75
1996	12	25	GA	GH	1	1	SLD	BJ	3	1508	1580	+1	0	74	59
1997	01	11	SL	GA	1	0	WQ		20	1433	1488	+8	−5	94	79
1997	01	25	KE	GA	1	0	FQ		20	1406	1468	+9	−7	103	85
1997	02	22	NA	GA	1	1	FQ		7	1248	1461	0	−1	141	86
1997	03	30	GA	TG	2	1	F		6	1467	1392	+1	0	85	109
1997	04	06	GA	MA	0	4	WQ		-28	1439	1685	−8	+4	93	38
1997	04	27	GH	GA	3	0	WQ		15	1575	1424	+3	−4	62	97
1997	06	22	CM	GA	2	2	FQ		-12	1563	1436	−4	+6	64	91
1997	07	13	GA	KE	1	0	FQ		12	1448	1383	+3	−3	88	110
1997	07	27	GA	NA	1	1	FQ		-10	1438	1369	−3	+3	90	115
1997	08	17	MA	GA	2	0	WQ		6	1737	1432	+1	−5	27	95
1998	08	02	GQ	GA	0	2	FQ		-12	1070	1444	0	+2	177	91
1998	08	16	GA	GQ	3	0	FQ		4	1448	1066	+2	−1	90	178
1998	10	04	GA	MU	2	0	FQ		5	1453	1130	+4	−2	89	166
1999	01	03	BF	GA	2	1	F		9	1387	1444	+3	−1	111	92
1999	01	24	AO	GA	3	1	FQ		19	1492	1425	+1	−9	78	100
1999	02	20	GA	BF	1	1	F		-3	1422	1431	0	+1	100	97
1999	02	27	ZA	GA	4	1	FQ		9	1658	1413	+1	−2	46	102
1999	04	10	GA	ZA	1	0	FQ		28	1441	1630	+11	−3	92	52
1999	06	06	GA	AO	3	1	FQ		22	1463	1425	+10	−10	83	98
1999	06	20	GA	MU	2	2	FQ	RE	-12	1451	1230	−9	+1	92	149
1999	10	30	CI	GA	0	1	F		-16	1573	1467	−4	+6	61	87
1999	11	07	GA	GQ	4	0	UFC		4	1471	1062	+3	−1	84	179
1999	11	10	GA	CF	1	0	UFC		5	1476	1239	+2	−1	82	146
1999	11	11	GA	ST	1	0	UFC		1	1477	1005	0	0	82	185
1999	11	13	GA	CG	0	0	UFC		-8	1469	1433	−2	+5	84	97
1999	11	14	GA	TD	2	0	UFC		10	1479	1273	+3	−2	81	138
1999	11	21	GA	NG	0	2	F		-11	1468	1693	−6	+3	87	38
1999	11	27	GA	TG	0	0	GRC		-8	1460	1371	−2	+1	89	113
1999	11	28	GA	BF	3	2	GRC		10	1470	1429	+5	−6	84	99
1999	12	23	LY	GA	2	0	ARR		17	1473	1453	+7	−6	83	90
1999	12	27	GA	TG	3	2	ARR	LY	11	1464	1346	+1	−4	89	120
2000	01	06	EG	GA	4	0	F		7	1637	1457	+2	−1	48	90
2000	01	09	BF	GA	1	1	F		-2	1421	1459	−1	0	102	90
2000	01	23	ZA	GA	3	1	AR	GH	19	1667	1440	+2	−1	42	91
2000	01	29	DZ	GA	3	1	AR	GH	33	1511	1407	+7	−14	73	106
2000	02	02	CD	GA	0	0	AR	GH	-7	1495	1414	0	+3	77	102
2000	04	08	MG	GA	2	0	WQ		21	1444	1393	+8	−6	93	109
2000	04	22	GA	MG	1	0	WQ		17	1410	1427	+1	−5	107	98
2000	06	23	GA	CG	0	2	F		-19	1391	1443	−3	+6	108	93
2000	06	25	GA	CG	2	3	F		-11	1380	1454	−2	+6	110	87
2000	07	01	ST	GA	1	1	FQ		11	1079	1369	+3	−3	178	113
2000	07	15	GA	ST	4	1	FQ		7	1376	1072	+2	−3	111	181
2000	09	02	GA	MA	2	0	FQ		48	1424	1666	+13	−8	98	45
2000	10	07	TN	GA	4	2	FQ		9	1638	1415	+2	−1	53	100
2001	01	13	KE	GA	2	1	FQ		19	1358	1396	+2	−3	117	108
2001	03	18	GA	ML	2	0	F		12	1408	1407	+4	−7	105	106
2001	03	24	GA	KE	1	1	FQ		-8	1400	1375	−2	+2	108	116
2001	06	02	GA	TN	1	1	FQ		7	1407	1627	0	−1	106	55
2001	06	16	MA	GA	0	1	FQ		-36	1667	1443	−11	+13	47	91
2002	08	25	AO	GA	1	0	F		6	1500	1437	+2	−3	75	95
2002	09	01	CG	GA	0	0	F		0	1349	1437	0	−1	124	96
2002	09	07	GA	MA	0	1	FQ		-16	1421	1629	−9	+2	104	50
2002	10	12	SL	GA	2	0	FQ		32	1335	1389	+5	−8	128	112
2003	03	29	GA	GQ	4	0	FQ		4	1393	1007	−1	−1	109	188
2003	05	31	GA	AO	1	1	F		-1	1392	1467	0	0	109	88
2003	06	08	GQ	GA	2	1	FQ		34	1041	1358	+3	−12	186	121
2003	06	13	AD	GA	0	2	F		-7	1054	1365	0	+2	181	119
2003	06	20	MA	GA	2	0	FQ		9	1565	1356	+1	−2	64	121
2003	07	06	GA	SL	2	0	FQ		21	1377	1332	+6	−7	113	129
2003	09	24	DZ	GA	2	2	FT		-9	1492	1386	−4	+2	80	112
2003	09	26	GA	BJ	4	0	FT	DZ	25	1411	1319	+7	−3	105	128
2003	10	12	BI	GA	0	0	WQA		3	1265	1408	+1	−1	140	106
2003	11	08	GA	BF	0	0	F		-2	1406	1439	+1	0	104	96
2003	11	15	GA	BI	4	1	WQA		14	1420	1251	+2	−4	102	144
2003	12	05	CG	GA	3	2	CMC		18	1380	1402	+3	−5	114	108
2003	12	09	CG	GA	1	1	CMC		-4	1376	1406	−1	0	115	108
2003	12	11	CF	GA	2	0	CMC	CG	47	1231	1359	+6	−9	149	118
2003	12	13	CG	GA	1	0	CMC		14	1390	1345	+2	−5	111	123
2004	05	29	EG	GA	2	0	F		2	1678	1343	+1	+1	43	125
2004	06	05	GA	ZW	1	1	WQA		2	1345	1477	0	−1	125	84
2004	06	19	RW	GA	3	1	WQA		21	1375	1324	+4	−3	115	125
2004	07	03	GA	AO	2	2	WQA		5	1329	1513	+2	−2	123	77
2004	09	05	DZ	GA	0	3	WQA		-57	1421	1386	−18	+12	102	111
2004	10	02	GA	BJ	2	0	F		7	1393	1283	+3	−1	106	134
2004	10	09	GA	NG	1	1	WQA		15	1408	1801	+3	0	103	22
2005	02	03	GA	CF	4	0	CMC		13	1421	1218	+1	−1	99	149
2005	02	08	GA	CG	1	0	CMC		14	1435	1392	+3	−3	96	104
2005	02	10	GA	TD	2	3	CMC		-32	1403	1318	−6	+9	101	126
2005	02	12	GA	CG	2	1	CMC		14	1417	1378	+1	−2	100	106
2005	03	19	GA	CG	0	0	F		-4	1413	1369	−1	0	99	111
2005	03	26	NG	GA	2	0	WQA		4	1756	1409	0	−1	31	100
2005	06	01	ZM	GA	1	0	F	ZA	8	1500	1401	+2	0	82	102
2005	06	05	ZW	GA	1	0	WQA		8	1538	1393	0	−1	71	102
2005	06	18	GA	RW	3	0	WQA		22	1415	1332	+1	−10	100	123
2005	09	04	AO	GA	3	0	WQA		17	1534	1398	+6	−3	73	103
2005	10	08	GA	DZ	0	0	WQA		-5	1393	1406	+1	+1	102	100
2006	03	08	CF	GA	2	2	CMC	GQ	10	1217	1383	+4	0	151	104
2006	03	11	GQ	GA	0	0	CMC		8	1145	1375	+2	−1	165	105
2006	03	14	TD	GA	2	2	CMC	GQ	4	1314	1371	+3	−2	126	107
2006	08	15	GA	DZ	2	0	F	FR	17	1388	1394	+3	−2	105	104
2006	09	02	GA	MG	4	0	FQ		11	1399	1180	+4	−5	101	164
2006	10	08	CI	GA	5	0	FQ		5	1761	1394	+1	−3	29	106
2006	11	15	MA	GA	6	0	F		5	1660	1389	0	−1	48	105
2007	03	07	CG	GA	2	2	CMC	TD	1	1378	1388	0	0	108	105
2007	03	09	GQ	GA	1	1	CMC	TD	11	1182	1377	+4	−3	163	108
2007	03	11	TD	GA	1	2	CMC		-21	1280	1398	−5	+5	135	103
2007	03	16	CG	GA	1	0	CMC	TD	20	1417	1378	+3	−4	102	107
2007	06	12	RE	GA	0	3	F		-17	1246	1395	−3	+1	143	106
2007	06	17	MG	GA	0	2	FQ		-22	1179	1417	−7	+5	163	101
2007	08	21	BJ	GA	2	2	F	FR	2	1331	1415	0	−1	123	102
2007	09	08	GA	CI	0	0	FQ		13	1428	1773	+2	−4	99	29
2008	03	25	CD	GA	0	0	F	FR	-1	1447	1429	−1	0	95	100
2008	06	07	LY	GA	1	0	WQA		10	1523	1419	+2	−1	80	101
2008	06	14	GA	GH	2	0	WQA		50	1469	1739	+8	−10	94	34
2008	06	22	GH	GA	2	0	WQA		6	1745	1463	0	0	35	93
2008	06	28	GA	LS	2	0	WQA		5	1468	1137	+1	0	92	172
2008	08	19	GA	ML	1	0	F	FR	13	1481	1553	+1	0	92	67
2008	09	07	GA	LS	3	0	WQA	ZA	8	1489	1129	+1	0	89	172
2008	10	11	GA	LY	1	0	WQA		19	1508	1544	+3	−7	85	75
2008	11	18	GA	GN	3	3	F	FR	2	1510	1577	0	−2	89	64
2009	03	28	MA	GA	1	2	WQA		-32	1631	1542	−6	+9	52	75
2009	06	06	GA	TG	3	0	WQA		19	1561	1453	+5	−6	69	95
2009	08	11	BJ	GA	1	1	F	FR	4	1398	1557	0	0	108	68
2009	09	05	GA	CM	0	2	WQA		-25	1532	1740	−10	+5	79	36
2009	09	09	CM	GA	2	1	WQA		6	1746	1526	+2	−2	33	81
2009	10	10	GA	MA	3	1	WQA		30	1556	1594	+14	−4	68	58
2009	11	14	TG	GA	1	0	WQA		21	1461	1535	+5	−9	93	79
2010	01	03	GA	MZ	1	0	F	ZA	7	1542	1416	+3	−3	78	108
2010	01	06	GA	MZ	2	0	F	ZA	10	1552	1406	+5	−1	73	109
2010	01	13	GA	CM	1	0	AR	AO	39	1591	1737	+12	−11	60	35
2010	01	17	GA	TN	0	0	AR	AO	1	1592	1598	0	0	60	59
2010	01	21	ZM	GA	2	1	AR	AO	30	1546	1562	+8	−10	77	69
2010	05	19	GA	TG	3	0	COR	FR	19	1581	1442	+5	−7	66	99
2010	08	11	DZ	GA	1	2	F		-12	1523	1593	−2	+5	83	62
2010	09	05	BF	GA	1	1	F	FR	3	1477	1590	+1	−1	91	60
2010	10	08	OM	GA	1	0	F		8	1562	1582	+2	−3	73	66
2010	10	12	SA	GA	1	0	F	TR	7	1685	1575	0	−1	41	67
2010	11	17	SN	GA	2	1	F	FR	10	1578	1565	+6	−5	64	71
2011	02	09	GA	CD	2	0	F	FR	9	1574	1406	+5	−2	65	110
2011	06	07	GA	GM	0	1	F		-17	1557	1388	−7	+3	69	112
2011	08	10	GA	GN	1	1	F	FR	-2	1555	1504	+1	+1	70	85
2011	09	06	GA	NE	1	0	F	FR	4	1559	1334	0	−2	70	126
2011	10	07	GA	GQ	2	0	F	FR	4	1563	1213	−1	−2	71	152
2011	11	10	GA	BR	0	2	F		-3	1560	2060	0	0	72	4
2011	11	15	GH	GA	2	1	F	FR	5	1773	1555	+2	+2	24	70
2012	01	09	GA	BF	0	0	F		-4	1551	1521	0	+1	73	80
2012	01	16	GA	SD	0	0	F		-6	1545	1403	0	+1	73	107
2012	01	23	GA	NE	2	0	AR		10	1555	1319	+2	−1	72	128
2012	01	27	GA	MA	3	2	AR		17	1572	1524	+5	−4	66	79
2012	01	31	GA	TN	1	0	AR		21	1593	1590	+7	−5	59	60
2012	02	05	GA	ML	1	1	AR		-11	1582	1537	−5	+4	64	74
2012	06	03	NE	GA	0	0	WQ		10	1303	1572	+3	−2	130	67
2012	06	09	GA	BF	1	0	WQ		8	1580	1424	+2	0	64	102
2012	06	15	ZA	GA	3	0	F		14	1574	1566	+6	−7	66	71
2012	09	08	GA	TG	1	1	FQ		-15	1551	1359	−2	+4	72	115
2012	09	11	GA	SA	1	0	F	FR	8	1559	1472	0	−1	71	92
2012	10	14	TG	GA	2	1	FQ		26	1385	1533	+5	−3	112	76
2012	11	14	GA	PT	2	2	F		7	1540	1904	+2	−1	74	10
2013	01	10	GA	TN	1	1	F	AE	2	1542	1591	+1	0	74	61
2013	01	15	LB	GA	0	0	F		3	1330	1539	0	0	130	75
2013	03	23	CG	GA	1	0	WQ		23	1405	1516	+4	−8	108	83
2013	06	08	GA	CG	0	0	WQ		-11	1505	1416	−5	+1	86	106
2013	06	15	GA	NE	4	1	WQ		10	1515	1283	+4	0	84	137
2013	08	14	CV	GA	1	1	F	PT	2	1461	1513	+3	−1	94	86
2013	09	07	BF	GA	1	0	WQ		12	1566	1501	+7	−2	66	87
2014	03	05	MA	GA	1	1	F		-4	1526	1505	−1	+3	77	84
2014	07	12	RW	GA	1	0	F		11	1369	1494	+5	−4	117	86
2014	07	27	GA	RW	0	1	F		-16	1478	1365	−3	+9	89	117
2014	09	06	GA	AO	1	0	FQ		14	1492	1452	+4	−4	86	99
2014	09	10	LS	GA	1	1	FQ		7	1264	1485	0	−3	141	89
2014	10	11	GA	BF	2	0	FQ		29	1514	1543	+10	−10	81	75
2014	10	15	BF	GA	1	1	FQ		-7	1536	1521	−2	0	76	80
2014	11	15	AO	GA	0	0	FQ		0	1427	1521	+2	+2	103	80
2014	11	19	GA	LS	4	2	FQ		6	1527	1236	0	−1	80	145
2015	01	09	SN	GA	1	0	F	MA	7	1646	1520	+2	−2	51	79
2015	01	17	GA	BF	2	0	AR	GQ	39	1559	1499	+10	−14	67	86
2015	01	21	CG	GA	1	0	AR	GQ	34	1457	1525	+9	−8	97	75
2015	01	25	GQ	GA	2	0	AR		49	1366	1476	+13	−16	117	91
2015	03	25	GA	ML	4	3	F	FR	12	1488	1538	+3	−3	87	70
2015	03	30	BY	GA	0	0	F	TR	-2	1568	1490	0	+1	65	87
2015	06	06	NE	GA	2	1	F		13	1278	1477	+6	−6	135	91
2015	06	14	GA	CI	0	0	F		4	1481	1732	+1	−2	89	33
2015	09	05	GA	SD	4	0	F		8	1489	1338	+3	−2	89	126
2015	09	08	ZM	GA	1	1	F		-4	1523	1493	−2	+1	78	87
2015	09	12	RW	GA	0	1	F		-10	1396	1503	−1	+5	109	82
2015	10	09	TN	GA	3	3	F		-4	1531	1507	−2	+1	76	83
2015	10	12	CD	GA	2	1	F	BE	11	1487	1496	+6	−4	87	86
2015	11	11	MZ	GA	1	0	WQ		25	1336	1471	+7	−6	125	92
2015	11	14	GA	MZ	1	0	WQ		8	1479	1328	+3	−4	90	128
2016	03	25	GA	SL	2	1	F		4	1483	1326	0	−1	90	127
2016	03	28	SL	GA	1	0	F		12	1338	1471	+3	−3	122	93
2016	05	28	MR	GA	2	0	F	ES	23	1297	1448	+6	−6	133	97
2016	06	04	CI	GA	2	1	F		2	1724	1446	+1	0	37	98
2016	09	02	SD	GA	1	2	F		-8	1281	1454	−4	0	138	97
2016	09	06	CM	GA	2	1	F		4	1622	1450	+1	0	54	97
2016	10	08	GA	MA	0	0	WQ		2	1452	1579	−1	−1	97	64
2016	11	12	ML	GA	0	0	WQ		-11	1547	1463	−3	+3	71	91
2016	11	15	KM	GA	1	1	F	TN	9	984	1454	0	−1	190	94
2017	01	14	GA	GW	1	1	AR		-17	1437	1293	−2	+7	95	134
2017	01	18	GA	BF	1	1	AR		-1	1436	1523	−1	0	96	76
2017	01	22	GA	CM	0	0	AR		6	1442	1612	+3	0	93	57
2017	03	24	GA	GN	2	2	F	FR	1	1443	1490	−1	0	94	86
2017	06	04	GA	ZM	0	0	F		-3	1440	1445	−2	+2	98	95
2017	06	10	ML	GA	2	1	FQ		11	1530	1429	+3	0	76	98
2017	09	02	GA	CI	0	3	WQ		-23	1406	1676	−6	+3	105	46
2017	09	05	CI	GA	1	2	WQ		-36	1640	1442	−7	+8	51	97
2017	10	07	MA	GA	3	0	WQ		12	1632	1430	+2	−1	53	98
2017	10	10	BJ	GA	1	0	F	FR	11	1415	1419	+2	−5	104	103
2017	11	11	GA	ML	0	0	WQ		-1	1418	1511	0	0	102	78
2017	11	14	GA	BW	0	0	F		-7	1411	1253	−1	+3	103	147
2018	03	22	TH	GA	0	0	KNG		-4	1404	1415	−1	+1	107	102
2018	03	25	GA	AE	1	0	KNG	TH	21	1436	1533	+5	−2	97	73
2018	09	08	GA	BI	1	1	FQ		-11	1425	1325	−2	+2	100	127
2018	09	11	GA	ZM	0	1	F		-12	1413	1455	−4	+1	104	93
2018	10	12	GA	SS	3	0	FQ		4	1417	1043	+1	−1	104	187
2018	10	16	SS	GA	0	1	FQ		-7	1036	1424	0	+1	187	101
2018	11	17	GA	ML	0	1	FQ		-21	1403	1527	−5	+3	106	76
2019	03	23	BI	GA	1	1	FQ		-3	1356	1406	0	0	116	103
2019	10	10	GA	BF	1	0	F	FR	14	1420	1531	0	−4	102	74
2019	10	15	MA	GA	2	3	F		-18	1663	1438	−2	+5	47	96
2019	11	14	CD	GA	0	0	FQ		-9	1506	1447	−1	+2	79	94
2019	11	17	GA	AO	2	1	FQ		10	1457	1340	+2	0	92	121
2020	10	11	BJ	GA	2	0	F	PT	15	1474	1442	+3	−3	88	95
2020	11	12	GA	GM	2	1	FQ		10	1452	1334	+2	0	92	121
2020	11	16	GM	GA	2	1	FQ		21	1355	1431	+7	−3	116	95
2021	03	25	GA	CD	3	0	FQ		32	1463	1468	+6	−9	90	89
2021	03	29	AO	GA	2	0	FQ		32	1368	1431	+10	−8	113	97
2021	09	01	LY	GA	2	1	WQ		20	1346	1411	+3	−4	124	100
2021	09	05	GA	EG	1	1	WQ		5	1416	1598	0	−2	99	60
2021	10	08	AO	GA	3	1	WQ		28	1365	1388	+8	−5	116	103
2021	10	11	GA	AO	2	0	WQ		20	1408	1345	+3	−8	99	121
2021	11	12	GA	LY	1	0	WQ		11	1419	1334	+2	−3	98	120
2021	11	16	EG	GA	2	1	WQ		6	1625	1413	0	0	57	99
2022	01	02	BF	GA	3	0	F	AE	10	1571	1403	0	−2	67	100
2022	01	04	GA	MR	1	1	F	AE	-1	1402	1353	−1	+1	101	114
2022	01	10	GA	KM	1	0	AR	CM	14	1416	1231	+3	−3	98	150
2022	01	14	GA	GH	1	1	AR	CM	11	1427	1567	+2	−1	95	67
2022	01	18	GA	MA	2	2	AR	CM	19	1446	1762	+4	−1	92	30
2022	01	23	BF	GA	1	1	AR	CM	-8	1551	1454	−1	+1	67	91
2022	06	04	CD	GA	0	1	FQ		-28	1471	1482	−2	+6	85	84
2022	06	08	GA	MR	0	0	FQ		-12	1470	1366	−1	0	84	113
2022	11	17	GA	GW	3	1	F	TR	12	1482	1379	+3	−6	83	111
2022	11	20	GA	NE	3	1	F	TR	6	1488	1241	+1	−2	82	152
2023	03	23	GA	SD	1	0	FQ		6	1494	1297	0	−1	81	137
2023	03	27	SD	GA	1	0	FQ		25	1322	1469	+11	−5	127	86
2023	06	18	GA	CD	0	2	FQ		-38	1431	1516	−8	+7	96	78
2023	09	09	MR	GA	2	1	FQ		16	1418	1415	+7	−4	98	100
2023	10	17	GA	GN	1	1	F	PT	0	1415	1427	+2	+2	101	96
2023	11	16	GA	KE	2	1	WQ		11	1426	1341	+2	−3	98	120
2023	11	19	GA	BI	2	1	WQ	TZ	13	1439	1287	+3	−4	95	142
2024	03	22	SN	GA	3	0	F	FR	5	1774	1434	+2	−1	26	99
2024	03	25	CG	GA	1	1	F	FR	4	1271	1430	+2	0	148	99
2024	06	07	CI	GA	1	0	WQ		6	1635	1424	0	0	53	97
2024	06	11	GA	GM	3	2	WQ		11	1435	1347	+1	−4	96	122
2024	09	06	MA	GA	4	1	FQ		5	1778	1430	0	0	26	95
2024	09	10	GA	CF	2	0	FQ		15	1445	1331	+3	−9	93	130
2024	10	11	GA	LS	0	0	FQ		-15	1430	1219	−4	+3	97	157
2024	10	15	GA	LS	2	0	FQ	ZA	14	1444	1205	+5	−3	92	159
2024	11	15	GA	MA	1	5	FQ		-15	1429	1800	−3	+5	95	23
2024	11	18	GA	CF	1	0	FQ	ZA	13	1442	1285	+5	−4	90	140
2025	03	20	GA	SC	3	0	WQ		1	1443	858	0	0	91	204
2025	03	23	KE	GA	1	2	WQ		-23	1378	1466	−10	+2	114	89
2025	06	06	NE	GA	4	3	F	MA	14	1336	1452	+4	−3	126	92
2025	06	09	GA	GW	2	0	F	MA	8	1460	1264	+3	−1	89	147
2025	09	03	GA	SC	4	0	WQ	MU	2	1462	849	0	0	87	203
2025	09	09	GA	CI	0	0	WQ		2	1464	1589	0	+2	88	61
2025	10	10	GA	GM	4	3	WQ	KE	19	1483	1424	+3	−8	84	98
2025	10	14	GA	BI	2	0	WQ		8	1491	1239	0	−3	84	151
2025	11	13	NG	GA	4	1	WQ	MA	24	1628	1467	+5	−1	57	85
2025	12	24	CM	GA	1	0	AR	MA	19	1578	1448	+4	−2	68	89
2025	12	28	MZ	GA	3	2	AR	MA	31	1400	1417	+6	−9	104	98
2025	12	31	CI	GA	3	2	AR	MA	12	1627	1405	+1	−1	59	99
2026	03	27	UZ	GA	3	1	FFS		4	1732	1401	0	−1	40	102
2026	03	30	GA	TT	2	2	FFS	UZ	0	1401	1392	0	0	102	104