1990	01	19	MM	KZ	2	2	F		8	1161	1592	+2	−	145	−
1990	01	22	MM	KZ	1	2	F		-3	1158	1595	−1	−	146	−
1992	06	00	KP	KZ	3	1	FT		20	1551	1575	+5	−6	62	60
1992	06	01	KZ	TM	1	0	CAU		11	1586	1489	+4	−	56	76
1992	07	03	KZ	LY	1	0	FT	KP	12	1598	1507	+4	0	55	73
1992	07	16	KZ	UZ	1	0	CAU		20	1618	1676	+5	−4	50	37
1992	09	14	TM	KZ	1	1	CAU		3	1477	1615	+2	0	78	52
1992	09	26	KG	KZ	1	1	CAU		14	1212	1601	+1	−1	151	53
1992	10	14	UZ	KZ	1	1	CAU		-10	1676	1611	−1	+1	34	52
1992	10	25	KZ	KG	2	0	CAU		3	1614	1193	+1	−2	52	154
1994	04	11	KZ	TJ	1	0	CAU	UZ	8	1622	1369	+4	−2	52	110
1994	04	13	UZ	KZ	1	0	CAU		12	1672	1610	+1	−5	37	57
1994	04	15	KZ	TM	0	0	CAU	UZ	-6	1604	1513	0	+3	57	73
1994	04	17	KZ	KG	0	0	CAU	UZ	-17	1587	1194	−2	+5	59	156
1995	12	27	KW	KZ	0	0	F		0	1487	1587	0	0	82	57
1995	12	29	SA	KZ	3	0	F		13	1585	1574	+5	−6	58	63
1996	01	03	LB	KZ	2	1	F		15	1299	1559	+7	−1	129	64
1996	06	14	KZ	QA	1	0	SQ		8	1567	1410	+1	−3	63	105
1996	06	21	SY	KZ	2	0	SQ		32	1472	1535	+9	−9	85	72
1996	07	05	QA	KZ	3	0	SQ		36	1464	1499	+10	−5	88	77
1996	07	12	KZ	SY	0	1	SQ		-28	1471	1482	−9	+13	86	81
1997	05	11	KZ	PK	3	0	WQ		1	1472	874	0	0	83	201
1997	06	06	IQ	KZ	1	2	WQ		-33	1611	1505	−8	+7	54	76
1997	06	11	PK	KZ	0	7	WQ		-4	868	1509	−1	+4	202	73
1997	06	29	KZ	IQ	3	1	WQ		30	1539	1582	+3	−5	70	59
1997	09	02	CN	KZ	3	0	F		8	1672	1531	+1	−2	44	71
1997	09	06	KR	KZ	3	0	WQ		14	1684	1517	+4	−3	41	74
1997	09	12	AE	KZ	4	0	WQ		23	1580	1494	+5	−4	60	78
1997	09	20	KZ	UZ	1	1	WQ		-1	1493	1577	0	0	77	62
1997	10	04	KZ	JP	1	1	WQ		6	1499	1698	+2	−1	75	38
1997	10	11	KZ	KR	1	1	WQ		8	1507	1730	0	−2	75	31
1997	10	18	KZ	AE	3	0	WQ		34	1541	1563	+7	−7	68	62
1997	10	25	UZ	KZ	4	0	WQ		29	1554	1512	+7	−7	65	75
1997	11	08	JP	KZ	5	1	WQ		11	1738	1501	+3	0	27	76
1998	12	01	IR	KZ	2	0	ASG	TH	18	1666	1483	+2	−3	48	79
1998	12	03	KZ	LA	5	0	ASG	TH	4	1487	984	0	−2	79	193
1998	12	08	TH	KZ	1	1	ASG		-2	1420	1489	−1	0	103	78
1998	12	10	KZ	QA	2	0	ASG	TH	31	1520	1475	+6	−5	72	80
1998	12	12	LB	KZ	3	0	ASG	TH	52	1386	1468	+9	−12	111	85
2000	03	20	KZ	BH	1	0	F	AE	5	1473	1284	+2	−2	84	135
2000	03	22	KZ	BH	2	0	F	AE	8	1481	1290	+3	+2	81	133
2000	03	31	KZ	JO	1	0	SQ	QA	20	1501	1462	+3	−9	77	88
2000	04	02	QA	KZ	3	1	SQ		27	1464	1474	+6	−5	87	82
2000	04	06	KZ	PS	2	0	SQ	QA	14	1488	1258	+5	−5	79	142
2000	04	08	KZ	PK	4	0	SQ	QA	2	1490	814	0	0	78	206
2000	05	24	IR	KZ	3	0	WAH	JO	15	1733	1475	+8	−5	27	84
2000	05	26	SY	KZ	4	0	WAH	JO	34	1545	1441	+6	−6	67	90
2000	05	28	KZ	PS	3	2	WAH	JO	11	1452	1257	+2	−2	89	143
2000	10	07	SA	KZ	1	0	F	JO	5	1657	1447	−1	−3	51	90
2000	12	10	AE	KZ	5	2	F		9	1546	1438	+1	−1	68	91
2001	04	12	KZ	NP	6	0	WQ	IQ	2	1440	783	0	0	90	207
2001	04	14	KZ	MO	3	0	WQ	IQ	4	1444	961	+1	0	89	191
2001	04	16	IQ	KZ	1	1	WQ		-13	1606	1457	0	+3	57	86
2001	04	21	KZ	NP	4	0	WQ		1	1458	834	0	0	86	206
2001	04	23	KZ	MO	5	0	WQ		2	1460	906	0	0	86	195
2001	04	25	KZ	IQ	1	1	WQ		3	1463	1605	+2	0	84	58
2001	11	14	EE	KZ	0	0	F		1	1346	1462	0	+1	120	89
2002	04	17	LV	KZ	2	1	F		8	1433	1454	+5	−4	97	91
2002	07	07	KZ	EE	1	1	F		-4	1450	1392	0	+2	91	110
2003	02	12	MT	KZ	2	2	F		3	1243	1447	0	−1	147	93
2003	04	27	FO	KZ	3	2	F		13	1265	1434	+5	−5	142	98
2003	04	29	FO	KZ	2	1	F		12	1277	1422	+2	−6	140	104
2003	06	06	PL	KZ	3	0	F		3	1710	1419	+1	−1	37	104
2003	08	20	PT	KZ	1	0	F		1	1934	1418	−1	0	8	102
2004	02	18	LV	KZ	3	1	FT	CY	15	1559	1403	+3	−2	67	106
2004	02	19	AM	KZ	3	3	FT	CY	-1	1427	1404	−1	0	99	106
2004	02	21	CY	KZ	2	1	FT		9	1473	1395	+2	−2	83	108
2004	04	28	KZ	AZ	2	3	F		-14	1381	1351	−5	+4	113	121
2004	09	08	KZ	UA	1	2	WQ		-11	1370	1665	−3	+3	115	46
2004	10	09	TR	KZ	4	0	WQ		3	1844	1367	−1	+1	18	113
2004	10	13	KZ	AL	0	1	WQ		-17	1350	1541	−6	+6	119	70
2004	11	17	GR	KZ	3	1	WQ		2	1883	1348	0	+1	11	118
2005	01	29	JP	KZ	4	0	F		1	1846	1347	0	0	16	120
2005	03	26	DK	KZ	3	0	WQ		2	1848	1345	0	+1	16	119
2005	06	04	UA	KZ	2	0	WQ		3	1786	1342	0	−1	27	119
2005	06	08	KZ	TR	0	6	WQ		-9	1333	1827	−3	0	123	19
2005	08	17	KZ	GE	1	2	WQ		-17	1316	1507	−6	+3	127	82
2005	09	03	AL	KZ	2	1	WQ		6	1527	1310	+3	−3	73	130
2005	09	07	KZ	GR	1	2	WQ		-4	1306	1816	−1	0	130	22
2005	10	08	GE	KZ	0	0	WQ		-14	1498	1320	−3	+7	85	123
2005	10	12	KZ	DK	1	2	WQ		-3	1317	1888	−2	0	125	11
2006	02	14	JO	KZ	2	0	F		4	1533	1313	+2	−4	72	127
2006	02	24	KZ	KP	0	0	F	CY	5	1318	1480	+4	−2	123	89
2006	02	28	FI	KZ	0	0	FT	CY	-11	1629	1329	−2	+2	54	121
2006	03	01	GR	KZ	2	0	FT	CY	3	1810	1326	0	−1	22	122
2006	07	02	KZ	TJ	4	1	F		15	1341	1357	+4	−6	120	115
2006	07	05	KZ	KG	1	0	F		4	1345	1202	+2	−1	118	157
2006	08	16	BE	KZ	0	0	EQ		-17	1692	1362	−2	+5	45	113
2006	09	06	AZ	KZ	1	1	EQ		-6	1358	1368	−3	+3	115	110
2006	10	07	KZ	PL	0	1	EQ		-8	1360	1721	−1	+1	113	40
2006	10	11	KZ	FI	0	2	EQ		-14	1346	1680	−4	+1	118	46
2006	11	15	PT	KZ	3	0	EQ		2	1896	1344	+1	0	9	119
2006	12	24	KZ	SG	0	0	KNG	TH	-1	1343	1324	−1	0	120	124
2006	12	26	VN	KZ	2	1	KNG	TH	21	1215	1322	+6	−3	152	123
2006	12	28	TH	KZ	2	2	KNG		-5	1346	1327	−5	+1	120	122
2007	02	07	CN	KZ	2	1	F		2	1604	1325	0	0	56	122
2007	02	09	CN	KZ	1	0	F		2	1606	1323	0	−1	56	123
2007	03	07	KZ	KG	2	0	ATV		10	1333	1192	+2	−2	121	158
2007	03	09	KZ	AZ	1	0	ATV		13	1346	1368	+3	−5	118	112
2007	03	11	KZ	UZ	1	1	ATV		4	1350	1546	+3	0	115	72
2007	03	24	KZ	RS	2	1	EQ		34	1384	1728	+9	−10	106	41
2007	06	02	KZ	AM	1	2	EQ		-26	1358	1408	−9	+5	114	102
2007	06	06	KZ	AZ	1	1	EQ		-4	1354	1397	−1	+1	115	104
2007	08	22	FI	KZ	2	1	EQ		4	1648	1350	+4	+1	49	116
2007	09	08	KZ	TJ	1	1	F		-3	1347	1348	0	+2	116	115
2007	09	12	KZ	BE	2	2	EQ		10	1357	1632	+2	−1	115	56
2007	10	13	PL	KZ	3	1	EQ		3	1781	1354	+1	0	25	115
2007	10	17	KZ	PT	1	2	EQ		-3	1351	1892	−1	0	116	12
2007	11	21	AM	KZ	0	1	EQ		-30	1421	1381	−6	+6	101	111
2007	11	24	RS	KZ	1	0	EQ		3	1752	1378	+1	0	33	111
2008	02	03	AZ	KZ	0	0	F	TR	0	1370	1378	0	0	113	111
2008	02	06	MD	KZ	1	0	F	TR	7	1511	1371	+3	−2	81	112
2008	03	26	AM	KZ	1	0	F	NL	8	1434	1363	+2	−1	99	113
2008	05	23	RU	KZ	6	0	F		2	1784	1361	+1	0	26	113
2008	05	27	ME	KZ	3	0	F		3	1671	1358	+1	0	45	113
2008	08	20	KZ	AD	3	0	WQ		6	1364	1053	+2	0	117	180
2008	09	06	HR	KZ	3	0	WQ		2	1929	1362	+1	−1	7	118
2008	09	10	KZ	UA	1	3	WQ		-9	1353	1771	−1	+4	119	25
2008	10	11	EN	KZ	5	1	WQ		1	1964	1352	0	−1	7	120
2009	02	11	KZ	EE	2	0	F	TR	18	1370	1398	+2	−6	119	112
2009	04	01	KZ	BY	1	5	WQ		-27	1343	1596	−3	+8	122	58
2009	06	06	KZ	EN	0	4	WQ		-3	1340	1992	0	0	123	4
2009	06	10	UA	KZ	2	1	WQ		1	1806	1339	+1	0	17	123
2009	09	09	AD	KZ	1	3	WQ		-15	1028	1354	−1	+4	185	119
2009	10	10	BY	KZ	4	0	WQ		10	1590	1344	+2	−3	61	122
2009	10	14	KZ	HR	1	2	WQ		-3	1341	1888	0	0	122	9
2010	03	03	MD	KZ	1	0	F	TR	7	1449	1334	+2	−1	98	122
2010	08	11	KZ	OM	3	1	F		22	1356	1587	+3	−10	120	64
2010	09	03	KZ	TR	0	3	EQ		-8	1348	1816	−1	+1	121	15
2010	09	07	AT	KZ	2	0	EQ		7	1595	1341	+3	−2	60	123
2010	10	08	KZ	BE	0	2	EQ		-19	1322	1597	−3	+8	126	61
2010	10	12	KZ	DE	0	3	EQ		-2	1320	2071	−1	0	128	4
2011	02	09	BY	KZ	1	1	F	TR	-8	1657	1328	−3	+1	47	124
2011	03	26	DE	KZ	4	0	EQ		1	2061	1327	0	0	4	124
2011	06	03	KZ	AZ	2	1	EQ		21	1348	1418	+3	−8	122	109
2011	08	10	KZ	SY	1	1	F		3	1351	1566	+2	−1	118	67
2011	09	02	TR	KZ	2	1	EQ		2	1788	1349	0	−2	21	120
2011	09	06	AZ	KZ	3	2	EQ		11	1425	1338	+2	−5	103	123
2011	10	07	BE	KZ	4	1	EQ		5	1672	1333	0	−2	45	125
2011	10	11	KZ	AT	0	0	EQ		8	1341	1581	+2	−4	123	66
2012	02	29	KZ	LV	0	0	F	TR	5	1346	1516	+1	−2	120	83
2012	06	01	KZ	KG	5	2	F		5	1351	1124	+1	−1	121	173
2012	06	05	AM	KZ	3	0	F		6	1542	1345	0	0	78	120
2012	09	07	KZ	IE	1	2	WQ		-6	1339	1744	−2	+3	121	27
2012	09	11	SE	KZ	2	0	WQ		1	1877	1338	0	0	12	122
2012	10	12	KZ	AT	0	0	WQ		9	1347	1607	+3	−3	120	58
2012	10	16	AT	KZ	4	0	WQ		8	1615	1339	+1	−3	56	125
2013	02	06	KZ	MD	3	1	F	TR	18	1357	1393	+3	−2	122	110
2013	03	23	KZ	DE	0	3	WQ		-2	1355	2061	−1	0	122	2
2013	03	26	DE	KZ	4	1	WQ		1	2062	1354	0	+1	2	120
2013	06	04	KZ	BG	1	2	F		-4	1350	1704	−5	+2	126	37
2013	08	14	KZ	GE	1	0	F		12	1362	1498	+8	−1	117	88
2013	09	06	KZ	FO	2	1	WQ		7	1369	1193	0	−2	117	159
2013	09	10	KZ	SE	0	1	WQ		-4	1365	1880	0	0	117	11
2013	10	11	FO	KZ	1	1	WQ		4	1196	1361	+2	−3	159	120
2013	10	15	IE	KZ	3	1	WQ		4	1708	1357	+3	−1	35	121
2014	03	05	KZ	LT	1	1	F	TR	3	1360	1456	−1	0	123	97
2014	06	07	HU	KZ	3	0	F		3	1674	1357	0	−3	45	123
2014	08	12	KZ	TJ	2	1	F		5	1362	1269	+2	−1	121	139
2014	09	05	KZ	KG	7	1	F		5	1367	1105	+3	−2	118	177
2014	09	09	KZ	LV	0	0	EQ		0	1367	1473	0	−1	118	94
2014	10	10	NL	KZ	3	1	EQ		1	2097	1366	0	+1	2	117
2014	10	13	KZ	CZ	2	4	EQ		-8	1358	1795	−2	+1	120	20
2014	11	16	TR	KZ	3	1	EQ		5	1684	1353	+1	−3	41	121
2015	02	18	KZ	MD	1	1	F	TR	2	1355	1408	+1	−1	122	108
2015	03	28	KZ	IS	0	3	EQ		-16	1339	1679	−3	+5	125	43
2015	03	31	RU	KZ	0	0	F		-9	1764	1348	−1	+2	25	123
2015	05	12	KZ	BF	0	0	F		0	1348	1465	0	0	123	94
2015	06	12	KZ	TR	0	1	EQ		-7	1341	1719	−1	+2	124	38
2015	09	03	CZ	KZ	2	1	EQ		2	1761	1339	0	0	26	126
2015	09	06	IS	KZ	0	0	EQ		-18	1715	1357	−6	+6	37	119
2015	10	10	KZ	NL	1	2	EQ		-3	1354	1924	−1	0	119	9
2015	10	13	LV	KZ	0	1	EQ		-32	1454	1386	−7	+7	96	112
2016	03	26	KZ	AZ	1	0	F	TR	11	1397	1409	+2	−1	109	107
2016	03	29	GE	KZ	1	1	F		-5	1473	1402	0	+1	91	108
2016	06	07	CN	KZ	0	1	F		-17	1568	1419	−7	+2	67	107
2016	08	30	KG	KZ	2	0	F		19	1231	1400	+8	−2	152	109
2016	09	04	KZ	PL	2	2	WQ		15	1415	1808	+3	−1	106	18
2016	10	08	ME	KZ	5	0	WQ		15	1584	1400	+5	−4	61	108
2016	10	11	KZ	RO	0	0	WQ		12	1412	1722	+1	−2	105	36
2016	11	11	DK	KZ	4	1	WQ		7	1713	1405	+2	0	37	105
2017	03	22	CY	KZ	3	1	F		11	1416	1394	+1	−3	105	109
2017	03	26	AM	KZ	2	0	WQ		14	1515	1380	+3	−6	82	114
2017	06	10	KZ	DK	1	3	WQ		-12	1368	1737	−1	0	117	34
2017	09	01	KZ	ME	0	3	WQ		-23	1345	1619	−3	+6	121	56
2017	09	04	PL	KZ	3	0	WQ		2	1833	1343	0	0	18	121
2017	10	05	RO	KZ	3	1	WQ		5	1675	1338	−1	−2	44	122
2017	10	08	KZ	AM	1	1	WQ		1	1339	1459	+1	−1	120	93
2018	03	23	HU	KZ	2	3	F		-18	1593	1357	−9	0	66	121
2018	03	26	BG	KZ	2	1	F	HU	4	1614	1353	+2	−1	54	120
2018	06	05	KZ	AZ	3	0	F		15	1368	1384	+4	−2	116	111
2018	09	06	KZ	GE	0	2	END		-28	1340	1522	−5	+6	120	76
2018	09	10	AD	KZ	1	1	END		9	1072	1331	+3	−1	180	123
2018	10	13	LV	KZ	1	1	END		-5	1321	1336	−1	+2	125	121
2018	10	16	KZ	AD	4	0	END		8	1344	1061	+1	−2	120	184
2018	11	15	KZ	LV	1	1	END		-8	1336	1305	−3	+3	123	131
2018	11	19	GE	KZ	2	1	END		6	1545	1330	+2	−1	69	125
2019	02	21	KZ	MD	1	0	F	TR	10	1340	1313	+6	−4	120	132
2019	03	21	KZ	SQ	3	0	EQ		58	1398	1662	+14	−7	106	47
2019	03	24	KZ	RU	0	4	EQ		-15	1383	1761	−2	+2	108	32
2019	06	08	BE	KZ	3	0	EQ		1	2044	1382	0	+1	3	108
2019	06	11	KZ	SM	4	0	EQ		2	1384	830	0	−1	108	205
2019	09	06	CY	KZ	1	1	EQ		-7	1398	1391	0	+3	102	104
2019	09	09	RU	KZ	1	0	EQ		2	1786	1389	0	−1	23	106
2019	10	10	KZ	CY	1	2	EQ		-25	1364	1428	−8	+5	116	98
2019	10	13	KZ	BE	0	2	EQ		-2	1362	2061	0	0	116	2
2019	11	16	SM	KZ	1	3	EQ		-4	821	1366	−1	+1	209	115
2019	11	19	SQ	KZ	3	1	EQ		6	1639	1360	+1	−1	50	116
2020	09	04	LT	KZ	0	2	ENC		-35	1286	1395	−9	+6	136	109
2020	09	07	KZ	BY	1	2	ENC		-21	1374	1503	−4	+4	112	81
2020	10	11	KZ	AL	0	0	ENC		3	1377	1530	0	−1	111	75
2020	10	14	BY	KZ	2	0	ENC		14	1503	1363	+3	−2	79	114
2020	11	11	ME	KZ	0	0	F		-7	1526	1370	−1	+1	75	113
2020	11	15	AL	KZ	3	1	ENC		11	1543	1359	+2	−2	72	115
2020	11	18	KZ	LT	1	2	ENC		-26	1333	1371	−9	+9	123	111
2021	03	28	KZ	FR	0	2	WQ		-1	1332	2078	−2	0	126	3
2021	03	31	UA	KZ	1	1	WQ		-19	1819	1351	−3	+4	20	123
2021	06	04	NM	KZ	4	0	F		4	1602	1347	0	−3	59	125
2021	09	01	KZ	UA	2	2	WQ		15	1362	1780	+7	−4	117	28
2021	09	04	FI	KZ	1	0	WQ		3	1707	1359	0	−1	40	117
2021	09	07	BA	KZ	2	2	WQ		-16	1632	1375	−4	+10	53	108
2021	10	09	KZ	BA	0	2	WQ		-17	1358	1649	−7	+2	116	51
2021	10	12	KZ	FI	0	2	WQ		-13	1345	1695	−6	+1	120	41
2021	11	13	FR	KZ	8	0	WQ		1	2105	1344	0	+2	2	116
2021	11	16	KZ	TJ	1	0	F		5	1349	1264	−1	−2	117	143
2022	03	24	MD	KZ	1	2	ENC		-16	1169	1365	−5	+8	165	110
2022	03	29	KZ	MD	0	1	ENC		-34	1331	1203	−11	+8	123	157
2022	06	03	KZ	AZ	2	0	ENC		19	1350	1282	+7	−5	114	138
2022	06	06	SK	KZ	0	1	ENC		-37	1648	1387	−5	+10	51	105
2022	06	10	BY	KZ	1	1	ENC	RS	-4	1450	1391	0	+3	89	104
2022	06	13	KZ	SK	2	1	ENC		29	1420	1626	+6	−8	98	57
2022	09	22	KZ	BY	2	1	ENC		14	1434	1400	+3	−5	94	103
2022	09	25	AZ	KZ	3	0	ENC		33	1390	1401	+11	−7	106	101
2022	11	16	UZ	KZ	2	0	F		5	1573	1396	+1	−1	65	101
2022	11	19	AE	KZ	2	1	F		5	1489	1391	0	−3	81	105
2023	03	23	KZ	SI	1	2	EQ		-11	1380	1678	−2	+3	108	46
2023	03	26	KZ	DK	3	2	EQ		37	1417	1854	+9	−2	99	16
2023	06	16	KZ	SM	3	0	EQ	IT	2	1419	780	0	0	99	211
2023	06	19	EI	KZ	0	1	EQ		-30	1488	1449	−6	+9	83	91
2023	09	07	KZ	FI	0	1	EQ		-12	1437	1705	−3	+3	95	42
2023	09	10	KZ	EI	1	0	EQ		17	1454	1461	+4	−2	90	89
2023	10	14	DK	KZ	3	1	EQ		3	1871	1451	0	+1	16	91
2023	10	17	FI	KZ	1	2	EQ		-34	1627	1485	−6	+5	54	85
2023	11	17	KZ	SM	3	1	EQ		1	1486	777	0	0	86	212
2023	11	20	SI	KZ	2	1	EQ		5	1710	1481	+2	−2	42	87
2024	03	14	KZ	TM	2	0	F	AE	5	1486	1216	+2	0	86	159
2024	03	21	GR	KZ	5	0	EQ		10	1738	1476	+2	−2	35	88
2024	03	26	LU	KZ	2	1	F		6	1513	1470	+1	−3	77	91
2024	06	07	AM	KZ	2	1	F		8	1461	1462	+1	0	92	91
2024	06	11	AZ	KZ	3	2	F	HU	9	1491	1453	+3	−1	84	92
2024	09	06	KZ	NO	0	0	ENB		10	1463	1724	+1	−2	91	37
2024	09	09	SI	KZ	3	0	ENB		6	1777	1457	0	−2	27	93
2024	10	10	AT	KZ	4	0	ENB		4	1857	1453	+2	+1	16	91
2024	10	13	KZ	SI	0	1	ENB		-10	1443	1759	−1	+2	92	31
2024	11	14	KZ	AT	0	2	ENB		-8	1435	1884	−3	0	96	14
2024	11	17	NO	KZ	5	0	ENB		5	1806	1430	−1	0	23	94
2025	02	17	KP	KZ	2	0	F	TR	17	1404	1413	+7	−5	105	99
2025	03	19	KZ	CW	2	0	F	TR	12	1425	1323	+4	−2	96	129
2025	03	22	WA	KZ	3	1	WQ		5	1737	1420	+1	−1	38	97
2025	03	25	LI	KZ	0	2	WQ		-5	906	1425	−2	0	201	97
2025	06	05	BY	KZ	4	1	F		10	1501	1415	+3	−1	82	97
2025	06	09	KZ	NM	0	1	WQ		-14	1401	1634	−2	0	100	56
2025	09	04	KZ	WA	0	1	WQ		-9	1392	1735	−7	+1	108	38
2025	09	07	BE	KZ	6	0	WQ		3	1851	1389	+1	−1	19	109
2025	10	10	KZ	LI	4	0	WQ		2	1391	901	0	−1	108	200
2025	10	13	NM	KZ	1	1	WQ		-15	1623	1406	−4	+3	58	104
2025	11	15	KZ	BE	1	1	WQ		16	1422	1849	+1	−1	101	19
2025	11	18	FO	KZ	1	0	F	HR	12	1381	1410	+1	0	109	101
2026	03	25	KZ	NA	2	0	FFS		11	1421	1300	+1	−3	96	137
2026	03	31	KZ	KM	1	0	FFS		9	1430	1363	+5	−4	93	114
2026	06	06	AM	KZ	1	1	F		-1	1378	1431	+1	+1	107	92
2026	06	09	HU	KZ	3	1	F		3	1710	1428	+1	−1	44	93