1954	00	00	CI	LR	0	2	JAM		-56	1620	1356	−	−	30	90
1960	10	02	LR	GN	0	5	F		-13	1343	1603	0	+1	104	45
1960	12	25	LR	CI	2	0	F		23	1366	1618	+2	−2	102	43
1961	12	17	LR	GN	1	0	NKR		20	1386	1571	+3	−7	99	52
1961	12	25	CF	LR	1	1	JAM	CI	-1	1404	1387	0	+1	93	98
1961	12	26	CI	LR	5	0	JAM		10	1633	1377	0	−1	41	99
1961	12	27	UV	LR	5	1	JAM	CI	38	1415	1339	+11	−5	88	104
1961	12	29	GN	LR	5	2	NKR		7	1578	1332	+1	0	51	104
1963	04	12	LR	TD	2	1	JAM	SN	17	1349	1262	+2	−3	103	120
1963	04	13	DH	LR	1	0	JAM	SN	12	1502	1337	+1	−2	69	105
1963	04	16	MG	LR	3	1	JAM	SN	24	1431	1313	+7	−3	85	108
1963	10	08	LR	NG	2	2	F		5	1318	1600	+1	−2	109	49
1963	10	26	NG	LR	3	0	F		3	1603	1315	+1	0	48	109
1964	01	18	LR	GH	4	5	OQ		-4	1311	1826	−1	0	111	14
1964	02	02	GH	LR	1	0	OQ		1	1827	1310	0	0	14	111
1964	12	26	GH	LR	5	1	AGQ	CI	7	1720	1303	0	0	27	113
1964	12	30	CI	LR	4	2	AGQ		6	1602	1297	+1	−1	44	114
1965	01	01	GN	LR	3	3	AGQ	CI	-16	1647	1313	−2	+1	38	113
1965	04	18	GN	LR	7	0	F		4	1640	1309	0	0	39	114
1965	05	29	LR	CI	0	1	FQ		-8	1301	1650	−1	+1	115	35
1965	06	27	CI	LR	4	0	FQ		5	1655	1296	+1	0	35	115
1965	07	28	LR	GM	1	0	IND		11	1307	1282	+1	−2	114	119
1965	08	14	LR	CD	2	1	FQ		33	1340	1633	+4	−5	110	41
1965	09	21	CD	LR	3	2	FQ		3	1664	1337	0	0	37	110
1966	11	12	SL	LR	1	1	NKR		-4	1340	1341	−3	+1	107	106
1966	11	19	LR	SL	2	0	NKR		16	1357	1324	+5	−3	101	110
1967	00	00	LR	CD	1	4	F		-10	1347	1624	−3	+2	103	41
1967	01	26	LR	GN	2	2	FQ		8	1355	1595	0	−2	101	47
1967	03	05	CI	LR	1	1	F		-9	1689	1364	−2	0	33	102
1967	04	02	GN	LR	3	0	FQ		9	1599	1355	+2	−3	45	104
1967	05	06	LR	SN	0	0	FQ		8	1363	1591	+1	−2	104	47
1967	05	08	LR	SN	1	1	FQ		7	1370	1584	+1	−2	103	49
1967	07	02	SN	LR	4	1	FQ		10	1594	1360	+3	−1	46	104
1971	03	01	MG	LR	2	1	F		7	1390	1353	+1	−1	94	101
1971	03	21	GH	LR	2	1	OQ		3	1695	1350	+1	0	35	101
1971	03	24	TG	LR	0	2	F		-24	1473	1374	−4	+2	71	99
1971	04	17	LR	GH	0	1	OQ		-9	1365	1704	0	+4	99	31
1972	05	31	LR	GN	0	2	F		-10	1355	1594	−2	+1	104	52
1972	09	24	CI	LR	0	0	AGQ	GH	-14	1629	1369	−4	+3	43	102
1972	09	26	GH	LR	1	0	AGQ		5	1626	1364	0	−1	44	103
1972	09	29	LR	SL	1	1	AGQ	GH	4	1368	1436	+1	−1	102	81
1972	11	29	LR	NG	1	3	F		-10	1358	1598	−4	0	106	49
1972	12	29	LR	GH	2	2	F		5	1363	1624	+2	0	103	44
1974	11	10	TG	LR	1	0	FQ		11	1446	1352	+4	−1	79	105
1974	11	22	LR	TG	0	2	FQ		-31	1321	1477	−5	+9	110	70
1974	12	18	LR	CI	1	0	F		14	1335	1539	+3	−5	107	57
1975	01	30	LR	CM	2	0	F		22	1357	1576	+3	−3	105	49
1975	02	09	LR	NG	0	1	F		-5	1352	1637	0	+1	104	39
1975	02	22	LR	GN	1	1	F		5	1357	1620	−1	0	105	43
1975	04	06	GH	LR	6	0	OQ		10	1618	1347	+1	0	43	105
1975	04	20	LR	GH	1	4	OQ		-22	1325	1610	−6	+4	111	43
1975	05	20	LR	SL	3	1	F		15	1340	1415	+5	−3	105	91
1976	04	25	SL	LR	1	0	F		6	1403	1334	0	−2	94	110
1979	01	28	LR	GN	2	1	FT		22	1356	1598	+7	−4	99	51
1979	02	01	LR	SN	1	1	FT		7	1363	1628	+3	−2	96	45
1979	02	04	LR	GM	1	0	FT		8	1371	1292	+1	−2	95	115
1979	06	24	GH	LR	0	0	F		-8	1653	1379	−1	0	40	96
1979	07	26	LR	GH	3	1	IND		33	1412	1620	+6	−5	91	45
1979	10	25	LR	NG	1	1	F		4	1416	1672	0	−1	88	35
1979	11	17	SL	LR	3	1	OQ		24	1412	1392	+6	−4	89	93
1980	01	26	NG	LR	1	0	F		2	1672	1390	0	0	36	93
1980	03	30	LR	GH	0	2	OQ		-17	1373	1667	−2	+3	95	38
1980	04	13	GH	LR	2	2	OQ		-16	1651	1389	−2	+1	42	94
1980	10	25	LR	ML	1	1	F		1	1390	1519	0	−2	93	66
1980	11	09	LR	GM	0	0	FQ		-10	1380	1310	−2	+2	95	111
1980	11	23	GM	LR	1	1	FQ		-2	1308	1382	0	0	111	95
1980	12	07	LR	GN	0	0	WQ		2	1384	1513	0	0	95	67
1980	12	21	GN	LR	1	0	WQ		8	1521	1376	+3	0	64	96
1981	03	08	LR	TG	2	0	F		14	1390	1432	+4	−1	92	84
1981	03	22	MA	LR	3	1	FQ		7	1654	1383	+2	−3	39	96
1981	04	04	LR	MA	0	5	FQ		-22	1361	1676	−4	+4	100	35
1981	05	06	LR	GN	2	1	F		13	1374	1537	+4	−2	96	59
1981	06	27	LR	GH	0	0	F		5	1379	1655	0	0	95	40
1981	10	03	NG	LR	3	0	F		5	1600	1374	+1	0	46	94
1982	02	13	TG	LR	1	0	WAN	BJ	17	1448	1357	+3	−5	84	99
1982	02	15	UV	LR	2	1	WAN	BJ	23	1321	1334	+5	−4	104	102
1982	11	07	SL	LR	0	1	F		-14	1355	1348	−2	+3	95	98
1983	09	25	CI	LR	0	0	WAN		-13	1493	1361	−3	+4	71	94
1983	09	28	GH	LR	1	0	WAN	CI	5	1712	1356	0	−1	33	95
1983	09	30	TG	LR	4	0	WAN	CI	24	1506	1332	+6	−4	68	99
1983	10	02	CI	LR	2	1	WAN		7	1505	1325	+1	−4	69	103
1984	01	29	LR	SN	0	0	FT	CI	7	1332	1505	+6	−2	97	70
1984	01	31	LR	ML	2	2	FT	CI	5	1337	1457	0	0	97	80
1984	02	02	CI	LR	4	1	FT		7	1581	1330	+4	−4	53	101
1984	02	05	ML	LR	1	0	FT	CI	10	1469	1320	+2	−5	78	106
1984	08	24	PG	LR	2	1	MRD	MY	23	1134	1297	+6	−7	146	115
1984	08	29	MY	LR	3	1	MRD		14	1355	1283	+5	−5	94	120
1984	09	01	LR	TH	2	1	MRD	MY	16	1299	1291	+8	−7	112	116
1984	09	04	LR	ID	2	1	MRD	MY	9	1308	1156	+3	0	109	144
1984	10	11	CI	LR	3	0	F		4	1559	1304	0	−2	57	112
1984	10	20	NG	LR	3	0	WQ		8	1563	1296	+2	−2	56	114
1984	11	04	LR	NG	0	1	WQ		-11	1285	1574	−3	+2	118	54
1984	11	11	LR	MR	3	1	FQ		8	1293	1062	+2	0	116	156
1984	11	23	MR	LR	3	0	FQ		48	1110	1245	+4	−9	152	125
1986	02	23	BF	LR	1	0	WAN	GH	15	1349	1230	+3	−1	99	128
1986	02	25	LR	NE	3	0	WAN	GH	40	1270	1235	+9	−11	119	127
1986	02	26	GH	LR	3	0	WAN		7	1567	1263	0	−3	59	122
1986	02	27	TG	LR	1	0	WAN	GH	8	1516	1255	+1	−4	70	126
1986	07	26	LR	GN	0	0	SMD		-1	1254	1339	−1	−1	125	101
1986	07	30	LR	CI	0	2	SMD		-8	1246	1639	0	+1	125	39
1986	08	01	LR	GN	2	1	SMD		14	1260	1318	+3	−3	122	106
1986	08	02	LR	TG	1	0	SMD		20	1280	1452	+7	−2	115	80
1986	08	10	CI	LR	2	1	AGQ		3	1642	1277	0	0	38	115
1986	08	24	LR	CI	1	2	AGQ		-7	1270	1649	−2	+1	117	37
1986	10	05	SL	LR	2	1	FQ		9	1393	1261	+2	−4	90	122
1986	10	19	LR	SL	1	1	FQ		2	1263	1391	+2	−2	120	91
1987	01	30	LR	NG	2	0	WAN		47	1310	1539	+15	−8	107	62
1987	02	01	LR	BF	2	0	WAN		21	1331	1279	+4	−10	103	118
1987	02	03	LR	BJ	0	0	WAN		-10	1321	1245	−3	+1	106	125
1987	02	06	LR	TG	3	0	WAN		39	1360	1425	+10	−8	96	84
1987	02	08	LR	GH	1	2	WAN		-9	1351	1693	−1	+1	97	34
1987	06	28	LR	NG	2	1	OQ		25	1376	1524	+4	−5	94	67
1987	07	11	NG	LR	4	1	OQ		12	1557	1364	+4	−2	58	96
1987	07	26	LR	GH	0	0	IND		7	1371	1645	+1	0	95	43
1987	07	29	LR	MA	2	1	IND		24	1395	1679	+5	−4	90	38
1987	10	31	LR	GH	0	2	F		-9	1386	1649	−2	+2	92	43
1987	12	20	LR	BF	1	0	COC		11	1397	1308	+1	−1	90	104
1987	12	23	LR	CI	1	2	COC		-13	1384	1642	−1	+2	91	42
1988	08	07	GH	LR	0	0	WQ		-11	1498	1395	0	+3	70	91
1988	08	21	LR	GH	2	0	WQ		30	1425	1468	+6	−4	85	74
1988	10	02	LR	ML	0	1	FQ		-28	1397	1398	−7	+7	92	91
1988	10	16	ML	LR	3	1	FQ		22	1420	1375	+4	−6	87	98
1988	11	26	LR	SL	0	0	FT		-2	1373	1419	0	0	99	86
1988	11	27	LR	GN	0	1	FT		-17	1356	1452	−1	+1	100	80
1988	12	20	LR	TN	1	1	F		1	1357	1477	0	0	100	73
1989	01	06	EG	LR	2	0	WQ		5	1661	1352	0	0	39	100
1989	01	22	LR	KE	0	0	WQ		-3	1349	1397	0	+1	100	93
1989	06	11	LR	MW	1	0	WQ		26	1375	1529	+4	−4	97	62
1989	06	25	LR	EG	1	0	WQ		29	1404	1615	+5	−5	92	45
1989	08	12	KE	LR	1	0	WQ		14	1432	1390	+4	−4	83	96
1989	08	26	MW	LR	0	0	WQ		-8	1429	1398	−1	+3	83	93
1989	10	15	GN	LR	1	0	F		6	1445	1392	+1	−2	80	94
1989	10	22	LR	GN	2	0	F		13	1405	1432	+2	−1	92	81
1989	11	28	LR	GN	2	0	COQ		24	1429	1414	+10	−8	83	89
1989	11	29	LR	GH	1	1	COQ		-3	1426	1471	−1	0	84	72
1990	01	24	SN	LR	1	0	COC	NG	13	1564	1413	+4	−5	55	89
1990	01	27	CI	LR	1	0	COC	NG	9	1647	1404	+3	−3	39	92
1992	08	16	BF	LR	1	1	FQ		-4	1366	1408	−2	+1	111	101
1992	08	30	LR	TZ	1	1	FQ		-11	1397	1310	−4	+1	106	129
1992	10	11	ZR	LR	4	2	WQ		10	1595	1387	+3	−1	57	106
1993	04	10	GH	LR	1	0	FQ		5	1618	1382	+2	0	50	109
1993	07	25	LR	GH	0	2	FQ		-19	1363	1635	−7	+5	114	45
1994	06	05	CI	LR	4	1	F		3	1681	1360	0	−2	36	116
1994	09	04	LR	TG	1	0	FQ		11	1371	1285	+3	−3	113	133
1994	09	06	LR	TG	1	1	F		-5	1366	1290	−2	+2	115	131
1994	11	11	MR	LR	1	1	FQ		9	1115	1357	+3	−2	168	115
1994	12	29	LR	GN	0	0	F		-2	1355	1378	−1	+1	120	109
1995	01	22	LR	SN	1	1	FQ		-2	1353	1424	−1	0	118	98
1995	02	10	TN	LR	0	0	FQ		-15	1570	1368	−2	+5	62	113
1995	04	09	TG	LR	0	0	FQ		-5	1348	1373	−1	0	120	114
1995	04	23	LR	TN	1	0	FQ		25	1398	1539	+8	−3	105	67
1995	05	25	LR	ML	3	2	F	CI	11	1409	1414	+3	−1	101	99
1995	05	28	CI	LR	1	1	F		-7	1607	1416	−1	+2	52	99
1995	06	04	LR	MR	2	0	FQ		7	1423	1143	+1	0	98	163
1995	07	30	SN	LR	3	0	FQ		24	1456	1399	+5	−6	91	105
1995	12	17	SL	LR	1	0	F		4	1533	1395	0	−2	72	109
1995	12	24	CM	LR	1	0	F		4	1544	1391	+1	0	69	108
1996	01	06	SL	LR	2	1	F		4	1537	1387	0	−2	73	110
1996	01	16	LR	GA	2	1	AR	ZA	32	1419	1451	+7	−10	103	94
1996	01	25	ZR	LR	2	0	AR	ZA	30	1521	1389	+6	−6	74	108
1996	06	01	GM	LR	2	1	WQ		18	1334	1371	+4	−4	121	113
1996	06	23	LR	GM	4	0	WQ	GH	34	1405	1300	+5	−7	109	128
1996	10	06	ZR	LR	0	0	FQ		-11	1502	1416	−2	+3	77	103
1996	11	10	TN	LR	1	0	WQ	GH	9	1630	1407	+3	−4	45	105
1997	01	11	NA	LR	0	0	WQ		4	1248	1403	0	−1	141	104
1997	01	26	TG	LR	2	1	FQ	GH	22	1398	1381	+7	−11	109	116
1997	02	23	TZ	LR	1	1	FQ		-3	1327	1384	0	+2	124	113
1997	04	06	LR	EG	1	0	WQ	GH	30	1414	1545	+10	−7	103	68
1997	04	27	TN	LR	2	0	WQ		9	1630	1405	+3	−1	49	105
1997	06	08	LR	NA	1	2	WQ		-32	1373	1301	−9	+4	114	131
1997	06	22	LR	CD	2	1	FQ		21	1394	1465	+6	−7	108	86
1997	07	13	TG	LR	4	0	FQ		30	1398	1364	+12	−9	104	117
1997	07	27	LR	TZ	1	0	FQ		13	1377	1332	+5	−3	112	125
1997	08	17	EG	LR	5	0	WQ		11	1602	1366	+2	−3	54	115
1998	01	27	LR	BF	1	2	F		-14	1352	1345	−2	+6	118	120
1998	08	02	NE	LR	2	1	FQ		15	1352	1337	+4	−4	117	121
1998	08	16	LR	NE	2	0	FQ		23	1360	1328	+3	−6	118	124
1998	10	04	TN	LR	2	1	FQ		4	1628	1356	+1	−2	52	118
1999	01	24	LR	UG	2	0	FQ		27	1383	1395	+5	−7	113	109
1999	02	28	LR	DZ	1	1	FQ		-1	1382	1465	0	−1	112	85
1999	04	09	DZ	LR	4	1	FQ		18	1483	1364	+4	−3	79	115
1999	06	05	UG	LR	1	0	FQ		15	1375	1349	+3	−3	113	118
1999	06	20	LR	TN	2	0	FQ		47	1396	1628	+11	−7	107	51
2000	04	09	TD	LR	0	1	WQ		-19	1253	1415	−7	+5	143	102
2000	04	23	LR	TD	0	0	WQ		-13	1402	1266	−5	0	107	141
2000	06	18	SD	LR	2	0	WQ		28	1357	1374	+7	−4	117	112
2000	07	02	CV	LR	1	0	FQ		16	1356	1358	+4	−6	117	116
2000	07	09	LR	NG	2	1	WQ		33	1391	1705	+8	−9	107	40
2000	07	15	LR	CV	3	0	FQ		22	1413	1336	+4	−6	103	122
2000	09	03	LR	MU	4	0	FQ		14	1427	1243	+7	−2	97	143
2000	12	16	ZA	LR	2	1	FQ		5	1668	1422	0	−3	48	98
2001	01	14	LR	CG	5	1	FQ		27	1449	1396	+12	−10	86	107
2001	01	28	GH	LR	1	3	WQ		-42	1450	1491	−8	+9	86	77
2001	02	25	LR	SL	1	0	WQ		8	1499	1336	+1	−1	76	121
2001	03	25	CG	LR	0	1	FQ		-19	1364	1518	−4	+3	117	73
2001	04	07	ML	LR	3	0	WFQ		36	1444	1482	+15	−10	89	80
2001	04	22	LR	SD	2	0	WQ		15	1497	1379	+8	−4	74	114
2001	05	05	NG	LR	2	0	WQ		11	1668	1486	+2	−7	45	81
2001	06	03	LR	ZA	1	1	FQ		5	1491	1677	+2	−1	77	43
2001	06	16	MU	LR	0	2	FQ		-20	1245	1511	−6	+5	146	72
2001	07	01	LR	GH	1	2	WQ		-26	1485	1520	−9	+9	81	70
2001	07	14	SL	LR	0	1	WQ		-17	1313	1502	−3	+5	126	76
2001	08	04	CO	LR	2	1	F	US	2	1876	1500	0	0	11	77
2001	08	23	MX	LR	5	4	F		2	1759	1498	0	−1	26	78
2001	12	30	TN	LR	7	2	F		7	1682	1491	+1	−1	43	81
2002	01	19	ML	LR	1	1	AR		-4	1444	1495	−2	0	92	81
2002	01	25	DZ	LR	2	2	AR	ML	-1	1503	1496	0	0	80	82
2002	01	28	NG	LR	1	0	AR	ML	11	1729	1485	+2	−1	36	83
2002	09	08	GN	LR	3	0	FQ		26	1499	1459	+9	−4	76	86
2002	10	12	LR	NE	1	0	FQ		8	1467	1319	+1	−2	84	131
2003	03	30	ET	LR	1	0	FQ		25	1305	1442	+6	−6	131	96
2003	06	08	LR	ET	1	0	FQ		8	1450	1297	+2	0	91	131
2003	06	21	GN	LR	2	1	FQ	GH	20	1475	1430	+4	−9	85	100
2003	07	05	NE	LR	1	0	FQ		21	1333	1409	+4	−8	128	107
2003	10	12	GM	LR	2	0	WQA		27	1376	1382	+6	−7	116	114
2003	11	16	LR	GM	3	0	WQA		25	1407	1351	+6	−9	105	123
2004	06	06	LR	ML	1	0	WQA		24	1431	1560	+11	−7	96	68
2004	06	20	CG	LR	3	0	WQA		30	1415	1401	+8	−11	103	108
2004	07	04	LR	TG	0	0	WQA		-2	1399	1469	−1	+1	109	87
2004	09	04	ZM	LR	1	0	WQA		11	1485	1388	+3	−3	83	110
2004	10	10	LR	SN	0	3	WQA		-18	1370	1685	−4	+5	112	38
2005	03	26	SN	LR	6	1	WQA		7	1686	1363	+1	0	40	110
2005	06	05	ML	LR	4	1	WQA		14	1511	1349	+4	−8	78	117
2005	06	19	LR	CG	0	2	WQA		-37	1312	1405	−13	+6	129	102
2005	09	04	TG	LR	3	0	WQA		7	1588	1305	+1	−2	60	131
2005	10	01	LR	ZM	0	5	WQA		-31	1274	1513	−7	+7	138	80
2006	09	03	GQ	LR	2	1	FQ		21	1183	1253	+7	−5	161	138
2006	10	08	LR	RW	3	2	FQ		17	1270	1278	+1	−2	138	133
2007	03	24	CM	LR	3	1	FQ		2	1781	1268	0	0	24	139
2007	06	03	LR	CM	1	2	FQ		-3	1265	1784	0	+1	138	25
2007	06	17	LR	GQ	0	0	FQ		-9	1256	1206	−2	+3	141	155
2007	09	08	RW	LR	4	0	FQ		25	1305	1231	+2	−4	132	147
2008	03	26	SD	LR	0	2	F		-23	1316	1254	−7	+5	126	143
2008	04	24	OM	LR	1	0	F		2	1521	1252	+1	−1	80	144
2008	04	30	LR	SL	3	1	F		9	1261	1206	+3	−2	141	154
2008	05	27	LY	LR	4	2	F		3	1522	1258	0	−1	80	142
2008	06	01	LR	GM	1	1	WQA		-1	1257	1350	−1	−1	142	115
2008	06	06	DZ	LR	3	0	WQA		14	1410	1243	+3	−4	104	146
2008	06	15	LR	SN	2	2	WQA		12	1255	1582	+4	−3	142	61
2008	06	21	SN	LR	3	1	WQA		5	1587	1250	+1	−2	60	144
2008	09	06	GM	LR	3	0	WQA		16	1378	1234	+4	−3	114	146
2008	10	11	LR	DZ	0	0	WQA		6	1240	1435	+2	+1	145	95
2009	02	11	GQ	LR	1	0	F		8	1227	1232	+2	−2	152	148
2010	09	05	LR	ZW	1	1	FQ		0	1232	1338	0	0	148	124
2010	10	09	ML	LR	2	1	FQ		4	1510	1228	+1	+1	85	146
2011	03	26	CV	LR	4	2	FQ		10	1424	1218	0	−2	109	150
2011	06	05	LR	CV	1	0	FQ		26	1244	1398	+7	−3	145	111
2011	07	24	LR	GM	3	2	F		11	1255	1378	+2	−1	141	112
2011	08	10	LR	AO	0	0	F		3	1258	1441	0	0	142	99
2011	08	14	LR	NE	0	0	F		-2	1256	1306	0	0	142	132
2011	09	04	ZW	LR	3	0	FQ		16	1388	1240	+4	−5	110	146
2011	10	08	LR	ML	2	2	FQ		9	1249	1498	+3	−1	142	86
2012	02	15	LR	NG	0	2	F		-4	1245	1660	−1	0	143	46
2012	02	29	LR	NA	1	0	FQ		19	1264	1302	+2	−2	141	130
2012	06	02	SN	LR	3	1	WQ		6	1544	1258	+3	−2	74	145
2012	06	10	LR	AO	0	0	WQ		8	1266	1490	+3	−3	143	92
2012	06	16	NA	LR	0	0	FQ		-8	1308	1274	−1	+2	131	142
2012	08	15	GQ	LR	1	0	F		7	1282	1267	0	0	141	143
2012	09	04	LR	MW	1	0	F		11	1278	1405	+1	−1	142	106
2012	09	08	LR	NG	2	2	FQ		13	1291	1624	+3	−2	139	53
2012	09	11	LR	GH	2	0	F		25	1316	1661	+8	−2	131	43
2012	10	09	NE	LR	4	3	F		8	1302	1308	+1	−3	135	133
2012	10	13	NG	LR	6	1	FQ		7	1631	1301	+1	−2	52	136
2013	03	24	LR	UG	2	0	WQ		43	1344	1516	+9	−12	126	81
2013	05	27	IQ	LR	0	1	F		-18	1585	1362	−4	+8	63	118
2013	06	08	UG	LR	1	0	WQ		8	1512	1354	+3	−3	83	122
2013	06	16	LR	SN	0	2	WQ		-24	1330	1545	−5	+9	128	74
2013	09	07	AO	LR	4	1	WQ		17	1441	1313	+3	−2	100	131
2014	05	18	LR	LS	1	0	FQ		10	1323	1203	+2	−1	128	155
2014	06	01	LS	LR	2	0	FQ		32	1235	1291	+5	−6	151	134
2015	06	14	TG	LR	2	1	FQ		8	1438	1283	+2	−2	103	134
2015	09	05	LR	TN	1	0	FQ		30	1313	1536	+3	−9	132	75
2015	10	08	LR	GW	1	1	WQ		-10	1303	1232	−1	+2	132	153
2015	10	13	GW	LR	1	3	WQ		-32	1200	1335	−8	+6	160	126
2015	11	13	LR	CI	0	1	WQ		-6	1329	1729	−2	+3	127	35
2015	11	17	CI	LR	3	0	WQ		4	1733	1325	+1	−1	33	129
2016	03	24	DJ	LR	0	1	FQ		-3	753	1328	0	+2	214	127
2016	03	29	LR	DJ	5	0	FQ		2	1330	751	+1	0	124	214
2016	06	05	LR	TG	2	2	FQ		-1	1329	1407	0	−1	124	108
2016	09	04	TN	LR	4	1	FQ		9	1561	1320	+1	−3	69	125
2016	11	15	KE	LR	1	0	F		6	1385	1314	+1	−2	112	126
2017	06	05	LR	SL	1	0	F		9	1323	1361	+3	−2	125	118
2017	06	11	ZW	LR	3	0	FQ		19	1419	1304	+4	−7	101	132
2018	07	22	LR	SL	0	0	F		-1	1303	1376	0	0	133	114
2018	09	09	LR	CD	1	1	FQ		10	1313	1574	+2	0	130	63
2018	09	11	LR	NG	1	2	F		-3	1310	1707	0	0	130	42
2018	10	11	CG	LR	3	1	FQ		16	1403	1294	+2	−6	107	136
2018	10	16	LR	CG	2	1	FQ		21	1315	1382	+9	−9	128	114
2018	11	18	LR	ZW	1	0	FQ		24	1339	1467	+7	−3	121	88
2019	03	24	CD	LR	1	0	FQ		6	1548	1333	0	−2	69	125
2019	03	26	CI	LR	1	0	F		2	1610	1331	0	−4	57	128
2019	09	04	LR	SL	3	1	WQ		24	1355	1332	+7	−7	119	125
2019	09	08	SL	LR	1	0	WQ		16	1348	1339	+5	−4	119	122
2019	09	30	BW	LR	0	0	IND		-2	1295	1341	0	+1	138	124
2019	10	09	LR	TD	1	0	FQ		9	1350	1214	+4	−4	120	156
2019	10	13	TD	LR	1	0	FQ		22	1236	1328	+8	−6	148	126
2019	11	07	EG	LR	1	0	F		2	1611	1326	0	0	56	126
2021	04	28	SL	LR	0	2	MRU		-30	1319	1356	−5	+9	131	119
2021	06	11	MR	LR	1	0	F	TN	10	1382	1346	+3	−5	108	124
2021	06	14	LR	LY	1	0	F	TN	10	1356	1345	+4	−4	119	123
2021	06	17	DZ	LR	5	1	F		2	1762	1354	0	0	31	119
2021	09	03	NG	LR	2	0	WQ		5	1667	1349	+1	−1	45	120
2021	09	06	LR	CF	1	0	WQ	CM	17	1366	1274	+5	−4	115	139
2021	09	30	EG	LR	2	0	F		4	1602	1362	+1	0	59	116
2021	10	07	CV	LR	2	1	WQ	GH	17	1435	1345	+4	−5	93	121
2021	10	10	CV	LR	1	0	WQ		10	1445	1335	+4	−2	90	124
2021	11	13	NG	LR	2	0	WQ	MA	8	1658	1327	+3	−3	49	122
2021	11	16	LR	CF	3	1	WQ	MA	27	1354	1269	+9	−7	114	140
2022	03	24	BJ	LR	4	0	F	TR	15	1447	1339	+2	−3	93	119
2022	03	27	SL	LR	1	0	F	TR	10	1346	1329	+3	−2	118	121
2022	03	29	BI	LR	2	1	F	TR	12	1255	1317	0	−7	147	128
2022	06	13	MA	LR	2	0	FQ		3	1736	1314	0	−2	35	128
2022	09	25	LR	NE	0	0	CRO	EG	-3	1311	1256	−2	+3	133	145
2022	09	27	EG	LR	3	0	CRO		4	1642	1307	+2	−1	53	134
2023	03	24	ZA	LR	2	2	FQ		-15	1526	1322	−5	+10	75	126
2023	03	28	LR	ZA	1	2	FQ		-14	1308	1540	−8	+3	135	72
2023	09	12	GH	LR	3	1	F		3	1588	1305	+2	0	63	136
2023	10	14	LY	LR	3	2	F	MA	9	1337	1296	+2	−4	122	140
2023	10	17	MA	LR	3	0	FQ		2	1840	1294	0	0	20	140
2023	11	17	LR	MW	0	1	WQ		-24	1270	1355	−5	+6	146	117
2023	11	20	LR	GQ	0	1	WQ		-13	1257	1515	−5	+1	151	77
2024	03	20	LR	DJ	2	0	FQ	MA	8	1265	913	+1	0	150	197
2024	03	26	LR	DJ	0	0	FQ		-17	1248	930	−1	+1	153	196
2024	06	05	LR	NA	1	1	WQ	ZA	7	1255	1359	+1	−2	153	113
2024	06	09	LR	ST	1	0	WQ	MA	10	1265	1046	+2	−2	151	181
2024	09	06	TG	LR	1	1	FQ		-11	1359	1276	−6	+4	117	145
2024	09	10	LR	DZ	0	3	FQ		-12	1264	1668	−1	+3	146	50
2024	10	11	GQ	LR	1	0	FQ		4	1527	1260	+1	−1	74	147
2024	10	14	LR	GQ	1	2	FQ		-11	1249	1538	−3	0	151	74
2024	11	13	LR	TG	1	0	FQ		20	1269	1336	+6	−6	145	126
2024	11	17	DZ	LR	5	1	FQ		4	1685	1265	+1	−1	47	147
2025	03	19	LR	TN	0	1	WQ		-8	1257	1606	0	+1	150	58
2025	03	24	LR	ST	2	1	WQ		6	1263	1038	+1	−1	150	183
2025	09	04	TN	LR	3	0	WQ		5	1618	1258	−1	0	59	149
2025	09	08	MW	LR	2	2	WQ		-7	1276	1265	−2	+1	146	149
2025	10	09	LR	NA	3	1	WQ		30	1295	1333	+9	−15	139	130
2025	10	13	GQ	LR	1	1	WQ		-13	1452	1308	−2	+2	88	137
2025	11	15	GN	LR	2	0	F	MA	8	1488	1300	0	−2	84	140
2026	03	27	BJ	LR	1	0	F	MA	7	1418	1293	0	−5	99	141
2026	03	31	LR	LY	2	2	F	MA	4	1297	1420	+2	−5	137	99
2026	06	06	SL	LR	1	0	F		6	1355	1291	+3	−3	117	139
2026	06	09	LR	SL	3	1	F		13	1304	1342	+5	−4	134	121