1949	01	25	MO	KR	0	3	F		-2	1098	1714	−	+1	103	22
1950	04	22	MO	KR	1	4	F		-2	1096	1710	0	0	107	24
1958	04	06	MO	HK	1	3	F		-5	1091	1471	−1	0	133	74
1964	03	30	HK	MO	3	1	F		2	1482	1089	0	0	75	144
1965	05	02	MO	HK	2	3	F		-5	1084	1377	0	+2	145	100
1966	05	08	HK	MO	4	2	F		3	1348	1081	0	−1	106	150
1968	04	28	MO	HK	2	2	F		1	1082	1229	0	0	153	127
1970	10	30	MO	AU	0	9	F		-3	1079	1649	0	+2	154	38
1971	05	05	HK	MO	3	1	F		6	1240	1073	+1	−1	128	155
1972	06	11	MO	HK	1	5	F		-18	1055	1210	−2	+5	158	133
1974	04	21	MO	HK	2	3	F		-5	1050	1350	0	0	157	106
1975	04	00	MO	PA	2	1	F		11	1061	1180	0	0	158	137
1975	05	01	HK	MO	7	0	F		4	1372	1057	+3	0	98	157
1975	07	00	MO	TH	0	2	F		-10	1047	1300	0	+2	157	117
1975	11	05	MO	NZ	1	1	F		7	1054	1457	0	−1	157	78
1976	05	23	MO	HK	0	2	F		-7	1047	1368	0	+1	157	104
1977	05	07	HK	MO	2	0	F		2	1430	1045	0	0	89	157
1978	02	14	MO	CN	1	4	F		-3	1042	1583	0	0	158	49
1978	06	11	MO	HK	0	4	F		-9	1033	1357	−1	+2	159	101
1978	12	23	PH	MO	1	2	SQ		-27	1035	1060	−6	+7	159	153
1978	12	25	KR	MO	4	1	SQ	PH	1	1820	1059	0	0	17	153
1978	12	27	CN	MO	2	1	SQ	PH	1	1651	1058	0	0	40	153
1979	03	18	MO	HK	1	2	F		-5	1053	1362	−3	+3	156	98
1980	02	23	MO	PH	4	1	F		12	1065	1019	+2	−1	153	161
1980	06	01	MO	HK	0	2	F		-6	1059	1397	0	+1	153	91
1980	12	22	KP	MO	3	0	WQ	HK	3	1603	1056	0	−1	45	155
1980	12	24	CN	MO	3	0	WQ	HK	3	1580	1053	+1	−1	49	156
1980	12	28	JP	MO	3	0	WQ	HK	5	1508	1048	+2	0	69	156
1982	05	09	MO	HK	1	0	F		16	1064	1348	+3	−3	157	98
1983	07	01	HK	MO	1	0	F		2	1354	1062	0	0	95	158
1984	06	17	MO	HK	0	3	F		-12	1050	1291	−2	+3	158	118
1985	02	17	MO	BN	2	0	WQ		14	1064	935	+1	−3	158	171
1985	02	20	MO	CN	0	4	WQ		-6	1058	1598	0	+2	158	46
1985	04	13	BN	MO	1	2	WQ		-18	905	1076	−1	+1	173	158
1985	04	28	MO	HK	0	2	WQ		-21	1055	1309	−2	+5	160	109
1985	05	04	HK	MO	2	0	WQ		7	1316	1048	+1	0	108	161
1985	05	12	CN	MO	6	0	WQ		2	1604	1046	+1	0	48	161
1986	05	31	MO	HK	2	3	F		-5	1041	1334	−1	+2	162	101
1987	05	31	MO	HK	0	5	F		-10	1031	1351	−3	+2	164	99
1992	06	03	HK	MO	2	2	SQ	KP	-11	1242	1042	−3	+2	141	175
1992	06	05	KP	MO	2	0	SQ		2	1557	1040	0	−1	61	176
1992	06	07	MO	TW	2	0	SQ	KP	38	1078	1097	+3	−7	173	168
1993	04	18	MM	MO	7	1	F		13	1138	1065	+3	−2	165	180
1993	04	20	MM	MO	3	2	F		5	1143	1060	0	−1	165	181
1993	04	22	MM	MO	1	0	KWT		8	1151	1052	0	−1	165	182
1993	05	01	SA	MO	6	0	WQ	MY	3	1613	1049	0	0	53	182
1993	05	03	KW	MO	10	1	WQ	MY	8	1490	1041	0	0	82	182
1993	05	05	MY	MO	9	0	WQ		12	1296	1029	+2	−1	131	183
1993	05	14	SA	MO	8	0	WQ		2	1597	1027	0	0	55	183
1993	05	16	KW	MO	8	0	WQ	SA	6	1516	1021	0	0	76	183
1993	05	18	MY	MO	5	0	WQ	SA	15	1291	1006	+4	−3	131	186
1996	01	30	CN	MO	7	1	SQ	HK	3	1612	1003	0	−1	50	190
1996	02	01	HK	MO	4	1	SQ		10	1224	993	+2	0	149	190
1996	02	04	MO	PH	5	1	SQ	HK	19	1012	782	+1	0	189	206
1997	03	23	MO	NP	1	1	WQ	OM	-10	1002	825	−1	+2	188	204
1997	03	25	JP	MO	10	0	WQ	OM	2	1720	1000	0	0	30	188
1997	03	27	OM	MO	4	0	WQ		9	1261	991	+1	−2	138	190
1997	06	22	JP	MO	10	0	WQ		1	1743	990	0	0	28	189
1997	06	25	OM	MO	2	0	WQ	JP	10	1277	980	0	−1	136	190
1997	06	28	MO	NP	2	1	WQ	JP	11	991	806	+1	−1	189	206
2000	02	13	MO	BN	1	0	SQ		5	996	759	+1	0	188	208
2000	02	16	MO	SG	0	1	SQ		-10	986	1306	−2	+2	190	129
2000	02	20	MO	JP	0	3	SQ		-3	983	1619	0	0	190	55
2000	05	28	MO	HK	0	1	F		-7	976	1200	0	+2	191	153
2001	02	21	MO	HK	0	2	F		-10	966	1210	0	+2	191	155
2001	04	12	IQ	MO	8	0	WQ		1	1619	965	0	0	57	191
2001	04	14	KZ	MO	3	0	WQ	IQ	4	1444	961	+1	0	89	191
2001	04	16	NP	MO	4	1	WQ	IQ	52	835	909	+1	−4	206	195
2001	04	21	IQ	MO	5	0	WQ	KZ	1	1607	908	0	0	57	195
2001	04	23	KZ	MO	5	0	WQ		2	1460	906	0	0	86	195
2001	04	25	NP	MO	6	1	WQ	KZ	48	881	858	+6	−8	200	203
2001	05	23	MO	MN	4	0	EAG	JP	36	894	805	+7	−1	196	207
2003	02	22	MO	MN	2	0	EAQ	HK	22	916	783	+2	0	196	208
2003	02	24	HK	MO	3	0	EAQ		7	1195	909	+1	0	155	196
2003	02	26	MO	GU	2	0	EAQ	HK	10	919	628	0	−1	196	221
2003	03	02	TW	MO	2	1	EAQ	HK	13	1057	906	+4	0	182	196
2003	03	21	PK	MO	3	0	SQ	SG	41	886	865	+7	−7	198	203
2003	03	23	SG	MO	2	0	SQ		5	1198	860	0	0	155	203
2003	11	23	TW	MO	3	0	WQ		11	1054	849	+4	−2	182	204
2003	11	29	MO	TW	1	3	WQ		-21	828	1075	−2	+3	206	179
2006	04	02	TJ	MO	4	0	ACH	BD	4	1348	824	+3	−1	114	205
2006	04	04	KG	MO	1	0	ACH	BD	5	1164	819	+1	0	164	205
2006	04	06	MO	PK	2	2	ACH	BD	5	824	904	0	0	205	196
2006	04	07	KG	MO	2	0	ACH	BD	6	1200	818	+2	0	156	205
2006	08	09	MO	TW	0	1	F		-10	808	945	−2	+1	208	193
2007	06	17	MO	MN	0	0	EAQ		-7	801	784	0	0	207	210
2007	06	21	MO	KP	1	7	EAQ		-3	798	1485	−1	0	208	89
2007	06	24	MO	TW	2	7	EAQ		-32	766	997	−2	+3	211	188
2007	10	08	TH	MO	6	1	WQ		1	1404	765	0	0	107	211
2007	10	15	MO	TH	1	7	WQ		-4	761	1408	0	0	211	106
2008	05	24	NP	MO	3	2	SCQ	KH	13	893	748	+1	−1	200	212
2008	05	28	KH	MO	3	1	SCQ		19	800	729	+1	0	209	212
2008	11	19	MO	HK	1	9	F		-5	724	1215	0	+1	212	155
2009	03	11	MO	MP	6	1	EAQ	GU	21	745	522	0	−2	212	232
2009	03	13	MN	MO	2	1	EAQ	GU	19	788	726	+1	0	209	212
2009	03	15	GU	MO	2	2	EAQ		1	608	725	0	0	224	212
2009	04	07	MO	MN	2	0	SCQ		28	753	772	0	−2	212	210
2009	04	14	MN	MO	3	1	SCQ		20	792	733	+1	0	209	212
2009	04	26	MM	MO	4	0	SCQ	BD	6	1175	727	0	0	162	212
2009	04	28	KH	MO	2	1	SCQ	BD	18	783	709	0	−2	210	214
2009	04	30	BD	MO	3	0	SCQ		10	932	699	+2	−2	194	216
2010	10	09	TW	MO	7	1	LTC		8	936	691	+1	−3	192	218
2010	10	12	PH	MO	5	0	LTC	TW	18	860	673	0	−2	205	220
2011	02	09	KH	MO	3	1	SCQ		12	817	661	0	−2	207	222
2011	02	16	MO	KH	3	2	SCQ		23	684	794	+2	0	220	207
2011	06	29	VN	MO	6	0	WQ		2	1245	682	+2	0	143	220
2011	07	03	MO	VN	1	7	WQ		-6	676	1251	−1	+2	221	141
2011	09	30	TW	MO	3	0	LTC		6	925	670	+2	−1	194	222
2011	10	02	HK	MO	5	1	LTC	TW	3	1184	667	0	0	161	222
2011	10	04	PH	MO	2	0	LTC	TW	5	1029	662	+1	0	183	222
2012	07	20	MO	MP	5	1	EAQ	GU	20	682	465	+3	0	222	238
2012	07	22	GU	MO	3	0	EAQ		30	657	652	+3	−5	225	227
2012	09	25	MO	TW	2	2	PCC	PH	9	661	895	+2	0	225	201
2012	09	27	PH	MO	5	0	PCC		2	1141	659	0	0	171	225
2012	09	29	GU	MO	3	0	PCC	PH	27	674	632	+4	−2	223	227
2013	03	17	KG	MO	1	0	SCQ		1	1125	631	0	0	175	227
2013	03	19	TJ	MO	3	0	SCQ	KG	2	1257	629	0	0	143	227
2013	03	21	PK	MO	2	0	SCQ	KG	9	935	620	+2	−2	196	229
2014	07	21	GU	MO	0	0	EAQ		-11	729	631	0	+3	213	227
2014	07	23	MP	MO	2	1	EAQ	GU	30	471	601	0	−3	238	230
2014	07	25	MO	MN	3	2	EAQ	GU	29	630	736	+2	−2	228	213
2014	10	14	MO	SG	2	2	F		9	639	1223	+3	−4	226	152
2015	03	12	KH	MO	3	0	WQS		18	738	621	+2	−3	215	231
2015	03	17	MO	KH	1	1	WQS		1	622	737	+1	0	230	215
2015	10	09	TW	MO	5	1	F		7	789	615	0	−1	210	231
2016	03	29	MY	MO	0	0	F		-9	1111	624	0	0	177	229
2016	06	30	MO	MN	2	2	EAQ	GU	3	627	672	0	0	229	225
2016	07	02	MO	MP	3	1	EAQ	GU	16	643	433	+1	0	228	241
2016	07	04	TW	MO	3	2	EAQ	GU	12	807	631	0	0	208	228
2016	11	03	MO	MN	2	1	ASC	MY	22	653	650	+3	−3	225	227
2016	11	06	MO	LA	4	1	ASC	MY	50	703	763	+8	−2	217	211
2016	11	09	MO	LK	1	1	ASC	MY	-1	702	694	0	+1	217	219
2016	11	12	BN	MO	1	1	ASC	MY	4	641	698	0	−1	228	218
2016	11	15	NP	MO	1	0	ASC	MY	10	908	688	+1	−3	200	221
2017	03	28	KG	MO	1	0	SQ		1	1232	687	+2	0	151	221
2017	06	13	MO	MM	0	4	SQ		-13	674	1077	−2	+2	224	181
2017	09	05	MO	IN	0	2	SQ		-6	668	1171	−1	−1	225	169
2017	10	02	MO	LA	3	1	F		17	685	790	+2	−1	223	211
2017	10	11	IN	MO	4	1	SQ		2	1173	683	+1	0	168	223
2017	11	14	MO	KG	3	4	SQ		-3	680	1211	0	+1	223	161
2018	03	22	MO	MU	0	1	F		-3	677	1070	0	+1	223	181
2018	03	27	MM	MO	1	0	SQ		2	1072	675	0	−1	181	224
2018	08	29	MO	SB	1	4	F		-3	672	1198	0	+1	224	164
2018	09	02	MN	MO	4	1	EAQ		26	687	646	+5	−3	222	227
2018	09	04	MO	GU	2	0	EAQ	MN	45	691	795	+5	−3	222	209
2018	09	06	MO	MP	1	1	EAQ	MN	-14	677	410	−2	+1	224	242
2019	06	06	MO	LK	1	0	WQS	CN	22	699	685	+6	−5	219	224
2023	03	26	MO	SG	0	1	F		-3	696	1137	−1	+2	219	170
2023	06	19	MM	MO	2	0	F	CN	7	914	689	+1	−1	197	220
2023	09	06	MO	BT	0	1	F		-16	673	569	−4	+1	224	235
2023	09	11	KH	MO	4	0	F		6	874	667	0	−1	203	225
2023	10	12	MM	MO	5	1	WQS		9	929	658	+1	−1	194	226
2023	10	17	MO	MM	0	0	WQS		9	667	920	+1	−3	226	197
2024	09	06	BN	MO	3	0	SQ		27	670	640	+5	−4	223	229
2024	09	10	MO	BN	0	1	SQ		-24	616	694	−4	+4	232	219
2024	12	14	GU	MO	2	1	EAQ	HK	16	698	600	+3	0	219	232
2025	03	19	HK	MO	2	0	F		1	1137	599	0	0	166	232
2025	06	05	TW	MO	2	0	F		3	917	596	0	0	199	232
2026	03	26	AW	MO	4	1	FFS	RW	6	956	590	0	0	191	233
2026	03	29	TZ	MO	6	0	FFS	RW	1	1313	589	+2	0	131	233