1957	00	00	NN	ND	0	5	F		-8	1192	1550	−	+1	122	56
1962	10	15	NN	GH	0	12	F		-3	1189	1793	0	0	131	18
1962	12	08	TY	NN	6	2	RDC		18	1243	1171	+3	−3	123	135
1963	07	06	ND	NN	5	1	F		2	1557	1169	0	0	58	134
1964	06	21	NN	ZD	2	2	F		5	1174	1455	0	0	136	80
1964	07	04	NN	ND	0	5	IPC		-10	1164	1558	0	+1	136	58
1964	07	20	ND	MW	4	1	F		2	1560	1162	+1	0	57	136
1966	07	01	ZM	MW	4	1	F		3	1489	1159	+1	0	71	140
1966	07	04	MW	ZM	0	3	IND		-11	1148	1500	−1	+4	141	67
1966	07	06	MW	ZM	0	6	IND		-11	1137	1526	−2	+2	143	61
1966	07	07	MW	MG	1	6	IND		-23	1114	1342	−3	+6	146	106
1966	07	08	MW	ZM	1	5	IND		-8	1106	1534	−1	+2	147	59
1966	10	02	UT	MW	4	3	IND		7	1207	1099	−	−1	136	149
1967	03	25	MW	RH	3	6	F		-7	1092	1462	−1	+3	151	77
1967	11	11	RH	MW	1	1	F		-9	1453	1101	−3	+2	80	149
1967	11	12	RH	MW	1	0	F		1	1454	1100	+1	−1	79	150
1968	05	01	SZ	MW	2	0	F		8	1183	1092	+3	−1	139	151
1968	07	06	MW	KE	2	2	IND		8	1100	1397	+1	−3	150	95
1968	09	06	MW	BW	8	1	IND	SZ	34	1134	1066	+4	−	146	154
1968	09	07	SZ	MW	2	0	IND		13	1196	1121	+2	−2	137	148
1969	01	31	MW	RH	0	0	F		5	1126	1427	0	0	148	86
1969	02	01	MW	RH	2	2	F		5	1131	1422	+1	−1	147	87
1969	02	02	MW	RH	0	1	F		-5	1126	1427	−1	+1	148	86
1969	02	08	RH	MW	4	0	F		3	1430	1123	0	0	86	148
1969	02	09	RH	MW	1	1	F		-8	1422	1131	−1	+1	87	147
1969	05	04	RH	MW	4	1	F		3	1425	1128	+1	0	86	147
1969	06	27	MG	MW	3	0	F		4	1385	1124	+3	0	97	147
1969	07	06	MW	SZ	3	0	IND		24	1148	1172	+4	−4	143	141
1969	07	09	MW	SZ	1	1	IND		-3	1145	1175	−1	+1	144	140
1969	08	30	ZM	MW	4	0	PST		3	1554	1142	+2	0	59	144
1969	08	31	ZM	MW	5	0	PST		3	1557	1139	0	0	59	144
1969	09	02	ZM	MW	7	0	PST		3	1560	1136	0	−1	59	145
1969	12	01	MW	RH	2	2	F		5	1141	1424	+1	−1	144	87
1970	07	06	MW	MU	1	0	IND		24	1165	1476	+2	−3	142	72
1970	07	09	MW	MU	0	0	IND		8	1173	1468	+1	0	141	73
1971	03	18	MW	ZM	5	4	F		17	1190	1534	+4	−2	136	65
1971	03	20	MW	ZM	1	3	F		-6	1184	1540	−1	+1	137	64
1971	03	23	MW	ZM	0	3	F		-7	1177	1547	−2	+1	139	63
1971	04	10	MW	MG	1	2	OQ		-12	1165	1426	−2	+7	141	84
1971	05	09	MG	MW	4	2	OQ		7	1433	1158	+1	0	84	142
1971	05	25	UG	MW	3	3	F		-8	1429	1166	−2	0	85	142
1971	07	06	MW	UG	3	1	IND		32	1198	1399	+6	−6	136	91
1971	07	10	UG	MW	1	0	IND		5	1404	1193	+1	−1	90	137
1971	08	07	MW	LS	1	2	F		-13	1180	1212	−3	+2	140	133
1971	08	10	MW	LS	6	1	F		16	1196	1196	+4	−3	136	136
1971	10	08	LS	MW	0	0	F		-3	1212	1199	−2	+1	131	135
1971	10	10	LS	MW	0	2	F		-20	1192	1219	−5	+6	136	129
1972	07	06	MW	LS	1	0	IND		10	1229	1183	0	−3	129	139
1972	07	08	MW	LS	4	0	IND		17	1246	1166	+1	−2	128	141
1972	10	20	MW	KE	2	1	F		13	1259	1427	+4	−4	126	82
1972	10	22	MW	KE	0	1	F		-8	1251	1435	−3	+3	129	79
1973	07	06	MW	MU	4	1	IND		25	1276	1307	+3	−8	124	116
1973	07	08	MW	MU	1	0	IND		12	1288	1295	+3	−3	121	119
1973	09	06	SZ	MW	0	1	IND		-13	1137	1301	−2	+2	145	116
1974	01	13	MU	MW	4	1	F		13	1302	1288	+4	−3	114	118
1974	01	17	MU	MW	2	1	F		7	1309	1281	+1	−3	113	121
1974	01	20	MU	MW	2	2	F		-4	1305	1285	0	+3	113	119
1974	07	06	MW	CI	5	1	IND		44	1329	1562	+9	−10	110	54
1974	07	07	MW	TZ	1	0	IND		15	1344	1424	+3	−6	107	88
1974	07	08	MW	ZM	0	1	IND		-10	1334	1580	−2	+3	109	49
1974	12	29	MW	TZ	1	1	F		0	1334	1440	0	0	110	82
1975	01	29	MW	MU	1	0	F		6	1340	1271	+2	0	107	122
1975	01	31	MW	MU	1	1	F		-5	1335	1276	0	0	108	122
1975	02	02	MW	MU	3	0	F		10	1345	1266	0	−2	107	124
1975	02	23	TZ	MW	3	1	F		7	1447	1338	+3	0	79	107
1975	02	25	TZ	MW	2	0	F		7	1454	1331	+1	−2	78	109
1975	02	27	ZN	MW	2	7	F		-10	1019	1341	−2	+2	161	107
1975	03	29	MW	ZM	1	6	FQ		-26	1315	1593	−6	+6	113	46
1975	04	13	ZM	MW	3	3	FQ		-16	1577	1331	−3	+2	50	110
1975	07	06	MW	KE	3	3	IND		-3	1328	1361	0	0	110	104
1975	07	08	MW	KE	1	2	IND		-18	1310	1379	−5	+5	115	99
1975	07	10	MW	KE	3	1	IND		20	1330	1359	+5	−5	110	104
1975	08	31	MW	ZM	1	1	OQ		7	1337	1546	0	−3	111	57
1975	10	12	ZM	MW	4	1	OQ		10	1556	1327	+2	0	56	111
1975	11	01	MW	TZ	3	1	CEC	ZM	40	1367	1402	+8	−10	103	93
1975	11	03	MW	ZN	4	2	CEC	ZM	7	1374	1012	+4	−1	99	160
1975	11	07	MW	UG	2	1	CEC	ZM	29	1403	1506	+6	−6	93	64
1975	11	09	KE	MW	2	2	CEC	ZM	-3	1446	1406	−2	+1	83	92
1975	12	20	MW	SZ	2	0	F		3	1409	1119	+1	0	92	146
1975	12	22	MW	SZ	0	0	F		-8	1401	1127	−2	0	94	146
1976	02	08	MW	LS	4	1	F		4	1405	1147	+2	−1	93	141
1976	02	28	MW	LS	4	1	F		4	1409	1143	+2	0	92	141
1976	03	02	MW	LS	0	1	F		-18	1391	1161	−4	+1	96	140
1976	05	09	ZM	MW	4	0	WQ		17	1515	1374	+4	−6	61	101
1976	05	30	MW	ZM	0	1	WQ		-18	1356	1533	−5	+3	106	58
1976	07	06	MW	KE	3	0	IND		27	1383	1433	+9	−12	97	85
1976	07	08	MW	SL	4	2	IND		17	1400	1386	+4	−3	93	96
1976	09	04	MW	UG	1	1	F		-2	1398	1449	0	0	94	78
1976	09	06	MW	UG	1	2	F		-11	1387	1460	0	+2	94	76
1976	09	13	BW	MW	1	7	IND		-19	1123	1406	−5	+1	147	94
1976	09	17	BW	MW	0	3	IND		-14	1109	1420	−2	+4	149	90
1976	10	24	MW	MU	1	1	FQ		-14	1406	1236	−4	+2	94	128
1976	11	07	MW	TZ	1	1	CEC	ZN	1	1407	1429	0	0	94	87
1976	11	09	KE	MW	2	2	CEC	ZN	-1	1421	1408	0	+1	89	93
1976	11	12	UG	MW	2	1	CEC	ZN	16	1493	1392	+5	0	68	93
1977	01	28	MU	MW	3	2	FQ		23	1259	1369	+4	−7	124	100
1977	03	26	ZM	MW	8	1	F		7	1569	1362	+2	−1	52	100
1977	07	06	MW	TZ	0	0	IND		0	1362	1451	0	0	101	80
1977	07	08	MW	TZ	1	0	IND		15	1377	1436	+3	−7	98	87
1977	07	10	MW	TZ	0	0	IND		-2	1375	1438	0	+2	98	85
1977	09	30	BW	MW	0	2	IND		-12	1088	1387	−5	+2	154	96
1977	10	01	BW	MW	1	5	IND		-14	1074	1401	0	+4	154	92
1977	11	11	MW	LS	3	0	F		4	1405	1157	+2	−1	90	139
1977	11	13	MW	LS	6	1	F		5	1410	1152	0	−1	90	140
1977	11	29	MW	ZM	1	0	CEC	SO	29	1439	1543	+6	−7	84	58
1977	12	01	MW	TZ	0	0	CEC	SO	-1	1438	1428	0	0	84	86
1977	12	06	UG	MW	1	0	CEC	SO	17	1506	1421	+2	−5	66	89
1977	12	08	MW	KE	2	1	CEC	SO	18	1439	1360	+6	−3	83	99
1977	12	12	KE	MW	1	1	IPC		-1	1359	1440	−1	0	100	83
1978	01	24	MU	MW	1	2	AGQ		-16	1250	1456	−5	+6	126	77
1978	06	18	MW	ZM	1	2	F		-9	1447	1586	−3	+1	81	53
1978	06	25	ZM	MW	0	0	F		-6	1580	1453	−1	+2	54	78
1978	07	06	MW	SL	5	0	IND		16	1469	1368	+4	−3	74	97
1978	07	09	MW	SL	4	2	F		7	1476	1361	+1	−1	73	98
1978	07	14	LY	MW	2	1	AFG	DZ	24	1422	1452	+4	−6	89	78
1978	07	18	EG	MW	4	1	AFG	DZ	16	1674	1436	0	−6	38	83
1978	07	22	DZ	MW	3	0	AFG		19	1532	1417	+2	−6	62	89
1978	07	25	NG	MW	3	2	AFG	DZ	7	1686	1410	+4	−1	34	89
1978	07	28	GH	MW	1	0	AFG	DZ	8	1660	1402	0	−2	38	92
1978	10	22	MW	DZ	1	1	F		2	1404	1586	0	−1	91	52
1978	10	24	MW	DZ	2	1	F		12	1416	1574	+2	−2	89	54
1978	11	01	MW	KE	1	0	CEC		12	1428	1347	+4	−5	85	104
1978	11	03	MW	SO	3	1	CEC		6	1434	1128	+2	−1	83	143
1978	11	05	MW	UG	0	2	CEC		-24	1410	1623	−8	+5	91	44
1978	11	11	MW	ZM	2	1	CEC		25	1435	1568	+8	−3	83	54
1978	11	17	MW	KE	2	0	CEC		14	1449	1312	+3	0	80	109
1978	11	19	MW	ZM	3	2	CEC		24	1473	1604	+6	−3	74	46
1978	12	03	MG	MW	2	1	FQ		19	1401	1454	+2	−4	92	78
1978	12	17	MW	MG	5	1	FQ		22	1476	1379	+5	−2	73	94
1979	04	15	MW	ZM	0	2	FQ		-28	1448	1632	−7	+3	80	44
1979	04	29	ZM	MW	2	0	FQ		10	1642	1438	+3	−1	41	81
1979	06	24	MW	LS	1	0	F		2	1440	1195	+1	0	82	135
1979	06	26	MW	LS	1	2	F		-18	1422	1213	−7	+5	89	130
1979	07	06	MW	KE	1	0	IND		10	1432	1397	+2	−3	87	93
1979	07	08	MW	KE	0	0	IND		-6	1426	1403	−2	+2	89	91
1979	07	15	MW	TZ	2	0	F		11	1437	1422	+6	−5	83	90
1979	07	17	MW	TZ	2	0	F		10	1447	1412	0	−1	83	91
1979	07	19	MW	TZ	0	1	F		-14	1433	1426	−2	+2	85	89
1979	08	25	LS	MW	0	3	F		-12	1201	1445	−2	+2	132	84
1979	11	04	MW	ZN	4	0	CEC	KE	7	1452	1042	+1	−1	84	157
1979	11	07	MW	SD	4	0	CEC	KE	43	1495	1460	+15	−16	69	84
1979	11	13	MW	TZ	1	1	CEC	KE	1	1496	1512	+1	0	70	65
1979	11	14	MW	TZ	4	0	CEC	KE	39	1535	1473	+8	−14	62	79
1979	11	17	KE	MW	2	3	CEC		-22	1445	1557	−2	+4	83	59
1980	05	11	ZM	MW	1	1	F		-3	1555	1560	−2	+2	58	55
1980	06	15	MW	ZM	2	0	F		10	1570	1537	0	−1	55	63
1980	06	29	CM	MW	3	0	WQ		27	1580	1543	+6	−8	52	62
1980	07	06	MW	ZW	0	1	IND		-22	1521	1482	−3	+8	64	73
1980	07	08	MW	ZW	1	1	IND		-6	1515	1488	−2	+2	66	71
1980	07	20	MW	CM	1	1	WQ		-2	1513	1582	−1	−1	66	52
1980	10	26	MW	ZW	0	1	FQ		-28	1485	1488	−8	+6	76	74
1980	11	09	ZW	MW	1	1	FQ		-6	1482	1491	−1	+2	75	73
1980	11	16	MW	ZN	1	0	CEC	SD	3	1494	1050	−1	0	73	156
1980	11	19	MW	KE	1	0	CEC	SD	15	1509	1396	+3	−2	70	92
1980	11	22	ZM	MW	3	2	CEC	SD	20	1531	1489	+8	−4	60	74
1980	11	24	TZ	MW	1	0	CEC	SD	21	1484	1468	+6	−5	75	80
1980	11	27	MW	ZM	1	0	CEC	SD	22	1490	1489	+6	−7	74	75
1981	04	18	MW	BW	5	2	IND	ZW	4	1494	1042	0	0	70	158
1981	04	19	MW	ZM	2	1	IND	ZW	16	1510	1512	+2	−4	68	67
1981	04	20	ZW	MW	4	0	IND		22	1511	1488	+4	−4	68	72
1981	06	19	MW	TZ	4	1	F		11	1499	1446	+2	−1	71	80
1981	06	21	MW	TZ	3	1	F		9	1508	1437	+1	−1	70	81
1981	06	23	MW	TZ	0	0	F		-5	1503	1442	−1	0	71	81
1981	07	06	MW	MZ	3	1	IND		7	1510	1292	+2	−1	68	113
1981	07	10	MW	ZW	2	0	IND		14	1524	1458	+5	−2	63	78
1981	09	04	ZW	MW	2	1	IND	SZ	17	1494	1507	+4	−4	72	69
1981	09	05	MW	LS	4	1	IND	SZ	7	1514	1185	+2	−1	67	139
1981	09	06	SZ	MW	0	0	IND		11	1109	1503	+1	−4	150	71
1981	11	04	MZ	MW	1	0	F		13	1301	1490	+3	−5	111	75
1981	11	14	KE	MW	1	0	CEC	TZ	25	1432	1465	+4	−4	86	78
1981	11	17	TZ	MW	2	2	CEC		-5	1454	1470	−3	0	82	78
1981	11	20	MW	ZN	4	1	CEC	TZ	6	1476	1065	0	−2	77	157
1982	07	06	MW	TZ	0	1	IND		-19	1457	1496	−1	+8	81	70
1982	07	08	MW	TZ	2	0	IND		19	1476	1477	+1	−8	80	78
1982	09	12	MW	ZW	2	0	FQ		19	1495	1428	+9	−5	70	88
1982	10	03	ZW	MW	0	2	FQ		-33	1395	1528	−1	+7	89	63
1982	11	13	UG	MW	2	1	CEC		18	1481	1510	+3	−3	76	67
1982	11	16	MW	ZW	1	1	CEC	UG	-4	1506	1440	−1	0	69	84
1982	11	19	MW	TZ	2	0	CEC	UG	21	1527	1380	+7	−2	62	90
1983	06	16	MZ	MW	0	2	IND		-16	1316	1543	−4	+2	105	62
1983	06	18	MZ	MW	2	2	IND		5	1321	1538	0	−1	105	63
1983	07	06	MW	ZW	0	0	IND		-7	1531	1482	0	+1	63	76
1983	07	08	MW	ZW	1	0	IND		9	1540	1473	+1	−4	62	80
1983	08	14	MG	MW	0	1	FQ		-24	1479	1564	−4	+3	75	59
1983	08	28	MW	MG	1	1	FQ		-10	1554	1489	−2	+1	60	74
1983	10	22	TZ	MW	1	1	F		2	1382	1552	+1	0	90	60
1983	10	24	TZ	MW	0	0	F		2	1384	1550	0	0	90	59
1983	10	26	ZN	MW	0	1	F		-2	1101	1552	0	0	151	59
1983	10	29	TZ	MW	1	0	F		12	1396	1540	0	−3	90	62
1983	11	13	ZW	MW	1	0	CEC	KE	25	1478	1515	+7	−3	75	66
1983	11	17	MW	SO	2	1	CEC	KE	4	1519	1109	0	−1	67	149
1983	11	20	MW	ZN	3	1	CEC	KE	5	1524	1093	+1	0	64	153
1983	11	23	KE	MW	2	0	CEC		22	1542	1502	+3	−6	63	70
1983	11	25	UG	MW	2	1	CEC	KE	22	1491	1480	+5	−5	72	75
1984	02	12	MW	ZM	1	0	F		11	1491	1591	+3	−2	73	48
1984	02	15	MW	ZM	0	1	F		-10	1481	1601	−4	+2	76	46
1984	03	05	DZ	MW	3	0	AR	CI	28	1638	1453	+5	−5	39	82
1984	03	08	MW	NG	2	2	AR	CI	10	1463	1586	+3	−4	79	53
1984	03	11	GH	MW	1	0	AR	CI	14	1640	1449	+1	−4	40	84
1984	07	06	MW	KE	2	1	IND		15	1464	1535	+2	−4	81	63
1984	07	08	MW	KE	1	1	IND		-1	1463	1536	0	0	81	63
1984	07	10	MW	KE	2	1	IND		14	1477	1522	+4	−2	77	65
1984	07	15	MU	MW	0	1	WQ		-15	1270	1492	0	+6	121	71
1984	07	28	MW	MU	4	0	WQ		10	1502	1260	+1	−2	70	123
1984	11	17	MW	ZW	3	0	F		13	1515	1504	+3	−4	65	68
1984	11	19	MW	ZW	1	0	F		7	1522	1497	+3	−2	62	70
1984	12	02	MW	KE	2	1	CEC	UG	18	1540	1475	+3	−5	60	77
1984	12	05	MW	SO	1	0	CEC	UG	4	1544	1161	−1	0	60	144
1984	12	09	MW	ZN	1	0	CEC	UG	2	1546	1070	+1	0	59	156
1984	12	12	UG	MW	0	2	CEC		-34	1453	1580	−3	+7	80	50
1984	12	15	MW	ZM	0	0	CEC	UG	3	1583	1631	+1	0	50	43
1985	03	23	ZM	MW	1	1	F		-4	1633	1587	0	+1	41	50
1985	03	25	ZM	MW	2	2	F		-4	1629	1591	−2	+1	43	49
1985	03	31	MW	MZ	1	1	FQ		-15	1576	1358	−5	+2	54	96
1985	04	07	MA	MW	2	0	WQ		15	1685	1561	+5	−3	32	57
1985	04	16	MZ	MW	1	1	FQ		6	1364	1555	0	0	95	57
1985	04	21	MW	MA	0	0	WQ		2	1557	1683	0	0	57	33
1985	05	02	ZW	MW	1	3	F		-17	1475	1574	−5	+2	77	55
1985	07	01	RE	MW	2	8	IOT		-8	1124	1582	0	+2	149	51
1985	07	02	ZR	MW	1	0	IOT	RE	14	1620	1568	+2	−5	46	56
1985	07	06	MW	TZ	0	0	IND		-9	1559	1420	−3	+1	59	86
1985	07	08	MW	TZ	2	0	IND		9	1568	1411	+3	−1	56	87
1985	07	10	MW	TZ	0	0	IND		-9	1559	1420	−3	+1	59	86
1985	10	04	MW	UG	1	0	CEC	ZW	16	1575	1468	+2	−3	55	80
1985	10	06	MW	ZM	2	2	CEC	ZW	3	1578	1629	+1	+1	54	41
1985	10	11	ZW	MW	1	0	CEC		20	1492	1558	+3	−3	76	57
1985	10	12	MW	UG	3	1	CEC	ZW	26	1584	1486	+4	−7	53	78
1986	06	21	MW	ZM	0	2	F		-20	1564	1577	−2	+5	57	55
1986	06	22	MW	ZM	0	1	F		-12	1552	1589	−5	+2	62	53
1986	07	06	MW	UG	2	1	IND		8	1560	1478	+4	−1	58	76
1986	07	08	MW	UG	0	0	IND		-7	1553	1485	−4	+1	62	75
1986	07	10	MW	UG	0	0	IND		-7	1546	1492	0	+2	62	73
1986	07	19	MW	ZW	1	1	AGQ		-7	1539	1527	−1	+2	63	66
1986	08	03	ZW	MW	1	1	AGQ		-5	1522	1544	−2	+1	68	62
1986	09	30	BW	MW	2	0	IND		41	1086	1503	+4	−8	156	72
1986	11	16	RW	MW	2	5	OQ		-10	1078	1513	−3	+3	158	70
1986	11	30	MW	RW	3	0	OQ		3	1516	1093	+1	0	69	153
1987	01	04	SZ	MW	1	3	AGQ		-8	1083	1524	−1	+2	154	67
1987	01	18	MW	SZ	6	1	AGQ		3	1527	1080	0	0	66	154
1987	04	05	ZM	MW	3	1	AGQ		17	1605	1510	+2	−6	49	72
1987	04	19	MW	ZM	2	0	AGQ		30	1540	1575	+8	−7	63	54
1987	06	13	MW	ZW	1	4	F		-23	1517	1545	−3	+4	67	63
1987	06	14	MW	ZW	2	1	F		8	1525	1537	−1	−2	68	65
1987	06	27	MW	CM	1	1	OQ		5	1530	1713	0	−1	67	33
1987	07	03	MW	CI	1	2	FQ		-20	1510	1650	−4	+4	70	41
1987	07	06	MW	BI	1	1	IND		-12	1498	1234	0	+3	70	127
1987	07	08	MW	BI	1	1	IND		-12	1486	1246	−6	+1	76	126
1987	07	11	MW	BI	2	4	IND		-39	1447	1285	−1	+11	77	115
1987	07	12	CM	MW	3	0	OQ		7	1725	1440	0	−1	33	78
1987	07	19	CI	MW	2	0	FQ		9	1659	1431	+3	−4	40	82
1987	08	02	CI	MW	1	0	AFG	KE	8	1667	1423	+1	−3	39	84
1987	08	04	MW	SN	2	0	AFG	KE	39	1462	1492	+7	−8	78	72
1987	08	06	MW	EG	2	1	AFG	KE	33	1495	1687	+5	−3	71	36
1987	08	10	KE	MW	1	1	AFG		-3	1445	1498	−1	+3	79	69
1987	08	12	MW	CM	3	1	AFG	KE	46	1544	1663	+8	−5	61	39
1987	12	02	TN	MW	2	3	F		-11	1471	1555	0	+3	77	61
1987	12	06	TN	MW	1	3	F		-16	1455	1571	−1	+4	78	57
1987	12	13	MW	ZW	1	1	CEC	ET	-4	1567	1503	−2	0	59	70
1988	06	19	MZ	MW	1	2	IND		-9	1313	1576	−3	+4	105	54
1988	06	22	MZ	MW	0	0	IND		7	1320	1569	+3	−3	102	57
1988	07	06	MW	ZM	1	0	IND		11	1580	1554	+4	−3	52	60
1988	07	08	MW	ZM	0	1	IND		-20	1560	1574	−8	+8	60	52
1988	07	10	MW	ZM	0	0	IND		-4	1556	1578	0	0	60	52
1988	07	16	UG	MW	1	0	WQ		16	1546	1540	+4	−5	61	64
1988	07	30	MW	UG	3	1	WQ		22	1562	1524	+8	−5	55	65
1988	08	04	ZM	MW	7	1	F		14	1592	1548	+3	−4	48	60
1988	08	31	ZM	MW	4	1	F		10	1611	1538	+2	−2	45	62
1988	09	26	MW	MZ	1	1	F		-7	1531	1315	0	0	62	106
1988	09	28	MW	MZ	1	0	F		3	1534	1312	0	0	62	106
1988	10	12	KE	MW	0	2	ANN		-20	1369	1554	−4	+4	99	57
1988	10	14	KE	MW	1	0	ANN		19	1388	1535	+4	−4	95	61
1988	11	06	MW	TZ	0	0	CEC		-16	1519	1250	−3	+6	63	122
1988	11	10	MW	ZN	1	0	CEC		2	1521	1124	+1	0	62	150
1988	11	12	MW	KE	3	0	CEC		15	1536	1377	+2	−2	60	96
1988	11	16	MW	ZW	0	0	CEC		-8	1528	1505	−2	+3	62	66
1988	11	17	MW	ZW	2	0	CEC		20	1548	1485	+3	−5	59	71
1988	11	19	MW	ZM	3	1	CEC		32	1580	1636	+10	−5	49	43
1989	01	07	KE	MW	1	1	WQ		5	1394	1575	0	−2	94	51
1989	01	21	MW	EG	1	1	WQ		0	1575	1674	0	0	52	36
1989	03	26	ET	MW	1	1	F		2	1423	1573	0	−1	85	54
1989	03	28	ET	MW	1	0	F		11	1434	1562	+2	−2	83	56
1989	04	09	SZ	MW	0	2	FQ		-6	1073	1568	−1	+2	159	54
1989	04	23	MW	SZ	1	1	FQ		-19	1549	1111	−8	+2	61	153
1989	06	03	MW	TN	1	0	F		6	1555	1484	+1	−1	60	70
1989	06	11	LR	MW	1	0	WQ		26	1375	1529	+4	−4	97	62
1989	06	24	MW	KE	1	0	WQ		9	1538	1401	+1	−4	61	93
1989	07	06	MW	GA	2	0	IND		10	1548	1420	+2	−2	60	86
1989	07	09	MW	MZ	0	1	IND		-27	1521	1314	−3	+5	63	106
1989	07	11	MW	MZ	0	2	IND		-38	1483	1352	−7	+4	70	102
1989	07	14	MW	KE	2	3	FQ		-30	1453	1422	−7	+9	77	87
1989	07	29	KE	MW	0	0	FQ		-4	1418	1457	−3	+2	88	76
1989	08	05	TN	MW	3	0	F		13	1467	1444	+2	−4	75	80
1989	08	11	EG	MW	1	0	WQ		7	1635	1437	+2	−2	42	82
1989	08	26	MW	LR	0	0	WQ		-8	1429	1398	−1	+3	83	93
1989	12	02	MW	ZN	0	0	CEC	KE	-13	1416	1164	−3	+2	86	145
1989	12	10	MW	ZM	0	0	CEC	KE	8	1424	1561	+1	−2	84	56
1989	12	14	KE	MW	0	1	CEC		-28	1435	1452	−8	+7	82	77
1989	12	16	MW	UG	3	3	CEC	KE	4	1456	1527	+3	0	75	63
1990	01	20	MW	TZ	2	2	SDC	SZ	-9	1447	1207	−4	+1	79	136
1990	01	21	BW	MW	2	2	SDC	SZ	11	1149	1436	+1	−2	147	81
1990	01	23	SZ	MW	0	0	SDC		8	1122	1428	0	−2	153	83
1990	07	06	MW	TZ	2	0	IND		6	1434	1211	+3	−1	77	136
1990	07	09	MW	TZ	1	1	IND		-11	1423	1222	−3	+2	80	134
1990	07	11	MW	TZ	0	0	IND		-10	1413	1232	−4	+3	84	131
1990	08	04	MW	ZR	1	0	F		12	1425	1574	+4	0	81	50
1990	08	06	MW	ZR	1	0	F		11	1436	1563	+4	−6	77	56
1990	08	08	MW	ZR	0	0	F		1	1437	1562	0	0	77	56
1990	08	18	MW	CG	0	1	FQ		-29	1408	1408	−11	+10	87	87
1990	12	09	MW	ZW	0	0	CEC	ZN	2	1410	1433	0	0	86	77
1990	12	11	MW	TZ	1	0	CEC	ZN	11	1421	1228	+3	−3	83	133
1990	12	14	ZN	MW	2	1	CEC		29	1177	1392	+6	−8	142	91
1991	04	14	ZW	MW	4	0	FQ		26	1423	1366	+5	−8	83	100
1991	04	28	CG	MW	2	1	FQ		9	1483	1357	+1	−3	73	103
1991	07	06	MW	KE	0	2	IND		-28	1329	1405	−8	+11	111	86
1991	07	08	MW	KE	1	1	IND		-1	1328	1406	−1	0	112	86
1991	07	10	MW	KE	1	1	IND		-1	1327	1407	0	0	112	86
1991	07	27	MW	ZW	2	2	FQ		0	1327	1421	0	0	111	82
1991	08	19	MW	MZ	1	0	F		8	1335	1344	+3	−1	108	106
1991	08	20	MW	MZ	2	0	F		11	1346	1333	+2	−3	106	109
1991	11	25	MW	ZN	1	0	CEC	UG	10	1356	1137	+3	0	108	160
1991	11	28	KE	MW	1	0	CEC	UG	15	1464	1341	+3	−3	80	111
1991	12	01	MW	ZM	0	0	CEC	UG	12	1353	1558	+2	−1	109	58
1991	12	30	MW	ZM	0	2	F		-9	1344	1603	−2	+4	112	50
1992	07	06	MW	ZW	0	0	IND		-1	1343	1422	0	0	117	96
1992	07	08	MW	ZW	0	0	IND		-1	1342	1423	−1	0	118	96
1992	07	11	MW	ZW	1	0	IND		14	1356	1409	+4	−3	114	99
1992	08	16	MW	EG	1	0	FQ		31	1387	1628	+7	−6	107	47
1992	08	29	MW	ML	1	1	FQ		-5	1382	1412	−1	+1	110	101
1992	11	07	ZW	MW	0	1	F		-15	1474	1397	−1	+3	81	105
1992	11	09	ZW	MW	4	1	F		9	1483	1388	+1	−1	82	105
1992	11	16	TZ	MW	1	1	CEC		-1	1308	1389	0	0	129	104
1992	11	19	MW	ZM	1	0	CEC	TZ	32	1421	1609	+4	−6	100	52
1992	11	22	MW	ET	2	1	CEC	TZ	18	1439	1374	+6	−6	94	110
1992	11	24	MW	ZN	3	1	CEC	TZ	9	1448	1137	0	−1	94	167
1992	11	28	ZM	MW	4	0	CEC	TZ	21	1638	1427	+4	−3	47	97
1993	03	27	MW	ZM	1	0	F		13	1440	1620	+4	−3	93	50
1993	04	11	MA	MW	0	1	FQ		-33	1566	1473	−7	+6	62	87
1993	04	25	EG	MW	2	0	FQ		10	1665	1463	+4	−1	34	89
1993	05	20	ZM	MW	1	1	F		-6	1617	1469	−3	+1	50	88
1993	05	22	ZM	MW	0	1	F		-16	1601	1485	−5	+4	55	85
1993	05	24	ZM	MW	4	2	F		7	1608	1478	+3	−1	52	87
1993	07	06	MW	SZ	3	1	IND		5	1483	1216	0	0	87	149
1993	07	08	MW	SZ	1	1	IND		-12	1471	1228	−1	+3	88	146
1993	07	10	MW	SZ	0	1	IND		-26	1445	1254	−4	+4	92	142
1993	07	11	ML	MW	2	1	FQ		15	1444	1430	+4	−7	94	99
1993	07	25	MW	MA	0	2	FQ		-22	1408	1642	−2	+5	101	43
1993	07	29	MW	SZ	3	0	F		7	1415	1247	+2	−1	99	143
1994	02	12	MW	ZM	0	3	F		-12	1403	1649	−5	+8	102	40
1994	02	13	MW	ZM	0	2	F		-9	1394	1658	−1	+1	103	39
1994	09	04	ZR	MW	1	1	FQ		-10	1482	1404	0	+3	82	100
1994	10	09	ZM	MW	2	1	F		2	1692	1402	0	−1	32	102
1994	10	15	MW	ZW	3	1	FQ		34	1436	1511	+8	−7	94	75
1995	01	08	CM	MW	0	0	FQ		-12	1560	1448	−1	+4	65	89
1995	01	22	LS	MW	0	2	FQ		-19	1202	1467	−4	+3	153	86
1995	04	09	MW	ZR	0	1	FQ		-25	1442	1496	−3	+6	91	79
1995	04	23	ZW	MW	1	1	FQ		-11	1553	1453	−1	+1	65	91
1995	07	16	MW	CM	1	3	FQ		-33	1420	1554	−10	+9	101	65
1996	05	11	MW	ZM	0	1	F		-6	1414	1677	−1	0	104	37
1996	05	12	MW	ZM	1	1	F		4	1418	1673	+1	0	103	37
1996	05	26	MW	MZ	1	0	F		7	1425	1404	+1	−1	102	106
1996	06	01	MW	ZA	0	1	WQ		-9	1416	1743	−2	0	104	29
1996	06	15	ZA	MW	3	0	WQ		6	1749	1410	0	−3	27	105
1996	07	06	MW	TZ	3	2	IND		11	1421	1396	+3	−1	104	109
1996	07	08	MW	TZ	1	0	IND		10	1431	1386	+5	−1	98	110
1996	07	10	MW	TZ	1	1	IND		-6	1425	1392	−2	+1	100	109
1996	10	06	MU	MW	1	2	FQ		-11	1154	1436	+1	+6	163	95
1997	01	04	KE	MW	2	2	F		-1	1373	1437	0	0	115	93
1997	01	05	KE	MW	0	0	F		-1	1372	1438	0	0	115	93
1997	01	25	MW	ZM	0	2	FQ		-23	1415	1638	−8	+5	101	47
1997	02	22	MW	MZ	2	0	FQ		18	1433	1347	+9	−1	93	120
1997	03	01	BW	MW	1	4	CSF		-9	998	1442	0	+1	190	93
1997	04	12	MW	MZ	2	2	CSF		-9	1433	1379	−2	+2	94	114
1997	04	19	ZM	MW	4	0	CSF		12	1635	1421	+2	−5	47	99
1997	06	21	MW	MU	3	2	FQ		4	1425	1155	+1	0	98	164
1997	06	28	NA	MW	4	1	CSF		34	1365	1391	+7	−11	118	109
1997	07	06	MW	BW	0	0	IND		-13	1378	1011	−2	0	111	187
1997	07	12	ZM	MW	3	1	FQ		8	1620	1370	+2	−2	51	113
1997	07	27	MZ	MW	2	1	FQ		12	1427	1358	+4	−4	98	118
1997	08	09	MW	TZ	2	2	CSF		-7	1351	1339	−3	+3	121	122
1998	01	03	MW	ZW	1	0	F		9	1360	1422	+1	−4	118	101
1998	01	04	MW	ZW	0	2	F		-17	1343	1439	−2	+7	120	94
1998	01	10	MW	ZM	0	1	CSF		-10	1333	1638	−4	+5	124	46
1998	07	06	MW	MZ	2	1	IND		10	1343	1309	+3	0	119	127
1998	07	08	MW	MZ	2	2	IND		-6	1337	1315	−1	0	120	127
1998	07	11	MW	MZ	0	0	IND		-5	1332	1320	−2	0	122	127
1998	07	18	MW	ZW	1	0	F		12	1344	1489	+3	−6	119	79
1998	07	20	MW	ZW	0	0	F		1	1345	1488	0	0	119	78
1998	08	01	NA	MW	2	1	FQ		15	1347	1330	+5	−6	119	125
1998	08	15	MW	NA	0	1	FQ		-24	1306	1387	−4	+8	129	109
1999	01	23	ZW	MW	3	0	F		7	1466	1299	+6	0	84	130
1999	01	24	ZW	MW	1	0	F		4	1470	1295	+3	−1	81	131
1999	04	24	MW	AO	1	2	CSF		-18	1277	1447	−6	+8	137	90
1999	05	22	MW	NA	1	1	CSF		-3	1274	1331	0	+1	136	121
1999	07	06	MW	UG	0	2	IND		-24	1250	1377	−5	+6	139	112
1999	12	04	MW	LY	1	2	F		-7	1243	1456	−2	+1	146	90
1999	12	11	MW	RW	1	1	F		-5	1238	1177	−1	0	147	161
1999	12	13	MW	RW	1	1	F		-4	1234	1181	−1	+1	148	160
1999	12	15	MW	RW	1	2	F		-14	1220	1195	−2	+6	150	154
2000	03	12	ZM	MW	1	1	F		-8	1540	1228	0	+1	67	149
2000	03	13	ZM	MW	0	1	F		-18	1522	1246	−6	+4	73	145
2000	03	25	TZ	MW	1	1	F		-3	1245	1249	−2	+2	146	144
2000	03	26	TZ	MW	4	3	F		7	1252	1242	+3	−3	143	147
2000	04	08	MW	KE	2	0	WQ		37	1279	1390	+11	−12	135	110
2000	04	15	MW	MZ	2	1	CSF		13	1292	1248	+4	−4	132	144
2000	04	22	KE	MW	0	0	WQ		-10	1382	1302	−2	+1	111	131
2000	05	20	MW	AO	0	0	CSF		5	1307	1492	+2	0	130	77
2000	06	04	NG	MW	3	2	F		1	1731	1306	−1	0	32	129
2000	06	06	NG	MW	4	1	F		2	1733	1304	+2	−1	30	130
2000	06	17	MW	BF	1	1	WQ		0	1304	1404	0	0	130	107
2000	07	01	UG	MW	3	1	FQ		18	1372	1286	+6	−8	111	136
2000	07	06	MW	NA	1	2	IND		-18	1268	1326	−4	+4	141	124
2000	07	15	MW	UG	1	2	FQ		-21	1247	1376	−1	+5	142	112
2001	01	28	GN	MW	1	1	WQ		-15	1488	1262	−2	+2	78	141
2001	02	25	MW	ZA	1	2	WQ		-6	1256	1664	−4	+3	143	49
2001	03	11	ZW	MW	2	0	WQ		9	1476	1247	+1	−1	80	143
2001	03	17	BW	MW	0	1	CSF		-18	1087	1265	−4	+3	175	140
2001	04	21	BF	MW	4	2	WQ		14	1384	1251	+2	−6	114	145
2001	07	01	MW	SZ	2	2	IND		-6	1245	1197	−1	0	145	156
2001	07	06	MW	ZM	1	0	IND		20	1265	1438	+5	−4	140	92
2001	07	14	ZA	MW	2	0	WQ		3	1655	1262	+2	−1	50	141
2001	07	21	MW	ZA	1	0	CSF		34	1296	1621	+10	−4	131	55
2001	07	28	MW	ZW	0	1	WQ		-17	1279	1472	−7	+5	138	85
2001	08	25	MW	ZW	0	2	CSF		-22	1257	1494	−5	+8	143	79
2002	05	04	MW	TZ	1	0	F		9	1266	1312	+4	−2	141	128
2002	05	18	MW	AO	2	1	CSF		29	1295	1500	+10	−7	131	76
2002	06	08	MW	BW	2	0	F		6	1301	1160	0	−1	131	161
2002	06	09	MW	BW	1	0	F		4	1305	1156	+2	−1	129	162
2002	07	07	MW	ZW	3	2	IND		17	1322	1442	+4	−5	126	93
2002	07	08	MW	ZW	2	2	IND		1	1323	1441	0	0	126	93
2002	08	10	MW	ZM	1	0	CSF		23	1346	1444	+4	−5	124	91
2002	09	21	MW	ZA	1	3	CSF		-13	1333	1675	−4	+3	128	43
2002	09	28	ZA	MW	1	0	CSF		3	1678	1330	+1	−1	42	129
2002	10	12	MW	AO	1	0	FQ		24	1354	1485	+8	−10	120	81
2003	02	22	MW	CD	1	1	F		0	1354	1459	0	0	124	91
2003	02	23	MW	CD	2	3	F		-10	1344	1469	−2	+6	126	85
2003	03	16	ZW	MW	0	0	F		-6	1461	1350	−4	+2	91	124
2003	03	29	MW	NG	0	1	FQ		-6	1344	1748	−3	0	126	33
2003	05	17	MW	ZM	0	1	F		-9	1335	1483	0	+5	127	80
2003	05	21	LS	MW	0	0	F		2	1149	1333	0	0	164	127
2003	05	25	BW	MW	1	1	CSF		2	1197	1331	0	0	155	127
2003	06	07	NG	MW	4	1	FQ		3	1766	1328	+1	−2	27	129
2003	07	06	AO	MW	5	1	FQ		14	1498	1314	+5	−2	75	131
2003	08	16	MW	ZM	1	1	CSF		2	1316	1445	0	−1	129	92
2003	09	27	MW	ZW	1	2	CSF		-15	1301	1516	−1	+2	130	74
2003	10	05	ZW	MW	2	0	CSF		8	1524	1293	+2	0	72	130
2003	10	12	ET	MW	1	3	WQA		-40	1269	1333	−9	+5	139	126
2003	11	15	MW	ET	0	0	WQA		-9	1324	1278	0	+2	126	136
2004	05	22	ZM	MW	0	2	F		-23	1419	1347	−7	+4	102	123
2004	06	05	MW	MA	1	1	WQA		12	1359	1670	+4	−4	118	45
2004	06	13	MZ	MW	2	0	CSF		29	1296	1330	+6	−7	133	126
2004	06	19	BW	MW	2	0	WQA		29	1269	1301	+5	−5	140	131
2004	07	03	MW	GN	1	1	WQA		8	1309	1533	+3	−2	128	72
2004	07	06	MW	SZ	1	2	IND		-24	1285	1184	−6	+7	134	156
2004	07	08	MW	SZ	1	1	IND		-8	1277	1192	−4	0	138	156
2004	09	04	KE	MW	3	2	WQA		6	1472	1271	0	−2	89	140
2004	10	09	MW	TN	2	2	WQA		13	1284	1618	+6	−4	134	58
2005	02	27	MW	ZW	2	1	F		13	1297	1479	+3	−2	133	86
2005	03	26	TN	MW	7	0	WQA		7	1625	1290	+3	−2	54	135
2005	05	27	LY	MW	1	1	F		-8	1521	1298	−2	+3	74	132
2005	06	04	MA	MW	4	1	WQA		4	1690	1294	+3	−2	40	134
2005	06	11	MW	LS	2	1	CSF	ZM	12	1306	1132	+3	−2	131	167
2005	06	12	ZM	MW	2	1	CSF		7	1492	1299	+1	−1	84	132
2005	06	18	MW	BW	1	3	WQA		-40	1259	1320	−7	+9	139	127
2005	09	04	GN	MW	3	1	WQA		8	1502	1251	+1	0	84	139
2005	09	24	MW	ZW	2	0	AFD	MZ	39	1290	1535	+6	−9	135	72
2005	10	08	MW	KE	3	0	WQA		36	1326	1365	+13	−7	121	109
2006	06	24	MW	ZW	1	1	IND	MZ	7	1333	1493	+1	−5	122	86
2006	06	25	MZ	MW	1	2	IND		-18	1285	1351	−4	+6	135	116
2006	07	06	MW	BW	2	1	IND		10	1361	1322	+2	0	114	124
2006	07	08	MW	BW	0	0	IND		-6	1355	1328	−2	0	116	124
2006	07	22	ZM	MW	3	1	CSF	NA	18	1521	1337	+5	−5	75	121
2006	07	23	NA	MW	3	2	CSF		24	1184	1313	+4	−7	162	128
2006	09	02	MA	MW	2	0	FQ		4	1655	1309	−1	0	49	127
2006	10	07	MW	ZW	1	0	FQ		24	1333	1457	+4	−5	121	93
2006	11	26	MW	DJ	3	0	CEC	ET	4	1337	839	0	0	120	204
2006	11	28	TZ	MW	2	1	CEC	ET	23	1302	1314	+5	−7	130	127
2006	12	01	ET	MW	1	0	CEC		10	1418	1304	+1	−1	101	128
2006	12	06	MW	UG	0	0	CEC	ET	6	1310	1403	−1	−1	128	103
2007	05	26	MW	ZA	0	0	CSF	SZ	9	1319	1473	+1	−3	124	91
2007	05	27	SZ	MW	1	0	CSF		23	1195	1296	+8	−7	157	131
2007	06	10	MW	SN	2	3	F		-4	1292	1650	−1	+1	132	48
2007	06	16	MW	MA	0	1	FQ		-7	1285	1668	−1	+1	133	45
2007	07	06	MW	NA	1	2	IND		-21	1264	1245	−6	+5	139	145
2007	09	09	ZW	MW	3	1	FQ		10	1455	1254	+4	−3	91	143
2007	11	18	SZ	MW	0	3	F		-19	1167	1273	−6	+3	166	137
2008	03	26	NA	MW	1	3	F		-20	1264	1293	−6	+5	139	133
2008	05	25	TZ	MW	1	1	F		-4	1319	1297	−4	+1	124	132
2008	05	31	MW	DJ	8	1	WQA		3	1300	805	0	0	132	208
2008	06	08	CD	MW	1	0	WQA		8	1453	1292	+2	−3	95	132
2008	06	14	MW	EG	1	0	WQA		37	1329	1785	+11	−7	121	23
2008	06	22	EG	MW	2	0	WQA		2	1787	1327	0	+1	23	122
2008	07	06	MW	KE	0	0	IND		-2	1325	1394	−1	0	123	111
2008	07	20	MW	LS	1	0	CSF	ZA	10	1335	1128	+1	−1	122	172
2008	07	22	MW	KM	1	0	CSF	ZA	2	1337	839	0	0	122	204
2008	07	24	NA	MW	1	0	CSF	ZA	25	1278	1312	+8	−4	132	126
2008	09	05	DJ	MW	0	3	WQA		-6	795	1318	−1	+1	209	125
2008	09	30	ZA	MW	3	0	F		6	1487	1312	0	0	90	124
2008	10	11	MW	CD	2	1	WQA		23	1335	1433	+4	−2	122	96
2009	02	11	MZ	MW	2	0	F		9	1401	1326	+2	0	110	123
2009	03	21	UG	MW	2	1	F		4	1482	1322	0	0	89	123
2009	03	29	CI	MW	5	0	WQA		4	1720	1318	+1	−1	37	125
2009	05	23	MW	LS	1	0	F		3	1321	1127	+1	0	125	171
2009	05	30	MW	RW	2	0	F		13	1334	1369	+1	−3	124	119
2009	06	06	MW	BF	0	1	WQA		-19	1315	1474	−5	+4	129	90
2009	06	21	GN	MW	2	1	WQA		6	1524	1309	0	−1	85	130
2009	07	06	MW	SZ	3	1	IND		9	1318	1152	+3	−1	127	165
2009	09	05	MW	GN	2	1	WQA		26	1344	1505	+5	−3	122	83
2009	10	10	MW	CI	1	1	WQA		14	1358	1745	+2	−2	120	31
2009	10	25	MZ	MW	1	0	CSF	ZW	17	1422	1341	+2	−1	107	122
2009	11	14	BF	MW	1	0	WQA		9	1475	1332	0	0	90	122
2009	12	19	MZ	MW	0	1	F		-16	1432	1348	−6	+4	104	119
2009	12	29	EG	MW	1	1	F		-9	1696	1357	−1	0	41	119
2010	01	05	GH	MW	0	0	F	SZ	-7	1679	1364	−2	+2	44	117
2010	01	11	MW	DZ	3	0	AR	AO	68	1432	1512	+13	−23	104	87
2010	01	14	AO	MW	2	0	AR		26	1471	1406	+8	−7	92	111
2010	01	18	ML	MW	3	1	AR	AO	24	1557	1382	+10	−4	71	114
2010	03	03	ZW	MW	2	1	F		9	1341	1373	+2	−2	121	115
2010	05	12	YE	MW	1	0	F		10	1287	1363	+2	−3	134	117
2010	07	09	TG	MW	1	1	FQ		-9	1429	1372	−2	+3	104	115
2010	08	11	MW	BW	1	1	FQ		-6	1366	1374	−4	+4	119	115
2010	09	04	TN	MW	2	2	FQ		-15	1583	1381	−7	+6	64	113
2010	10	09	MW	TD	6	2	FQ		15	1396	1224	+4	−2	111	148
2010	11	17	MW	RW	2	1	F		6	1402	1344	+2	0	110	121
2010	11	29	MW	KE	3	2	CEC	TZ	15	1417	1305	+1	−3	109	130
2010	12	02	MW	UG	1	1	CEC	TZ	8	1425	1559	0	−1	109	73
2010	12	04	ET	MW	1	1	CEC	TZ	7	1301	1418	0	0	133	109
2010	12	07	CI	MW	1	0	CEC	TZ	5	1743	1413	+4	+1	27	108
2011	02	09	NA	MW	1	2	F		-9	1280	1422	−3	+1	138	108
2011	03	26	MW	TG	1	0	FQ		12	1434	1365	+1	−3	107	119
2011	05	29	SZ	MW	1	1	F		5	1138	1429	0	−2	171	107
2011	06	05	BW	MW	0	0	FQ		-6	1427	1435	−3	+3	105	102
2011	07	06	MW	NA	0	1	F		-17	1418	1269	−3	+4	105	136
2011	09	03	MW	TN	0	0	FQ		4	1422	1579	0	−1	104	64
2011	10	04	ET	MW	0	0	F		1	1300	1421	0	0	131	104
2011	10	08	TD	MW	2	2	FQ		7	1209	1414	+2	0	153	103
2011	11	28	MW	KE	2	0	CEC	TZ	23	1437	1303	+1	−4	101	132
2011	11	30	MW	SD	0	0	CEC	TZ	-3	1434	1394	0	0	101	109
2011	12	02	ET	MW	1	1	CEC	TZ	8	1286	1426	+1	0	136	101
2011	12	06	TZ	MW	1	0	CEC		23	1296	1403	+6	−5	133	108
2012	02	29	TD	MW	3	2	FQ		25	1248	1378	+3	−4	146	112
2012	05	26	TZ	MW	0	0	F		1	1261	1377	0	−1	145	114
2012	05	28	ZN	MW	1	1	F		-1	1322	1378	0	+1	127	113
2012	06	02	KE	MW	0	0	WQ		-3	1331	1381	−1	0	125	112
2012	06	09	MW	NG	1	1	WQ		9	1390	1635	+1	−4	110	53
2012	06	16	MW	TD	2	0	FQ		12	1402	1235	+3	−2	107	148
2012	07	06	MW	ZM	1	0	F		13	1415	1606	+2	−4	105	60
2012	09	04	LR	MW	1	0	F		11	1278	1404	+1	−3	142	108
2012	09	08	GH	MW	2	0	FQ		6	1686	1398	+2	−4	41	111
2012	10	13	MW	GH	0	1	FQ		-11	1387	1672	0	+2	111	42
2012	11	26	RW	MW	2	0	CEC	UG	29	1425	1358	+8	−9	102	120
2012	11	29	MW	ER	3	2	CEC	UG	10	1368	1156	+3	−1	116	166
2012	12	01	MW	ZN	2	0	CEC	UG	26	1394	1295	+5	−10	111	139
2012	12	04	KE	MW	1	0	CEC	UG	23	1367	1371	+8	−6	117	116
2012	12	22	ZA	MW	3	1	F		5	1565	1366	+3	0	68	118
2013	03	19	BW	MW	1	0	F		9	1297	1357	+1	−1	138	121
2013	03	23	NA	MW	0	1	WQ		-23	1286	1380	−7	+7	139	114
2013	05	25	MW	ZW	1	1	F		-3	1377	1363	−1	+2	116	117
2013	06	05	MW	NA	0	0	WQ		-10	1367	1300	−1	+2	117	137
2013	06	12	MW	KE	2	2	WQ		-4	1363	1396	−1	+2	116	109
2013	07	06	MW	MZ	0	1	F		-14	1349	1322	−8	+4	125	129
2013	07	13	MW	ZW	1	1	CSF	ZM	-1	1348	1339	0	0	125	127
2013	07	16	AO	MW	3	2	CSF	ZM	15	1451	1333	+2	−2	99	127
2013	08	14	RW	MW	0	1	F		-13	1339	1346	−4	+2	128	126
2013	09	03	BW	MW	1	0	F		9	1294	1337	0	−2	137	128
2013	09	07	NG	MW	2	0	WQ		4	1713	1333	+1	0	35	128
2014	03	05	MW	ZW	1	4	F		-21	1312	1377	−2	+5	129	118
2014	05	04	TZ	MW	0	0	F		-4	1351	1316	−2	+1	125	129
2014	05	17	MW	TD	2	0	FQ		16	1332	1217	+3	−4	126	152
2014	05	27	TZ	MW	1	0	F		6	1373	1326	+2	−2	115	127
2014	05	31	TD	MW	3	1	FQ		31	1248	1295	+11	−6	143	133
2014	07	06	MW	MZ	1	1	F		-1	1294	1348	0	0	133	126
2014	07	15	UG	MW	0	0	F		-7	1468	1301	−2	+1	93	132
2014	07	20	BJ	MW	1	0	FQ		9	1415	1292	+2	−1	109	133
2014	08	02	MW	BJ	1	0	FQ		21	1313	1394	+4	−1	129	110
2014	09	07	ML	MW	2	0	FQ		7	1569	1306	+2	−1	66	130
2014	09	10	MW	ET	3	2	FQ		18	1324	1348	+2	−3	128	122
2014	10	11	MW	DZ	0	2	FQ		-11	1313	1703	−2	+3	129	36
2014	10	15	DZ	MW	3	0	FQ		4	1707	1309	+1	0	35	129
2014	11	15	MW	ML	2	0	FQ		41	1350	1505	+8	−12	122	84
2014	11	19	ET	MW	0	0	FQ		-6	1344	1356	0	+4	122	118
2015	03	29	TZ	MW	1	1	F		-2	1342	1358	−1	0	124	120
2015	05	10	ZM	MW	2	0	F		6	1502	1352	+1	−2	83	122
2015	05	22	ZA	MW	2	1	F		3	1589	1349	+1	0	63	121
2015	05	25	MW	MZ	2	2	CSF	ZA	2	1351	1384	0	0	121	113
2015	05	27	ZA	MW	0	0	CSF		-15	1558	1366	−2	+3	66	118
2015	05	29	MW	ZM	1	0	CSF	ZA	30	1396	1516	+5	−9	113	78
2015	06	08	EG	MW	2	1	F		3	1606	1393	+1	0	59	112
2015	06	13	MW	ZW	1	2	FQ		-29	1364	1353	−9	+5	119	124
2015	07	06	MW	UG	1	0	F		11	1375	1485	+2	−3	116	89
2015	09	06	SZ	MW	2	2	FQ		2	1239	1373	−1	0	149	116
2015	10	07	TZ	MW	2	0	WQ		32	1278	1341	+10	−11	134	126
2015	10	11	MW	TZ	1	0	WQ		11	1352	1267	+1	−2	122	140
2015	11	23	MW	SD	2	1	CEC	ET	18	1370	1293	+5	−1	118	133
2015	11	25	MW	DJ	3	0	CEC	ET	2	1372	760	0	−1	117	213
2015	11	27	SS	MW	2	0	CEC	ET	50	1147	1322	+5	−14	172	131
2015	11	30	UG	MW	2	0	CEC	ET	15	1528	1307	+4	−1	76	132
2016	03	22	SL	MW	1	1	F		-4	1331	1311	−2	0	125	132
2016	03	25	GN	MW	0	0	FQ		-15	1536	1326	−5	+2	74	128
2016	03	29	MW	GN	1	2	FQ		-14	1312	1550	−2	+3	128	71
2016	06	05	ZW	MW	3	0	FQ		18	1408	1294	+4	−3	107	130
2016	06	08	NA	MW	0	0	F		-4	1337	1298	−2	0	122	131
2016	06	12	MW	AO	3	0	CSF	NA	40	1338	1308	+11	−9	120	128
2016	06	14	MW	MU	1	0	CSF	NA	7	1345	1058	+1	0	119	186
2016	06	16	LS	MW	1	0	CSF	NA	29	1212	1316	+8	−7	160	126
2016	09	04	MW	SZ	1	0	FQ		16	1332	1331	+5	−3	121	122
2017	06	10	MW	KM	1	0	FQ		3	1335	1017	−1	−1	123	188
2017	06	25	TZ	MW	2	0	CSF	ZA	31	1351	1304	+6	−8	121	131
2017	06	27	MW	MU	0	0	CSF	ZA	-13	1291	1062	−5	0	136	185
2017	06	29	AO	MW	0	0	CSF	ZA	3	1239	1288	0	−1	153	137
2017	09	04	MW	TG	1	0	F	MA	13	1301	1377	+8	−3	129	114
2017	10	07	TZ	MW	1	1	F		-4	1340	1305	0	+1	120	127
2017	11	11	MW	LS	1	1	F		-4	1301	1266	−1	+3	130	142
2018	03	27	UG	MW	0	0	F		-6	1453	1307	−3	−1	94	130
2018	05	28	MU	MW	1	0	CSF	ZA	32	1107	1275	+5	−10	174	140
2018	05	30	BW	MW	1	1	CSF	ZA	-1	1297	1276	0	+1	132	139
2018	06	01	AO	MW	0	0	CSF	ZA	1	1253	1275	+1	−1	147	140
2018	09	08	MA	MW	3	0	FQ		3	1721	1272	0	−2	35	142
2018	09	11	KE	MW	1	0	F		5	1365	1267	0	−2	117	145
2018	10	12	CM	MW	1	0	FQ		3	1627	1264	0	+1	53	143
2018	10	16	MW	CM	0	0	FQ		13	1277	1614	+5	0	139	53
2018	11	17	KM	MW	2	1	FQ		26	1089	1251	+8	−10	178	149
2019	03	22	MW	MA	0	0	FQ		16	1267	1712	+6	−3	144	40
2019	05	26	MW	SC	3	0	CSF	ZA	11	1278	957	0	−1	143	196
2019	05	28	MW	NA	2	1	CSF	ZA	25	1303	1346	+7	−9	136	120
2019	05	30	MW	MZ	1	1	CSF	ZA	-2	1301	1269	−1	0	137	143
2019	06	02	MW	ZM	2	2	CSF	ZA	7	1308	1428	+2	−2	135	97
2019	06	04	MW	KM	2	1	CSF	ZA	10	1318	1098	+4	0	131	178
2019	06	07	ZA	MW	0	0	CSF		-15	1522	1333	−7	+10	77	123
2019	09	07	BW	MW	0	0	WQ		-5	1310	1338	0	+1	132	122
2019	09	10	MW	BW	1	0	WQ		13	1351	1297	+4	−5	119	138
2019	10	13	LS	MW	1	1	F		-1	1298	1352	+1	0	133	119
2019	11	13	MW	SS	1	0	FQ		4	1356	1058	+1	0	118	183
2019	11	17	UG	MW	2	0	FQ		13	1496	1343	+1	−2	83	120
2020	10	07	ZM	MW	1	0	F		5	1437	1338	0	−2	96	122
2020	10	11	MW	ZW	0	0	F		-1	1337	1410	0	+1	122	102
2020	11	12	BF	MW	3	1	FQ		8	1558	1329	+4	0	67	122
2020	11	16	MW	BF	0	0	FQ		7	1336	1551	+1	−2	124	71
2021	03	17	ET	MW	4	0	F		17	1291	1319	+3	−6	135	128
2021	03	24	MW	SS	1	0	FQ	SD	8	1327	1080	+1	0	127	182
2021	03	29	MW	UG	1	0	FQ		23	1350	1457	+7	−8	121	91
2021	06	13	TZ	MW	2	0	F		13	1308	1337	0	−2	133	124
2021	07	09	MW	ZW	2	2	CSF	ZA	3	1340	1391	0	0	125	105
2021	07	11	MZ	MW	2	0	CSF	ZA	35	1311	1305	+7	−9	132	134
2021	07	13	MW	NA	1	1	CSF	ZA	5	1310	1392	+2	−1	132	105
2021	07	14	SN	MW	2	1	CSF	ZA	4	1706	1306	+1	−1	39	133
2021	09	03	CM	MW	2	0	WQ		7	1572	1299	+1	−1	66	133
2021	09	07	MW	MZ	1	0	WQ	ZA	22	1321	1307	+4	−5	129	132
2021	10	08	CI	MW	3	0	WQ	ZA	9	1652	1312	+1	−2	50	129
2021	10	11	CI	MW	2	1	WQ	BJ	5	1657	1307	−1	0	50	130
2021	11	13	CM	MW	4	0	WQ	ZA	13	1588	1294	+4	−4	63	135
2021	11	16	MZ	MW	1	0	WQ	BJ	21	1306	1273	+6	−5	132	139
2021	12	31	MW	KM	2	1	F	SA	9	1282	1245	+2	−2	137	147
2022	01	10	GN	MW	1	0	AR	CM	17	1415	1265	+3	−6	99	143
2022	01	14	MW	ZW	2	1	AR	CM	28	1293	1279	+9	−6	134	138
2022	01	18	MW	SN	0	0	AR	CM	20	1313	1670	+4	−3	130	46
2022	01	25	MA	MW	2	1	AR	CM	4	1766	1309	0	0	30	130
2022	06	05	MW	ET	2	1	FQ		15	1324	1302	+7	−8	124	132
2022	06	09	GN	MW	1	0	FQ		12	1389	1312	+3	−8	106	129
2022	07	06	LS	MW	2	1	CSF	ZA	25	1241	1287	+3	−8	152	138
2022	07	08	SW	MW	1	1	CSF	ZA	0	1279	1287	0	0	139	138
2022	07	10	MW	MU	2	0	CSF	ZA	7	1294	941	−1	0	139	193
2023	02	25	MW	LS	1	1	F		-5	1289	1225	0	+2	140	155
2023	02	26	MW	LS	0	1	F		-14	1275	1239	−2	+1	142	154
2023	03	15	BD	MW	1	1	F	SA	8	857	1267	0	0	205	142
2023	03	24	EG	MW	2	0	FQ		3	1663	1264	+1	−2	49	143
2023	03	28	MW	EG	0	4	FQ		-11	1253	1674	−2	+2	145	48
2023	06	14	MZ	MW	1	1	F		-4	1308	1257	−2	+1	134	145
2023	06	20	ET	MW	0	0	FQ	MZ	-3	1307	1260	+1	−2	132	148
2023	07	06	MW	ZM	1	0	CSF	ZA	32	1292	1475	+12	−9	136	88
2023	07	09	MW	SC	2	0	CSF	ZA	5	1297	875	0	−1	136	203
2023	07	11	MW	KM	2	0	CSF	ZA	26	1323	1228	+10	−6	126	156
2023	07	14	LS	MW	1	1	CSF	ZA	6	1225	1317	+2	−2	156	129
2023	07	16	ZA	MW	0	0	CSF		-15	1523	1332	−3	+8	74	121
2023	09	09	MW	GN	2	2	FQ		-1	1331	1417	−1	+1	123	99
2023	11	17	LR	MW	0	1	WQ		-24	1270	1355	−5	+6	146	117
2023	11	21	MW	TN	0	1	WQ		-7	1348	1738	−2	+2	118	36
2024	03	23	MW	KE	0	4	FT		-36	1312	1382	−16	+11	134	108
2024	03	26	MW	ZM	1	2	FT		-13	1299	1483	−4	+4	139	87
2024	06	06	MW	ST	3	1	WQ		8	1307	1056	+2	−1	137	180
2024	06	10	GQ	MW	1	0	WQ		5	1551	1302	+2	0	72	137
2024	09	05	MW	BI	2	3	FQ		-26	1276	1315	−5	+7	146	137
2024	09	10	BF	MW	3	1	FQ	ML	13	1512	1263	+6	−2	79	147
2024	10	11	SN	MW	4	0	FQ		2	1756	1261	0	+1	32	146
2024	10	15	MW	SN	0	1	FQ		-4	1257	1760	−2	+1	148	31
2024	11	14	BI	MW	0	0	FQ	CI	-1	1282	1258	−1	−2	144	151
2024	11	18	MW	BF	3	0	FQ		51	1309	1481	+15	−8	135	84
2025	03	20	MW	NA	0	1	WQ		-25	1284	1344	−4	+8	140	126
2025	03	24	TN	MW	2	0	WQ		5	1611	1279	+1	−1	58	143
2025	06	05	LS	MW	1	0	CSF	ZA	22	1259	1257	+4	−6	150	151
2025	06	08	MW	NA	0	0	CSF	ZA	6	1263	1356	+2	−3	148	122
2025	06	10	AO	MW	1	0	CSF	ZA	7	1546	1256	0	−3	74	151
2025	07	06	MW	BW	1	1	IPC		0	1256	1353	0	0	151	121
2025	09	05	MW	NA	2	1	WQ	BW	27	1283	1353	+7	−6	144	119
2025	09	08	MW	LR	2	2	WQ		-7	1276	1265	−2	+1	146	149
2025	10	13	ST	MW	1	0	WQ	TN	32	1056	1244	+4	−5	179	150
2025	11	15	LS	MW	0	0	F	ZA	1	1225	1243	−1	−1	154	150
2025	11	18	MW	LS	1	0	F	ZA	9	1252	1216	+1	−3	149	157
2026	03	31	BW	MW	1	0	MKR		11	1267	1241	+1	−1	147	150
2026	06	06	ET	MW	1	0	F		6	1291	1235	+6	−2	139	153
2026	06	09	ET	MW	1	1	F		-4	1287	1239	−2	+2	141	151