1932	01	17	MU	RE	5	0	F		2	1502	1098	−	−	43	72
1933	08	06	RE	MU	1	4	F		-5	1093	1507	0	+2	76	44
1933	08	08	RE	MU	0	4	F		-5	1088	1512	0	+1	76	43
1933	08	10	RE	MU	0	2	F		-4	1084	1516	0	0	76	43
1947	07	00	MU	RE	2	1	TRE	MG	2	1518	1082	+1	0	51	97
1947	07	03	MG	MU	1	2	TRE		-14	1390	1532	−2	+2	70	49
1948	07	13	MU	RE	5	1	TRE		2	1534	1076	0	0	51	102
1948	07	17	MU	MG	4	1	TRE		11	1545	1383	+2	−3	49	75
1949	07	10	MU	MG	3	1	TRE	RE	13	1558	1370	+1	−1	48	74
1949	07	14	RE	MU	0	6	TRE		-6	1055	1564	0	+1	104	47
1950	07	01	MU	RE	15	2	TRE	MG	5	1569	1050	+1	0	44	108
1950	07	03	MG	MU	1	5	TRE		-21	1360	1590	−6	+3	79	40
1951	07	12	MU	RE	10	2	TRE		2	1592	1067	0	0	41	111
1951	07	15	MU	MG	7	1	TRE		7	1599	1334	+2	0	39	84
1952	07	20	MU	MG	7	0	TRE	RE	12	1611	1322	+3	−2	35	86
1952	07	27	RE	MU	1	4	TRE		-4	1054	1615	0	0	114	35
1953	07	13	MU	RE	9	4	TRE	MG	2	1617	1052	0	0	37	117
1953	07	20	MG	MU	2	3	TRE		-8	1328	1625	−2	+2	86	35
1954	07	15	MU	MG	4	1	TRE		4	1629	1277	0	0	37	108
1954	07	18	MU	RE	11	0	TRE		2	1631	1092	0	−1	37	127
1955	07	07	RE	MU	1	3	TRE		-3	1089	1634	0	0	127	38
1955	07	14	MG	MU	2	1	TRE	RE	26	1320	1608	+8	−2	95	40
1956	06	30	MU	RE	8	3	TRE	MG	3	1611	1069	0	0	43	130
1956	07	08	MG	MU	3	3	TRE		7	1332	1604	0	−2	97	44
1957	04	17	MU	RE	4	4	F		-10	1594	1074	0	0	47	133
1957	10	24	MU	MG	4	0	TRE		6	1600	1302	0	−1	49	104
1957	10	27	MU	RE	1	0	TRE		1	1601	1097	0	0	49	131
1958	10	16	RE	MU	0	2	TRE		-4	1093	1605	0	+1	132	46
1958	10	23	MG	MU	3	2	TRE	RE	25	1343	1580	+1	−3	100	49
1963	09	08	RE	MU	2	0	TRE	MG	42	1145	1538	+3	−7	138	61
1963	09	18	MG	MU	1	1	TRE		1	1426	1537	+1	0	87	61
1963	10	06	MU	ZD	1	0	F		6	1543	1476	+1	−1	60	74
1963	10	10	MU	ZD	2	0	F		8	1551	1468	+1	−1	59	75
1963	10	13	MU	ZD	3	1	F		8	1559	1460	+3	−4	55	79
1967	08	02	TZ	MU	1	0	FQ		31	1272	1528	+2	−9	125	62
1967	08	16	MU	TZ	1	1	FQ		-15	1513	1287	−2	+8	64	118
1967	11	25	RH	MU	1	2	F		-11	1443	1524	−2	+1	80	64
1967	11	26	RH	MU	2	3	F		-11	1432	1535	−6	+1	86	63
1967	12	06	MU	ET	0	2	F		-19	1516	1560	−2	+5	65	57
1968	11	17	ZM	MU	2	2	FQ		-8	1553	1524	0	+1	59	67
1968	12	08	MU	ZM	2	3	FQ		-24	1500	1577	−3	+5	69	55
1970	07	06	MW	MU	1	0	IND		24	1165	1476	+2	−3	142	72
1970	07	09	MW	MU	0	0	IND		8	1173	1468	+1	0	141	73
1970	11	15	MG	MU	2	1	FQ		19	1404	1449	0	−6	94	79
1970	11	29	MU	MG	4	1	FQ		21	1470	1383	+5	0	73	94
1971	03	28	MG	MU	3	0	F		16	1414	1454	+3	−5	91	77
1971	06	27	MG	MU	1	1	F		-2	1431	1456	−1	+1	85	76
1971	07	04	KE	MU	2	1	FQ		22	1341	1434	+5	−7	106	83
1971	07	18	MU	KE	0	0	FQ		-10	1424	1351	−3	+4	85	102
1972	05	22	MU	UG	1	2	F		-14	1410	1388	−5	+6	88	93
1972	05	28	MU	UG	1	3	F		-20	1390	1408	−5	+5	93	88
1972	10	06	TZ	MU	4	1	AGQ		29	1381	1361	+9	−8	97	103
1972	10	08	MU	LS	4	3	AGQ	TZ	10	1371	1166	+2	−1	101	141
1972	12	10	MU	KE	1	3	WQ		-36	1335	1439	−7	+12	107	79
1972	12	17	KE	MU	2	2	WQ		-11	1428	1346	−4	+1	83	106
1973	04	08	LS	MU	0	0	FQ		5	1161	1341	+1	−1	141	106
1973	04	22	MU	LS	1	1	FQ		-13	1328	1174	−4	0	110	141
1973	05	27	TZ	MU	1	1	FQ		-8	1365	1336	−2	+2	101	107
1973	06	14	MU	TZ	0	0	FQ		-4	1332	1369	−1	+1	108	100
1973	07	06	MW	MU	4	1	IND		25	1276	1307	+3	−8	124	116
1973	07	08	MW	MU	1	0	IND		12	1288	1295	+3	−3	121	119
1973	07	15	MU	RE	1	1	F		-6	1289	1145	−1	+1	120	144
1974	01	13	MU	MW	4	1	F		13	1302	1288	+4	−3	114	118
1974	01	17	MU	MW	2	1	F		7	1309	1281	+1	−3	113	121
1974	01	20	MU	MW	2	2	F		-4	1305	1285	0	+3	113	119
1974	03	03	CG	MU	2	0	AR	EG	15	1559	1290	+5	−3	55	117
1974	03	05	GN	MU	2	1	AR	EG	7	1612	1283	+1	−4	45	121
1974	03	07	ZR	MU	4	1	AR	EG	6	1742	1277	0	−1	27	122
1975	01	29	MW	MU	1	0	F		6	1340	1271	+2	0	107	122
1975	01	31	MW	MU	1	1	F		-5	1335	1276	0	0	108	122
1975	02	02	MW	MU	3	0	F		10	1345	1266	0	−2	107	124
1975	03	23	UG	MU	4	0	FQ		9	1527	1257	+3	−1	62	125
1975	04	06	MU	UG	1	1	FQ		9	1266	1518	+3	−5	123	65
1975	05	04	ZM	MU	5	0	OQ		7	1584	1259	+1	−1	48	124
1975	05	18	MU	ZM	0	4	OQ		-16	1243	1600	−2	+3	126	45
1976	06	28	SC	MU	3	1	IOT		30	1052	1213	+4	−4	157	131
1976	07	02	KE	MU	4	3	IOT	SC	6	1453	1207	+2	−2	75	133
1976	07	03	MU	RE	2	0	IOT	SC	20	1227	1151	+6	−3	127	141
1976	10	10	ET	MU	3	0	F		5	1451	1222	+2	−1	81	130
1976	10	24	MW	MU	1	1	FQ		-14	1406	1236	−4	+2	94	128
1977	01	28	MU	MW	3	2	FQ		23	1259	1369	+4	−7	124	100
1977	03	20	MU	ET	2	3	FQ		-16	1243	1439	−2	+5	126	85
1977	04	03	ET	MU	1	0	FQ		6	1445	1237	+2	−2	83	128
1977	09	18	RE	MU	0	2	TRE		-23	1128	1260	−4	+5	145	123
1977	09	21	MU	SC	2	1	TRE	RE	6	1266	1012	+3	0	120	162
1978	01	24	MU	MW	1	2	AGQ		-16	1250	1456	−5	+6	126	77
1978	05	18	RE	MU	5	3	F		15	1157	1235	+1	−2	139	126
1978	09	20	MU	SC	2	0	TRE	RE	10	1245	1006	+2	0	125	162
1978	09	24	RE	MU	0	2	TRE		-22	1117	1267	−5	+6	146	119
1978	12	03	MU	LS	0	1	FQ		-32	1235	1150	−7	+6	126	139
1978	12	17	LS	MU	1	2	FQ		-21	1129	1256	−5	+5	144	121
1979	04	15	MU	TZ	3	2	FQ		25	1281	1418	+5	−8	119	89
1979	04	29	TZ	MU	4	0	FQ		15	1433	1266	+7	−2	82	121
1979	05	06	LS	MU	4	1	OQ		39	1168	1227	+9	−6	137	126
1979	05	13	MU	LS	2	3	OQ		-29	1198	1197	−7	+2	133	135
1979	08	26	MU	KM	3	0	IOG	RE	8	1206	892	+2	−	132	173
1979	08	28	MU	KM	3	1	IOG	RE	6	1212	886	+2	−1	130	174
1979	08	31	MU	SC	1	1	IOG	RE	-8	1204	1020	−2	0	132	161
1980	09	14	MG	MU	0	0	FQ		-14	1407	1218	−1	+6	89	130
1980	09	28	MU	MG	1	1	FQ		5	1223	1402	+1	−1	129	91
1981	07	12	KE	MU	2	1	IOC	RE	9	1389	1214	+1	−6	93	134
1981	07	14	MG	MU	0	0	IOC	RE	-9	1454	1223	−1	+6	79	128
1981	07	19	RE	MU	1	2	IOC		-15	1106	1238	−2	+4	150	124
1982	08	29	MU	ZW	2	0	IOT	RE	36	1274	1440	+10	−5	118	84
1982	09	05	RE	MU	1	1	IOT		2	1129	1272	+1	0	148	118
1983	04	10	ET	MU	1	0	FQ		10	1365	1262	+2	−4	94	121
1983	04	24	MU	ET	1	0	FQ		20	1282	1345	+5	−5	117	99
1983	06	00	RE	MU	0	0	F		2	1131	1280	+1	0	147	116
1983	07	03	SC	MU	1	2	F		-6	1009	1286	0	+2	163	115
1983	07	06	MU	RE	0	0	F		-6	1280	1135	−2	+3	117	145
1983	07	10	MG	MU	1	1	IOT	RE	-8	1493	1288	−2	+2	72	115
1983	07	16	RE	MU	1	1	IOT		3	1128	1285	0	0	148	115
1984	07	15	MU	MW	0	1	WQ		-15	1270	1492	0	+6	121	71
1984	07	28	MW	MU	4	0	WQ		10	1502	1260	+1	−2	70	123
1984	09	16	MU	MZ	0	0	FQ		-2	1258	1323	−1	+1	123	105
1984	09	30	MZ	MU	3	0	FQ		20	1343	1238	+5	−5	99	128
1985	08	27	MU	SC	3	1	IOG		6	1244	1003	0	0	126	165
1985	08	29	MU	MG	3	1	IOG		30	1274	1431	+7	−1	119	82
1985	08	31	MU	RE	4	4	IOG		-9	1265	1146	−2	+1	121	147
1986	06	06	MU	RE	0	1	F		-15	1250	1167	−4	+2	126	144
1986	06	13	RE	MU	0	0	F		0	1167	1250	0	0	144	126
1986	07	13	MU	RE	1	0	F		5	1255	1162	+2	0	124	144
1986	07	20	RE	MU	0	0	F		0	1162	1255	0	0	144	124
1986	08	31	SC	MU	1	2	AGQ		-12	989	1267	−1	+4	166	120
1986	09	14	MU	SC	2	0	AGQ		6	1273	983	+4	−1	116	167
1987	03	28	BW	MU	0	0	F		2	1088	1271	0	−1	153	120
1987	04	05	MG	MU	2	1	AGQ		8	1421	1263	0	−2	86	122
1987	04	19	MU	MG	2	1	AGQ		24	1287	1412	+10	−2	113	85
1988	10	02	MU	SC	3	0	FQ		6	1293	983	+3	−1	110	169
1988	10	16	SC	MU	1	0	FQ		31	1014	1262	+2	−10	167	120
1989	04	09	MU	ZW	1	4	FQ		-25	1237	1492	−4	+10	123	68
1989	04	23	ZW	MU	1	0	FQ		5	1497	1232	+1	−1	67	125
1989	06	06	SC	MU	1	2	F		-7	1007	1239	−2	+3	168	124
1990	02	10	UG	MU	4	1	F		3	1530	1236	0	−1	64	130
1990	06	07	NA	MU	1	2	F		-11	1174	1247	−3	+3	144	126
1990	06	24	BW	MU	0	1	F		-10	1142	1257	0	+2	149	124
1990	08	25	MU	SC	2	0	IOG	MG	9	1266	998	+3	0	121	170
1990	08	27	MU	KM	4	0	IOG	MG	6	1272	895	+2	−2	119	181
1990	08	30	MG	MU	5	1	IOG		9	1472	1263	+1	−3	71	122
1992	08	08	LS	MU	1	0	F		9	1190	1254	+2	0	154	140
1992	08	09	LS	MU	2	2	F		-1	1189	1255	0	0	154	140
1992	08	15	ZM	MU	2	1	FQ		3	1588	1252	+1	0	60	140
1992	08	30	MU	ZW	0	1	FQ		-14	1238	1480	−4	+3	143	80
1993	04	10	ZA	MU	0	0	FQ		-18	1648	1256	−6	+4	41	141
1993	04	25	MU	ZM	0	3	FQ		-13	1243	1623	−2	+6	143	47
1993	07	11	ZW	MU	2	0	FQ		6	1538	1237	+2	0	70	145
1993	07	25	MU	ZA	1	3	FQ		-10	1227	1620	−3	+3	148	50
1993	08	22	MU	KM	3	0	IOG	SC	6	1233	876	+3	0	145	199
1993	08	24	MG	MU	2	1	IOG	SC	5	1500	1228	+2	−2	79	147
1993	08	26	RE	MU	1	0	IOG	SC	14	1259	1214	+4	−4	140	151
1993	08	28	SC	MU	2	6	IOG		-17	952	1231	−2	+5	193	146
1994	10	15	ZA	MU	1	0	FQ		2	1644	1229	+2	−1	39	146
1994	11	13	GA	MU	3	0	FQ		12	1409	1217	+1	−4	100	150
1995	01	09	MU	ZM	0	3	FQ		-9	1208	1656	−2	+3	152	34
1995	06	04	MU	GA	0	3	FQ		-23	1185	1459	−5	+6	156	89
1995	07	15	ZM	MU	2	0	FQ		2	1641	1183	0	−2	40	158
1996	05	25	MU	MG	0	0	F		5	1188	1484	0	−1	157	82
1996	06	02	MU	ZR	1	5	WQ		-17	1171	1521	−5	0	163	75
1996	06	16	ZR	MU	2	0	WQ		4	1525	1167	+1	0	75	163
1996	08	11	MU	SC	1	0	FQ		5	1172	937	0	−1	163	196
1996	08	24	SC	MU	1	1	FQ		7	944	1165	+1	0	195	163
1996	10	06	MU	MW	1	2	FQ		-11	1154	1436	+1	+6	163	95
1997	01	26	MZ	MU	3	0	FQ		11	1365	1143	+1	0	119	165
1997	02	23	MU	ZM	0	0	FQ		16	1159	1622	+1	−2	164	49
1997	06	21	MW	MU	3	2	FQ		4	1425	1155	+1	0	98	164
1997	07	13	MU	MZ	1	3	FQ		-18	1137	1424	−2	+4	166	98
1997	07	27	ZM	MU	1	0	FQ		1	1621	1136	0	0	51	166
1997	11	02	SZ	MU	0	1	F		-14	1161	1150	0	0	163	165
1998	08	02	LS	MU	1	1	FQ		-6	1161	1156	0	+1	163	164
1998	08	07	RE	MU	4	0	IOG		14	1267	1142	+1	−1	136	165
1998	08	11	RE	MU	1	0	IOG		6	1273	1136	+1	0	135	165
1998	08	13	MG	MU	2	0	IOG	RE	5	1487	1131	0	−2	80	167
1998	08	15	SC	MU	4	3	IOG	RE	22	987	1109	+1	−4	192	171
1998	08	23	MU	LS	3	1	FQ		26	1135	1135	+7	−2	165	165
1998	10	04	GA	MU	2	0	FQ		5	1454	1130	+4	−2	89	166
1999	01	23	MU	ZA	1	1	FQ		17	1147	1649	+3	−2	163	49
1999	02	28	AO	MU	0	2	FQ		-56	1436	1203	−15	+10	93	154
1999	04	10	MU	AO	1	1	FQ		7	1210	1429	+3	−7	149	99
1999	05	30	LS	MU	1	2	F		-11	1132	1221	−1	+2	165	148
1999	06	05	ZA	MU	2	0	FQ		3	1629	1218	0	−1	53	149
1999	06	20	GA	MU	2	2	FQ	RE	-12	1452	1230	−9	+1	92	149
1999	10	12	HK	MU	4	3	F		9	1184	1221	+3	0	158	148
2000	04	20	EG	MU	2	0	WQ		3	1653	1218	+1	0	48	149
2000	04	23	EG	MU	4	2	WQ		3	1656	1215	0	0	48	149
2000	04	29	ZA	MU	3	0	CSF		3	1677	1212	+2	−1	42	150
2000	06	20	MG	MU	1	1	F		-8	1450	1220	−4	+1	89	149
2000	06	24	MG	MU	1	0	F		3	1453	1217	+2	0	87	149
2000	07	01	TZ	MU	0	1	FQ		-27	1210	1244	−7	+6	151	143
2000	07	16	MU	TZ	3	2	FQ		13	1257	1197	+4	−3	141	155
2000	09	03	LR	MU	4	0	FQ		14	1427	1243	+7	−2	97	143
2000	10	08	MU	CG	1	2	FQ		-16	1227	1423	−4	+8	147	97
2001	01	13	MU	ZA	1	1	FQ		15	1242	1653	+4	−3	144	51
2001	03	24	ZA	MU	3	0	FQ		3	1667	1239	+1	−2	47	146
2001	04	08	MU	NA	1	0	CSF		20	1259	1327	+3	0	143	123
2001	06	03	CG	MU	0	0	FQ		-11	1367	1270	0	+3	116	138
2001	06	10	AO	MU	1	0	CSF		5	1515	1265	+2	−1	70	140
2001	06	16	MU	LR	0	2	FQ		-20	1245	1511	−6	+5	146	72
2002	03	16	MU	MG	2	3	CSF		-20	1225	1363	−5	+5	152	117
2002	08	01	SZ	MU	0	1	F		-13	1230	1238	−4	+5	151	148
2002	08	03	SZ	MU	0	0	F		-3	1227	1241	−2	+1	153	147
2002	08	21	MU	RE	1	1	F		-2	1239	1284	0	+2	147	134
2002	09	26	MU	SC	1	0	F		3	1242	1008	0	0	148	188
2002	10	12	MU	MG	0	1	FQ		-16	1226	1421	−4	+3	152	104
2003	02	22	MG	MU	2	1	CSF		6	1427	1220	0	−1	103	152
2003	03	29	MU	EG	0	1	FQ		-6	1214	1612	0	+1	152	55
2003	06	08	EG	MU	7	0	FQ		5	1614	1209	+1	−1	55	153
2003	07	05	MG	MU	0	2	FQ		-50	1337	1259	−17	+9	127	143
2003	08	30	MU	MG	3	1	IOG		19	1278	1278	+6	−6	137	137
2003	09	02	MU	SC	0	0	IOG		-11	1267	1045	−4	+2	141	184
2003	09	04	MU	KM	5	0	IOG		3	1270	844	+1	0	140	205
2003	09	06	MU	RE	2	1	IOG		12	1282	1279	+7	−5	133	136
2003	10	11	UG	MU	3	0	WQA		17	1402	1265	+2	−7	111	140
2003	11	16	MU	UG	3	1	WQA		34	1299	1372	+10	−9	130	114
2004	01	10	MU	ZA	2	0	CSF		48	1347	1596	+8	−8	122	58
2004	07	31	ZM	MU	3	1	CSF		14	1469	1333	+7	−1	86	122
2005	02	26	MU	MG	2	0	CSF		15	1348	1226	+4	−3	119	147
2005	02	27	MU	ZA	0	1	CSF		-12	1336	1601	−4	+2	123	62
2005	10	23	MG	MU	2	0	F		15	1241	1321	+4	−4	143	122
2005	12	16	MU	RE	1	1	F		-4	1317	1283	−1	0	122	136
2005	12	18	RE	MU	1	2	F		-12	1271	1329	−1	+3	137	119
2006	04	29	AO	MU	5	1	CSF	LS	16	1568	1313	+5	−7	66	128
2006	04	30	MU	MZ	0	0	CSF	LS	-1	1312	1288	0	0	128	134
2006	06	26	TZ	MU	2	1	IND	SC	20	1202	1292	+3	−4	158	134
2006	06	28	SC	MU	2	1	IND		21	1074	1271	+2	−3	179	137
2006	09	03	MU	TN	0	0	FQ		13	1284	1631	+3	−3	131	53
2006	10	07	SC	MU	2	1	FQ		26	1111	1258	+4	−5	174	138
2007	03	21	MU	CI	0	3	F		-3	1255	1782	−1	+1	143	22
2007	03	25	MU	SD	1	2	FQ		-20	1235	1383	−2	+6	145	108
2007	04	26	MU	RE	1	1	F		-2	1233	1264	0	+1	145	140
2007	05	26	SZ	MU	0	0	CSF		-2	1172	1235	0	0	165	145
2007	05	27	ZA	MU	2	0	CSF	SZ	12	1485	1223	+3	−7	88	152
2007	06	02	SD	MU	3	0	FQ		14	1379	1209	+6	−2	107	154
2007	06	16	TN	MU	2	0	FQ		3	1652	1206	+1	−1	49	155
2007	08	12	YT	MU	1	0	IOG	MG	16	1205	1190	+3	−4	155	158
2007	08	14	MU	SC	3	0	IOG	MG	19	1209	1066	+4	−1	154	177
2007	08	16	RE	MU	1	0	IOG	MG	14	1251	1195	+1	−3	144	157
2007	08	18	MU	YT	1	1	IOG	MG	-1	1194	1184	0	+1	157	159
2007	09	09	MU	SC	1	1	FQ		-12	1182	1078	−5	+1	162	177
2008	03	09	MU	MG	1	2	IND		-17	1165	1241	−2	+5	164	144
2008	05	31	TZ	MU	1	1	WQA		-12	1307	1177	−3	+2	126	161
2008	06	08	MU	CM	0	3	WQA		-4	1173	1771	−2	+2	163	27
2008	06	15	MU	CV	0	1	WQA		-17	1156	1338	−5	+4	167	119
2008	06	22	CV	MU	3	1	WQA		10	1348	1146	−1	−3	120	170
2008	07	19	SC	MU	7	0	CSF	ZA	57	1110	1089	+5	−9	175	179
2008	07	21	MU	SZ	1	1	CSF	ZA	5	1094	1176	0	−2	179	161
2008	07	23	MG	MU	2	1	CSF	ZA	12	1243	1082	+4	0	146	179
2008	09	06	MU	TZ	1	4	WQA		-22	1060	1336	0	+5	179	121
2008	10	11	CM	MU	5	0	WQA		1	1764	1059	+1	0	26	180
2009	05	30	ZA	MU	2	0	F		1	1544	1058	0	0	73	181
2009	10	02	EG	MU	4	0	F		0	1711	1058	0	0	40	181
2009	10	17	ZW	MU	3	0	CSF		6	1387	1052	+1	0	114	181
2009	10	21	LS	MU	1	0	CSF	ZW	15	1159	1037	+4	−3	165	183
2009	12	20	RE	MU	2	0	F		3	1319	1034	+3	0	124	183
2010	09	04	MU	CM	1	3	FQ		-3	1031	1663	0	0	183	47
2010	10	09	SN	MU	7	0	FQ		2	1593	1029	+1	0	63	184
2011	03	27	CD	MU	3	0	FQ		4	1411	1025	0	0	110	184
2011	06	05	MU	CD	1	2	FQ		-6	1019	1417	−1	+2	185	108
2011	07	29	MU	YT	0	2	F		-15	1004	1140	−3	+1	187	170
2011	08	04	MV	MU	1	1	IOG	SC	-6	1154	1010	−1	+1	166	186
2011	08	06	SC	MU	2	1	IOG		11	1025	999	+2	−1	183	187
2011	08	09	MU	KM	2	0	IOG	SC	16	1015	885	+1	−5	186	203
2011	08	11	MU	YT	0	0	IOG	SC	7	1022	1173	+2	−1	184	163
2011	08	13	SC	MU	1	1	IOG		-6	1072	1028	−1	0	178	184
2011	09	03	CM	MU	5	0	FQ		1	1638	1027	0	0	56	184
2011	10	09	MU	SN	0	2	FQ		-4	1023	1606	−1	0	184	58
2012	09	15	MU	RE	1	1	F		5	1028	1327	+1	−1	184	126
2013	07	06	NA	MU	2	1	CSF	ZM	6	1320	1022	0	−1	130	185
2013	07	10	MU	SC	4	0	CSF	ZM	36	1058	968	+2	−3	183	192
2013	09	05	QA	MU	3	0	F		2	1454	1056	+1	0	97	183
2014	04	12	MR	MU	1	0	FQ		9	1190	1047	+1	−3	160	185
2014	04	20	MU	MR	0	2	FQ		-26	1021	1216	−1	+8	186	152
2015	03	25	MU	BI	2	2	F		5	1026	1313	0	0	187	130
2015	03	28	MU	TG	1	1	F		7	1033	1433	0	−2	187	105
2015	05	17	ZW	MU	2	0	CSF	ZA	8	1364	1025	+2	0	118	187
2015	05	19	NA	MU	2	0	CSF	ZA	12	1280	1013	+5	0	135	187
2015	05	21	MU	SC	1	0	CSF	ZA	19	1032	973	0	−2	187	192
2015	06	14	GH	MU	7	1	FQ		1	1643	1031	+1	0	50	187
2015	07	31	RE	MU	1	0	IOG		2	1364	1029	+1	0	119	187
2015	08	06	YT	MU	2	1	IOG	RE	7	1228	1022	+3	0	152	187
2015	08	07	MU	MG	3	1	IOG	RE	37	1059	1248	+5	−8	182	142
2015	09	06	MU	MZ	1	0	FQ		30	1089	1312	+3	−8	180	132
2015	10	07	MU	KE	2	5	WQ		-18	1071	1389	−1	+6	181	110
2015	10	11	KE	MU	0	0	WQ		-17	1372	1088	−6	+3	116	179
2016	03	26	MU	RW	1	0	FQ		28	1116	1311	+2	−5	179	128
2016	03	29	RW	MU	5	0	FQ		12	1323	1104	+2	−1	126	180
2016	06	05	MU	GH	0	2	FQ		-5	1099	1640	−1	+2	180	48
2016	06	12	LS	MU	3	0	CSF	NA	34	1139	1065	+8	−5	171	186
2016	06	14	MW	MU	1	0	CSF	NA	7	1345	1058	+1	0	119	186
2016	06	16	MU	AO	2	0	CSF	NA	46	1104	1218	+6	−16	180	158
2016	09	03	MZ	MU	1	0	FQ		5	1329	1099	+3	−2	122	182
2017	03	24	KM	MU	2	0	FQ		31	1015	1068	+3	−6	187	184
2017	03	28	MU	KM	1	1	FQ		-8	1060	1023	0	+1	184	186
2017	06	25	AO	MU	1	0	CSF	ZA	11	1229	1049	+2	0	154	185
2017	06	27	MW	MU	0	0	CSF	ZA	-13	1291	1062	−5	0	136	185
2017	06	29	MU	TZ	1	1	CSF	ZA	13	1075	1331	+3	−2	182	123
2017	08	19	IN	MU	2	1	FT		8	1166	1067	+3	−2	168	184
2017	08	22	MU	KN	1	1	FT	IN	8	1075	1250	+2	−2	182	145
2017	10	09	GQ	MU	3	1	F		3	1330	1072	+2	−2	122	184
2017	11	12	TG	MU	6	0	F		4	1379	1068	+2	0	112	184
2018	03	22	MO	MU	0	1	F		-3	676	1071	−1	+1	224	181
2018	03	27	MN	MU	0	2	F		-4	661	1075	0	+2	226	179
2018	05	28	MU	MW	1	0	CSF	ZA	32	1107	1275	+5	−10	174	140
2018	05	30	AO	MU	1	0	CSF	ZA	13	1252	1094	+6	−2	148	176
2018	06	01	BW	MU	6	0	CSF	ZA	20	1317	1074	+6	−4	126	180
2018	09	07	SG	MU	1	1	F		-2	1041	1076	0	+1	186	179
2018	09	11	ID	MU	1	0	F		4	1237	1072	+1	−2	152	179
2019	03	21	MU	NC	3	1	FT	FJ	30	1102	1169	+8	−5	176	166
2019	03	24	FJ	MU	1	0	FT		6	1233	1096	+2	−2	149	179
2019	05	25	MU	SW	2	2	CSF	ZA	6	1102	1193	+1	−2	178	163
2019	05	29	KM	MU	2	1	CSF	ZA	21	1114	1081	+4	−4	176	182
2019	07	18	MU	SC	1	1	IOG		-8	1073	973	−1	+1	183	194
2019	07	22	MU	MG	1	1	IOG		8	1081	1383	+1	−1	182	107
2019	07	24	MU	YT	1	0	IOG		17	1098	1216	+2	−8	180	157
2019	07	28	MU	RE	1	1	IOG		7	1105	1369	0	−2	180	112
2019	09	04	MU	MZ	0	1	WQ		-16	1089	1285	−2	+1	182	140
2019	09	10	MZ	MU	2	0	WQ		9	1294	1080	+1	0	139	181
2019	10	09	MU	ST	1	3	FQ		-41	1039	1094	−6	+5	187	180
2019	10	13	ST	MU	2	1	FQ		12	1106	1027	−1	−1	180	187
2020	01	16	BI	MU	4	1	BGC	BD	16	1179	1011	+4	−1	164	188
2020	01	20	MU	SC	2	2	BGC	BD	-4	1007	909	0	0	188	199
2022	01	29	NP	MU	1	0	F		9	949	998	0	−1	194	189
2022	02	01	NP	MU	1	0	F		9	958	989	+1	−1	193	190
2022	03	19	MU	SC	0	0	F		-5	984	902	0	0	190	200
2022	03	24	MU	ST	0	1	FQ		-21	963	1085	−1	+1	191	181
2022	03	27	MU	ST	3	3	FQ		1	964	1084	0	0	191	181
2022	07	06	SW	MU	3	0	CSF	ZA	10	1279	954	0	−1	139	193
2022	07	08	LS	MU	2	1	CSF	ZA	6	1247	948	+2	0	150	193
2022	07	10	MW	MU	2	0	CSF	ZA	7	1294	941	−1	0	139	193
2022	07	18	MU	SC	2	0	F		9	950	883	0	0	193	200
2023	06	11	MU	PK	3	0	FT		14	964	856	+1	−2	191	205
2023	06	14	MU	DJ	1	3	FT		-34	930	894	−4	+4	195	199
2023	06	18	MU	KE	1	0	FT		26	956	1345	+3	−4	192	118
2023	07	07	LS	MU	2	0	CSF	ZA	12	1209	944	+2	−1	158	193
2023	07	10	MU	AO	1	0	CSF	ZA	38	982	1380	+5	−8	188	109
2023	07	12	MZ	MU	1	0	CSF	ZA	5	1325	977	+5	0	124	188
2023	08	26	MG	MU	1	1	IOG		-12	1242	989	−1	0	151	188
2023	08	28	MU	SC	1	0	IOG	MG	10	999	861	+1	−1	187	204
2023	08	31	RE	MU	2	1	IOG	MG	3	1360	996	0	0	116	187
2023	09	02	MU	KM	2	0	IOG	MG	35	1031	1182	+1	−5	186	162
2023	11	17	CM	MU	3	0	WQ		1	1626	1030	0	+1	56	184
2023	11	21	MU	AO	0	0	WQ		13	1043	1385	−1	−2	184	108
2024	03	22	TD	MU	1	0	FQ	CM	14	1170	1029	0	0	164	184
2024	03	26	MU	TD	1	2	FQ		-18	1011	1188	−1	+1	185	163
2024	06	06	LY	MU	2	1	WQ		2	1410	1009	+1	0	102	186
2024	06	11	MU	SW	2	1	WQ		27	1036	1216	+2	−4	183	159
2024	09	03	IN	MU	0	0	INL		-10	1186	1046	0	+2	162	181
2024	09	06	SY	MU	2	0	INL	IN	5	1424	1041	+2	−2	99	183
2024	11	19	HK	MU	1	0	F		5	1122	1036	+2	0	168	183
2025	03	20	CV	MU	1	0	WQ		2	1474	1034	0	0	87	183
2025	03	23	SW	MU	3	3	WQ	ZA	-10	1224	1044	−2	+1	156	182
2025	06	04	MU	ZW	0	0	CSF	ZA	15	1059	1380	+4	−7	178	113
2025	06	07	MU	MZ	0	0	CSF	ZA	17	1076	1478	+4	0	175	85
2025	06	10	ZA	MU	0	0	CSF		-19	1558	1095	−3	0	70	175
2025	09	04	MU	CV	0	2	WQ		-8	1087	1526	0	+4	175	75
2025	09	09	AO	MU	3	1	WQ		2	1574	1085	0	0	69	175
2025	10	08	MU	CM	0	2	WQ		-6	1079	1585	0	+3	175	64
2025	10	13	MU	LY	0	0	WQ		12	1091	1418	+1	−4	175	100
2026	03	27	MU	SO	0	0	FQ	MZ	-7	1084	967	+1	0	176	190
2026	03	31	MU	SO	0	0	FQ		-11	1073	978	0	+1	176	190