1960	10	03	NV	MN	3	1	FT		3	1237	897	0	−	122	147
1960	10	07	CN	MN	6	1	FT	NV	1	1540	896	+1	0	56	147
1960	10	10	KP	MN	10	1	FT	NV	1	1706	895	0	0	28	147
1976	08	21	MN	RU	0	4	F		0	895	1873	0	0	172	13
1976	08	22	MN	RU	1	5	F		0	895	1873	0	0	172	13
1998	12	01	KW	MN	11	0	ASG	TH	1	1707	894	0	0	36	198
1998	12	05	UZ	MN	15	0	ASG	TH	3	1536	891	+2	0	68	198
2000	02	29	UZ	MN	8	1	F		0	1571	891	0	0	62	197
2000	04	05	MM	MN	2	0	SQ	KR	15	1099	876	+2	0	175	198
2000	04	07	KR	MN	6	0	SQ		0	1712	876	0	−1	36	199
2000	04	09	LA	MN	2	1	SQ	KR	16	965	860	0	−2	192	201
2001	02	08	SA	MN	6	0	WQ		0	1686	860	0	0	45	203
2001	02	10	VN	MN	1	0	WQ	SA	4	1245	856	+3	0	142	203
2001	02	12	BD	MN	3	0	WQ	SA	19	1048	837	+2	−2	184	205
2001	02	15	SA	MN	6	0	WQ		0	1690	837	0	0	44	205
2001	02	17	VN	MN	4	0	WQ	SA	6	1266	831	+1	0	139	205
2001	02	19	BD	MN	2	2	WQ	SA	-10	1019	841	0	0	186	205
2001	05	23	MO	MN	4	0	EAG	JP	36	894	805	+7	−1	196	207
2003	02	22	MO	MN	2	0	EAQ	HK	22	916	783	+2	0	196	208
2003	02	24	MN	GU	2	0	EAQ	HK	20	803	638	0	0	208	220
2003	02	26	TW	MN	4	0	EAQ	HK	17	1035	786	0	0	186	208
2003	02	28	HK	MN	10	0	EAQ		5	1199	781	+1	0	154	208
2003	04	25	MN	GU	5	0	SQ	BT	19	800	559	0	0	208	227
2003	04	27	BT	MN	0	0	SQ		7	587	793	0	0	226	208
2003	11	29	MN	MV	0	1	WQ		-19	774	926	0	+1	208	195
2003	12	03	MV	MN	12	0	WQ		22	948	752	+2	−2	193	210
2005	03	05	HK	MN	6	0	EAQ	TW	6	1215	746	+3	0	150	210
2005	03	07	KP	MN	6	0	EAQ	TW	1	1465	745	0	0	91	210
2005	03	09	MN	GU	4	1	EAQ	TW	17	762	535	+1	−2	209	231
2005	03	13	TW	MN	0	0	EAQ		-15	974	777	−2	+1	192	208
2007	06	17	MO	MN	0	0	EAQ		-7	801	784	0	0	207	210
2007	06	19	KP	MN	7	0	EAQ	MO	2	1482	782	+1	0	89	210
2007	06	23	MN	GU	5	2	EAQ	MO	17	799	570	+3	−2	207	227
2007	10	21	MN	KP	1	4	WQ		-2	797	1475	−1	0	208	87
2007	10	28	KP	MN	5	1	WQ		1	1476	796	0	0	87	208
2009	03	11	GU	MN	1	0	EAQ		27	595	769	+3	−2	224	210
2009	03	13	MN	MO	2	1	EAQ	GU	19	788	726	+1	0	209	212
2009	03	15	MN	MP	4	1	EAQ	GU	12	800	499	+1	0	208	232
2009	04	07	MO	MN	2	0	SCQ		28	753	772	0	−2	212	210
2009	04	14	MN	MO	3	1	SCQ		20	792	733	+1	0	209	212
2011	02	09	PH	MN	2	0	SCQ		11	963	781	+1	−1	190	209
2011	03	15	MN	PH	2	1	SCQ		25	806	938	+2	−3	207	193
2011	06	29	MN	MM	1	0	WQ		27	833	1004	+4	−3	204	186
2011	07	03	MM	MN	2	0	WQ		10	1014	823	0	−2	186	206
2013	03	02	LA	MN	1	1	SCQ		-7	850	830	0	0	207	209
2013	03	04	AF	MN	1	0	SCQ	LA	14	952	816	0	0	195	209
2013	03	06	LK	MN	3	0	SCQ	LA	34	860	782	+2	−1	206	210
2014	07	21	MN	MP	4	0	EAQ	GU	10	792	441	+1	0	209	238
2014	07	23	GU	MN	2	0	EAQ		27	755	765	0	−2	213	211
2014	07	25	MO	MN	3	2	EAQ	GU	29	629	736	+2	−2	228	213
2015	03	12	TL	MN	4	1	WQS		34	678	702	+5	−2	222	217
2015	03	17	MN	TL	0	1	WQS		-27	675	705	−8	+5	225	217
2016	06	30	MO	MN	2	2	EAQ	GU	3	626	672	0	0	229	225
2016	07	02	TW	MN	2	0	EAQ	GU	21	795	651	+2	−1	208	226
2016	07	04	MN	MP	8	0	EAQ	GU	21	672	412	+1	−1	225	242
2016	11	03	MO	MN	2	1	ASC	MY	22	652	650	+3	−3	225	227
2016	11	06	MN	LK	2	0	ASC	MY	37	687	693	+5	−5	222	220
2016	11	09	LA	MN	3	0	ASC	MY	28	790	659	0	−4	211	226
2017	10	05	TW	MN	4	2	F		4	893	655	0	0	202	226
2018	03	22	MY	MN	2	2	F		-9	1057	664	0	0	183	226
2018	03	27	MN	MU	0	2	F		-4	660	1074	0	+1	226	180
2018	09	02	MN	MO	4	1	EAQ		26	686	645	+5	−3	222	227
2018	09	04	MN	MP	9	0	EAQ		10	696	396	+2	−1	220	243
2018	09	06	MN	GU	1	1	EAQ		0	696	794	0	0	220	209
2018	10	12	SG	MN	2	0	F		2	1062	694	+1	0	184	220
2018	10	16	LA	MN	1	4	F		-25	732	719	−2	+4	215	216
2018	11	06	PH	MN	3	1	F		1	1190	718	0	0	166	216
2018	11	11	KP	MN	4	1	EAQ	TW	1	1452	717	+1	0	91	216
2018	11	13	TW	MN	2	1	EAQ		4	982	713	+2	−1	192	217
2018	11	16	HK	MN	5	1	EAQ	TW	4	1214	709	0	−2	160	219
2019	06	06	MN	BN	2	0	WQS		15	724	603	+1	0	217	231
2019	06	11	BN	MN	2	1	WQS		21	624	703	0	−1	231	218
2019	09	05	MN	MM	1	0	WQS		32	735	1023	+2	−2	216	188
2019	09	10	MN	TJ	0	1	WQS		-3	732	1274	0	+1	217	143
2019	10	10	JP	MN	6	0	WQS		0	1757	732	−1	0	28	217
2019	10	15	MN	KG	1	2	WQS		-3	729	1290	0	0	217	137
2019	11	14	KH	MN	1	1	F		-6	844	735	0	+1	205	216
2019	11	19	MM	MN	1	0	WQS		3	1051	732	+1	0	185	216
2021	03	25	TJ	MN	3	0	WQS		2	1243	730	+1	0	149	216
2021	03	30	JP	MN	14	0	WQS		0	1758	730	+1	0	32	216
2021	06	07	MN	KG	1	0	WQS	JP	38	768	1235	+4	−11	212	150
2022	03	23	LA	MN	1	0	F		10	673	758	+1	−1	225	213
2022	03	29	BD	MN	0	0	F		-5	844	763	−1	+1	208	212
2022	06	08	MN	PS	0	1	SQ		-2	761	1405	0	0	212	101
2022	06	11	MN	PH	0	1	SQ		-8	753	1106	−1	+2	213	175
2022	06	14	MN	YE	2	0	SQ		51	804	1099	+4	−5	209	175
2023	03	25	GE	MN	6	1	F		0	1651	804	0	−1	52	210
2023	06	09	IN	MN	2	0	INL		2	1242	802	0	0	151	210
2023	06	12	LB	MN	0	0	INL	IN	-14	1311	816	−7	0	133	210
2023	06	15	VU	MN	1	0	INL	IN	5	1115	811	0	0	174	210
2023	10	12	AF	MN	1	0	WQS	TJ	7	1083	804	+2	−1	178	210
2023	10	17	MN	AF	0	1	WQS		-11	793	1094	0	+3	210	175
2024	03	22	AZ	MN	1	0	FFS		0	1497	793	0	0	83	210
2024	03	25	TZ	MN	3	0	FFS	AZ	2	1353	791	−1	0	117	210
2024	06	07	KH	MN	2	0	F		9	852	782	+1	0	204	210
2024	06	11	MN	KH	2	1	F		9	791	843	0	−2	210	205
2024	09	05	TL	MN	4	1	SQ	ID	52	662	739	+6	−3	226	213
2024	09	10	MN	TL	2	0	SQ		16	755	646	0	0	213	225
2024	12	08	HK	MN	3	0	EAQ		4	1126	751	0	0	168	213
2024	12	11	TW	MN	4	0	EAQ	HK	22	930	729	+2	−1	195	214
2026	05	31	SG	MN	4	0	F		2	1139	727	+1	−1	165	216
2026	06	05	HK	MN	2	0	F		2	1122	725	+1	0	168	216