1965	08	14	MZ	AO	1	0	F		13	1313	1487	−	−	116	73
1965	10	24	MZ	AO	1	2	F		-8	1305	1495	0	+1	115	71
1966	00	00	AO	MZ	3	3	F		-7	1488	1312	−5	+1	72	115
1966	07	24	SZ	MZ	1	4	RTR		-25	1175	1337	−	+5	140	109
1966	09	25	MZ	AO	1	2	F		-9	1328	1497	−2	+3	110	68
1967	08	14	AO	MZ	0	1	F		-16	1481	1344	−4	+5	70	105
1967	08	24	MZ	AO	2	1	F		11	1355	1470	0	−2	105	72
1968	08	04	MZ	AO	2	4	F		-14	1341	1484	−2	+2	107	72
1968	08	12	AO	MZ	3	0	F		7	1491	1334	+4	0	68	107
1969	08	03	MZ	AO	1	2	F		-8	1326	1499	0	+2	108	70
1970	08	23	MZ	AO	2	0	F		18	1344	1481	+3	−2	105	71
1970	08	30	AO	MZ	1	1	F		-6	1475	1350	0	0	71	105
1972	00	00	AO	MZ	4	2	F		6	1481	1344	−5	+9	76	96
1972	00	00	AO	MZ	1	2	F		-16	1465	1360	−5	+9	76	96
1972	00	00	MZ	AO	2	0	F		15	1375	1450	+9	−5	96	76
1972	10	29	AO	MZ	3	1	F		8	1458	1367	+5	−5	70	103
1975	06	26	MZ	TZ	3	2	IND		16	1383	1482	+8	−2	96	71
1975	06	29	MZ	ZM	2	1	IND		20	1403	1576	+4	−2	92	49
1975	10	24	ZM	MZ	3	0	IND		10	1566	1393	+3	−1	53	94
1975	12	09	TZ	MZ	3	0	IND		18	1421	1375	+6	−3	88	99
1975	12	12	ZN	MZ	0	4	IND		-10	995	1385	−2	+2	163	97
1976	06	21	MZ	TZ	2	3	IND		-18	1367	1439	−8	+2	104	85
1976	06	27	MZ	TZ	1	0	IND		14	1381	1425	+6	−1	98	86
1976	07	04	ZN	MZ	1	0	F		17	1012	1364	+2	−6	162	104
1976	07	06	TZ	MZ	1	0	F		6	1431	1358	0	−2	86	106
1976	12	23	MZ	CG	1	0	F		13	1371	1553	+2	−1	100	54
1977	02	01	TZ	MZ	2	1	FT		9	1440	1362	+3	−4	84	103
1977	02	04	ZN	MZ	1	1	FT		9	1034	1353	+2	−1	158	104
1977	02	08	TZ	MZ	2	0	FT		11	1451	1342	+3	−1	81	105
1977	06	19	MZ	CU	0	2	F		-11	1331	1559	−5	+4	109	55
1977	12	20	MZ	TZ	1	2	F		-10	1321	1438	0	+1	108	84
1978	09	30	BW	MZ	1	4	IND		-16	1058	1337	−1	+2	154	106
1978	10	01	BW	MZ	0	2	IND		-12	1046	1349	−4	+2	158	104
1980	04	20	ZW	MZ	6	0	IND		17	1444	1332	+5	−4	81	102
1980	04	21	TZ	MZ	2	0	IND	ZW	16	1459	1316	+2	−4	81	106
1980	07	01	MZ	ZW	3	1	F		18	1334	1460	+4	−5	103	81
1980	07	13	ZR	MZ	5	2	WQ		9	1571	1325	+1	−1	55	104
1980	07	27	MZ	ZR	1	2	WQ		-12	1313	1583	−3	+4	107	51
1980	08	10	MZ	LS	6	1	FQ		19	1332	1193	+4	−5	103	137
1980	08	24	LS	MZ	2	1	FQ		22	1215	1310	+6	−7	131	109
1980	11	09	AO	MZ	1	1	IND		-10	1464	1320	−3	+3	80	107
1980	11	12	ET	MZ	3	2	F		6	1386	1314	0	−1	95	108
1981	04	05	ZR	MZ	2	1	FQ		4	1581	1310	−1	−2	53	109
1981	04	18	MZ	LS	2	0	IND	ZW	16	1326	1199	+5	−2	104	138
1981	04	19	MZ	ZR	3	3	FQ		9	1335	1587	0	−1	104	48
1981	04	19	ZW	MZ	6	1	IND		12	1489	1323	+2	0	72	104
1981	06	21	MZ	ZW	0	0	IND		3	1326	1487	0	−1	104	73
1981	06	25	MZ	AO	0	1	IND		-13	1313	1495	−4	+2	108	72
1981	06	28	MZ	MG	1	2	IND		-14	1299	1449	−4	+3	112	79
1981	07	06	MW	MZ	3	1	IND		7	1511	1292	+2	−1	68	113
1981	07	08	ZW	MZ	4	2	IND	MW	12	1473	1280	+2	−2	76	115
1981	08	13	MZ	LS	2	0	F		8	1288	1191	0	0	115	137
1981	11	04	MZ	MW	1	0	F		13	1301	1491	+3	−5	111	75
1982	06	27	MZ	ZW	1	1	IND		5	1306	1505	+3	−1	107	68
1983	03	06	MZ	LS	3	0	OQ		15	1321	1163	+2	−2	106	143
1983	03	20	LS	MZ	0	0	OQ		3	1166	1318	0	0	143	106
1983	04	03	MZ	CM	3	0	FQ		57	1375	1614	+14	−4	92	43
1983	04	24	CM	MZ	4	0	FQ		9	1623	1366	+3	0	39	93
1983	05	29	MZ	ZW	0	1	OQ		-21	1345	1463	−6	+3	99	81
1983	06	12	ZW	MZ	2	0	OQ		13	1476	1332	+4	−2	77	101
1983	06	16	MZ	MW	0	2	IND		-16	1316	1544	−4	+3	105	60
1983	06	18	MZ	MW	2	2	IND		5	1321	1539	0	−2	105	62
1984	09	16	MU	MZ	0	0	FQ		-2	1258	1323	0	+1	122	105
1984	09	30	MZ	MU	3	0	FQ		20	1343	1238	+5	−6	99	128
1985	03	31	MW	MZ	1	1	FQ		-15	1577	1358	−5	+2	54	96
1985	04	16	MZ	MW	1	1	FQ		6	1364	1556	0	0	95	57
1985	06	25	MZ	AO	0	3	F		-17	1347	1490	−5	+5	100	74
1985	07	02	MZ	AO	3	2	IND	CV	21	1368	1471	+8	−5	92	79
1985	07	04	CV	MZ	0	0	IND		0	1257	1368	0	0	124	92
1985	07	07	GW	MZ	3	3	FRC	CV	4	1273	1364	0	−3	120	96
1985	07	09	AO	MZ	1	0	FRC	CV	10	1487	1354	+1	−2	75	98
1985	08	23	LY	MZ	2	1	FQ		5	1607	1349	0	0	47	96
1985	09	15	MZ	LY	2	1	FQ		29	1378	1578	+7	−5	90	53
1985	11	08	AO	MZ	0	0	IND		-8	1479	1386	−3	+2	79	90
1985	11	11	MZ	ZW	2	2	IND	AO	6	1392	1521	+1	−4	89	68
1986	02	25	DZ	MZ	4	1	F		4	1656	1388	0	0	38	90
1986	03	07	CI	MZ	3	0	AR	EG	20	1619	1368	+5	−6	43	96
1986	03	10	SN	MZ	2	0	AR	EG	12	1660	1356	+3	−1	37	97
1986	03	13	EG	MZ	2	0	AR		9	1611	1347	+2	−2	46	99
1987	02	04	TZ	MZ	2	3	FT		-20	1335	1367	−5	+5	101	93
1987	02	08	TZ	MZ	2	1	FT		12	1347	1355	+3	−3	99	96
1987	03	29	MZ	ZW	1	1	FQ		4	1359	1519	−1	0	97	68
1987	04	12	ZW	MZ	3	2	FQ		7	1526	1352	+1	0	66	98
1987	06	27	UG	MZ	4	1	OQ		13	1514	1339	0	−3	70	101
1987	07	12	MZ	UG	1	2	OQ		-16	1323	1530	−1	+2	102	67
1988	06	19	MZ	MW	1	2	IND		-9	1314	1576	−3	+4	105	54
1988	06	22	MZ	MW	0	0	IND		7	1321	1569	+3	−3	102	57
1988	06	26	MZ	AO	0	1	IND		-12	1309	1503	−3	+1	105	70
1988	09	26	MW	MZ	1	1	F		-7	1531	1316	0	0	62	106
1988	09	28	MW	MZ	1	0	F		3	1534	1313	0	0	62	106
1989	04	16	MZ	ZM	0	1	FQ		-9	1304	1646	−1	+2	106	40
1989	04	30	ZM	MZ	3	0	FQ		6	1633	1298	0	−1	45	108
1989	07	07	GA	MZ	1	0	IND	MW	10	1431	1288	+3	−1	83	111
1989	07	09	MW	MZ	0	1	IND		-27	1521	1315	−3	+5	63	106
1989	07	11	MW	MZ	0	2	IND		-38	1483	1353	−7	+4	70	102
1990	03	06	MZ	AO	2	1	SDC		15	1368	1437	+2	−3	100	79
1990	03	10	MZ	ZW	3	1	SDC		24	1392	1461	+6	−6	94	74
1990	03	11	MZ	LS	3	0	SDC		6	1398	1126	+1	−2	93	152
1990	08	05	SZ	MZ	0	0	F		4	1137	1394	+1	0	150	92
1990	08	13	ZW	MZ	3	2	F	SZ	8	1468	1386	+1	0	71	92
1990	08	19	SD	MZ	1	0	FQ		13	1426	1373	+2	−6	82	99
1990	08	30	MZ	AO	0	2	F		-19	1354	1398	−4	+5	103	91
1990	09	02	MZ	KE	2	1	FQ		18	1372	1394	+4	−6	99	92
1990	11	09	AO	MZ	4	2	IND		15	1405	1357	+6	−3	87	101
1990	11	10	CG	MZ	1	0	IND	AO	12	1446	1345	+2	−2	76	103
1991	04	28	MZ	SD	1	0	FQ		21	1366	1437	+6	−1	100	77
1991	06	20	MZ	BW	2	0	IND		6	1372	1119	+2	0	99	155
1991	06	22	MZ	SZ	2	1	IND		5	1377	1181	+1	0	98	141
1991	06	25	MZ	BW	1	1	IND		-12	1365	1131	−4	+2	102	153
1991	07	14	KE	MZ	1	0	FQ		12	1419	1353	+3	−5	83	104
1991	08	19	MW	MZ	1	0	F		8	1335	1345	+3	−2	108	106
1991	08	20	MW	MZ	2	0	F		11	1346	1334	+2	−3	106	109
1992	06	25	MZ	SZ	4	1	IND		10	1344	1173	+1	−4	116	158
1992	08	16	ZR	MZ	2	0	FQ		9	1558	1335	+2	−2	64	118
1992	08	30	MZ	LS	3	0	FQ		14	1349	1183	+3	−1	116	155
1992	10	11	GA	MZ	3	1	WQ		15	1459	1334	+4	−1	87	118
1992	10	25	MZ	SN	0	1	WQ		-14	1320	1557	−4	+2	122	65
1993	01	17	MZ	GA	1	1	WQ		2	1322	1454	0	0	122	90
1993	01	30	SN	MZ	6	1	WQ		15	1498	1307	+4	−6	79	128
1993	04	11	MZ	KE	0	0	FQ		1	1308	1418	0	−1	128	98
1993	04	25	MZ	ZR	0	0	FQ		7	1315	1531	+4	−1	124	70
1993	07	11	LS	MZ	1	1	FQ		2	1189	1313	0	0	158	123
1993	07	25	KE	MZ	4	1	FQ		14	1472	1299	+5	−6	88	129
1994	04	20	SZ	MZ	0	1	F		-11	1226	1310	−4	+4	149	124
1994	09	04	ML	MZ	2	1	FQ		7	1478	1303	+2	−4	86	129
1994	10	16	MZ	BW	3	1	FQ		8	1311	1074	+4	−1	126	180
1994	11	13	MZ	GN	2	1	FQ		19	1330	1376	+3	−8	123	111
1995	01	08	AO	MZ	1	0	FQ		11	1416	1319	+4	−2	99	125
1995	01	22	MZ	NA	4	2	FQ		11	1330	1140	0	0	125	164
1995	04	09	MZ	ML	1	0	FQ		20	1350	1406	+5	−6	119	103
1995	04	23	BW	MZ	0	3	FQ		-17	1039	1367	−2	+4	182	115
1995	06	04	GN	MZ	0	0	FQ		-6	1376	1373	−3	+2	112	115
1995	06	25	MZ	ZW	3	1	F		17	1390	1503	+9	−4	107	78
1995	07	16	MZ	AO	2	1	FQ		18	1408	1434	+5	−2	103	95
1995	07	30	NA	MZ	0	0	FQ		9	1159	1399	+2	−1	162	105
1995	09	30	ZA	MZ	3	2	F		2	1661	1397	0	−2	38	107
1996	01	07	MZ	DZ	1	0	F		12	1409	1563	+3	−1	103	63
1996	01	11	MZ	GA	1	0	F		10	1419	1483	+1	−3	102	84
1996	01	16	MZ	TN	1	1	AR	ZA	9	1428	1541	+3	−2	99	69
1996	01	21	CI	MZ	1	0	AR	ZA	13	1628	1415	+4	−4	45	103
1996	01	25	GH	MZ	2	0	AR	ZA	11	1723	1404	+2	−1	30	104
1996	05	12	SZ	MZ	0	1	F		-8	1218	1412	−2	0	150	105
1996	05	26	MW	MZ	1	0	F		7	1425	1405	+1	−1	102	106
1996	06	01	NA	MZ	2	0	WQ		42	1201	1363	+10	−9	153	115
1996	06	16	MZ	NA	1	1	WQ		-13	1350	1214	−4	+4	118	149
1996	09	25	OM	MZ	0	2	F		-17	1284	1367	−6	+2	135	116
1996	10	06	ZM	MZ	1	0	FQ		4	1643	1363	0	0	44	116
1997	01	19	MZ	ZW	1	2	F		-8	1355	1556	−1	+3	120	65
1997	01	26	MZ	MU	3	0	FQ		11	1366	1143	+1	0	119	165
1997	02	22	MW	MZ	2	0	FQ		18	1433	1348	+9	−1	93	120
1997	03	02	SZ	MZ	0	4	CSF		-33	1175	1381	−10	+5	161	115
1997	03	30	MZ	AO	1	2	F		-10	1371	1497	−2	0	117	79
1997	04	12	MW	MZ	2	2	CSF		-9	1433	1380	−2	+3	94	113
1997	06	15	MZ	TZ	3	0	CSF		20	1400	1305	+6	−6	106	130
1997	06	22	MZ	ZM	2	2	FQ		7	1407	1622	+3	−3	102	51
1997	07	13	MU	MZ	1	3	FQ		-18	1137	1425	−2	+4	166	98
1997	07	20	MZ	NA	1	1	CSF		-9	1416	1360	−1	+3	99	118
1997	07	27	MZ	MW	2	1	FQ		12	1428	1358	+3	−4	98	118
1997	08	02	ZM	MZ	2	1	CSF		6	1627	1422	+3	−2	48	100
1997	12	12	SZ	MZ	1	1	F		4	1165	1418	0	0	163	102
1997	12	21	MZ	LS	1	1	F		-7	1411	1195	0	+2	102	155
1998	01	04	BF	MZ	1	0	F		10	1316	1401	+3	−3	128	105
1998	01	07	BF	MZ	4	2	F		14	1330	1387	+2	−5	126	110
1998	01	11	TG	MZ	1	2	F		-13	1365	1400	−4	+5	116	105
1998	01	14	GH	MZ	0	0	F		-5	1469	1405	−2	+1	84	104
1998	01	19	GH	MZ	3	1	F		8	1477	1397	+2	−3	82	107
1998	01	25	BW	MZ	1	2	CSF		-7	1017	1404	0	+3	187	104
1998	01	29	CI	MZ	4	1	F		8	1537	1396	+2	−4	68	108
1998	02	10	EG	MZ	2	0	AR	BF	19	1603	1377	+2	−4	54	111
1998	02	13	MA	MZ	3	0	AR	BF	10	1746	1367	+1	−5	31	116
1998	02	17	ZM	MZ	3	1	AR	BF	16	1614	1351	+2	−3	53	118
1998	05	16	ZM	MZ	1	0	CSF		4	1617	1347	0	−2	55	119
1998	05	24	MZ	ZW	0	2	CSF		-28	1319	1501	−8	+10	127	73
1998	07	06	MW	MZ	2	1	IND		10	1343	1309	+3	0	119	127
1998	07	08	MW	MZ	2	2	IND		-6	1337	1315	−1	0	120	127
1998	07	11	MW	MZ	0	0	IND		-5	1332	1320	−2	0	122	127
1998	07	19	MZ	AO	1	1	CSF		4	1324	1486	0	−1	127	79
1998	08	02	BW	MZ	0	0	FQ		11	1024	1313	+1	0	185	127
1998	08	15	MZ	BW	2	1	FQ		4	1317	1020	+1	0	126	185
1998	08	19	PT	MZ	2	1	F		0	1876	1317	+1	0	14	126
1998	09	12	NA	MZ	2	1	CSF		11	1398	1306	+6	−3	106	129
1998	10	04	MZ	ER	3	1	FQ		16	1322	1212	+4	−4	126	150
1999	01	24	GH	MZ	1	0	FQ		5	1555	1317	0	−1	64	128
1999	02	28	CM	MZ	1	0	FQ		5	1552	1312	+1	0	64	127
1999	04	11	MZ	CM	1	6	FQ		-25	1287	1577	−6	+7	134	60
1999	05	09	SZ	MZ	3	1	CSF		30	1213	1257	+10	−5	149	139
1999	05	30	BW	MZ	0	2	CSF		-18	997	1275	−2	+3	187	136
1999	06	19	ER	MZ	1	0	FQ		18	1233	1257	+3	−5	148	139
1999	08	07	ZM	MZ	1	1	CSF		-18	1655	1275	−1	+3	45	135
1999	08	17	MZ	NG	0	1	F		-3	1272	1698	−1	+1	136	38
2000	04	09	SD	MZ	1	0	WQ		11	1349	1261	0	−4	120	140
2000	04	15	MW	MZ	2	1	CSF		13	1292	1248	+4	−4	132	144
2000	04	23	MZ	SD	2	1	WQ		20	1268	1329	+3	−2	140	122
2000	06	01	BW	MZ	2	0	KMC	SZ	36	1061	1232	+4	−6	182	147
2000	06	02	LS	MZ	0	0	KMC	SZ	4	1129	1228	0	0	169	147
2000	06	04	SZ	MZ	1	1	KMC		-2	1161	1230	−1	0	164	147
2000	07	02	LS	MZ	1	0	FQ		19	1159	1211	+1	−3	165	150
2000	07	16	MZ	LS	1	0	FQ		12	1223	1147	+1	−1	149	166
2001	03	10	LS	MZ	0	0	FT		-3	1199	1226	0	+2	156	149
2001	03	11	MZ	BW	3	1	FT	LS	16	1242	1105	+5	−1	144	171
2001	04	22	MZ	LS	1	0	F		6	1248	1193	0	−2	147	157
2001	04	29	MZ	ZA	0	3	CSF		-10	1238	1676	0	0	147	44
2002	03	30	SZ	MZ	1	2	F		-11	1171	1249	−1	+1	157	146
2002	03	31	SZ	MZ	1	1	F		-1	1170	1250	0	0	157	146
2002	04	07	LS	MZ	0	2	CSF		-32	1136	1282	−4	+10	164	136
2002	06	25	MZ	AO	1	1	FRC		5	1287	1495	+2	−2	135	78
2002	07	06	ZM	MZ	3	0	CSF		12	1467	1275	+4	−3	86	138
2002	09	09	CF	MZ	1	1	FQ		-4	1233	1279	0	+1	150	137
2002	10	13	MZ	CG	0	3	FQ		-38	1241	1384	−10	+11	147	114
2003	03	22	MZ	LS	0	0	CSF		-10	1231	1159	−1	+2	149	161
2003	03	30	MZ	BF	1	0	FQ		24	1255	1373	+4	−11	145	118
2003	06	07	BF	MZ	4	0	FQ		16	1403	1239	+3	−4	107	147
2003	06	22	MZ	CF	1	0	FQ		14	1253	1208	+3	−3	145	153
2003	07	06	CG	MZ	0	0	FQ		-11	1346	1264	−6	+4	125	142
2003	07	27	ZM	MZ	4	2	CSF		10	1447	1254	+4	−5	91	147
2003	10	12	GN	MZ	1	0	WQA		5	1499	1249	+1	0	79	145
2003	11	09	MZ	SZ	2	0	F		9	1258	1197	+2	−1	142	155
2003	11	16	MZ	GN	3	4	WQA		-12	1246	1511	−4	+2	145	79
2004	04	11	MZ	SZ	2	0	F		8	1254	1175	+2	−3	144	158
2004	04	18	MZ	MG	2	0	CSF		22	1276	1242	+7	−4	137	146
2004	05	26	MZ	BW	0	0	F		-4	1272	1243	−1	+1	139	145
2004	05	31	MZ	SZ	1	1	F		-5	1267	1180	−1	0	141	158
2004	06	13	MZ	MW	2	0	CSF		29	1296	1330	+6	−7	133	126
2004	06	25	MZ	GH	0	1	IND		-12	1284	1477	−2	+5	135	83
2004	09	19	MZ	AO	0	1	CSF		-13	1271	1520	−5	+3	139	77
2005	04	16	ZW	MZ	3	0	CSF	NA	15	1516	1256	+4	−1	77	140
2005	06	26	MZ	LS	1	0	F		4	1260	1128	+1	−1	139	168
2005	08	28	ZW	MZ	0	0	F		-8	1566	1268	0	+1	65	137
2005	09	25	MZ	ZW	3	2	AFD		22	1290	1513	+3	−8	135	80
2006	04	29	LS	MZ	0	0	CSF		3	1147	1287	0	0	166	134
2006	04	30	MU	MZ	0	0	CSF	LS	-1	1312	1288	0	0	128	134
2006	06	24	MZ	SZ	4	0	IND		15	1303	1193	+4	−3	131	159
2006	06	25	MZ	MW	1	2	IND		-18	1285	1351	−4	+6	135	116
2006	09	02	SN	MZ	2	0	FQ		3	1680	1282	0	+2	46	131
2006	10	08	MZ	TZ	0	0	FQ		-8	1274	1239	−1	+2	136	144
2007	03	24	BF	MZ	1	1	FQ		-12	1409	1286	−2	+4	101	134
2007	04	28	MZ	SC	2	0	CSF		11	1297	1112	+1	−1	131	172
2007	04	29	MZ	ZW	0	0	CSF		4	1301	1466	+1	−2	130	93
2007	06	03	MZ	BF	3	1	FQ		31	1332	1382	+8	−5	122	106
2007	06	17	MZ	SN	0	0	FQ		11	1343	1639	+3	−2	120	52
2007	08	20	MZ	ZW	0	0	F		0	1343	1445	0	0	120	94
2007	09	08	TZ	MZ	0	1	FQ		-27	1339	1370	−5	+5	119	113
2007	09	29	ZM	MZ	3	0	CSF	ZA	18	1578	1352	+7	−2	62	115
2008	01	13	ZA	MZ	2	0	F		6	1490	1346	+1	−2	87	119
2008	02	09	MZ	LS	1	0	FT	SZ	7	1353	1127	+2	−1	115	172
2008	02	10	BW	MZ	1	0	FT	SZ	16	1355	1337	+3	−4	115	119
2008	05	21	MZ	LS	2	3	F		-17	1320	1149	−5	+3	124	169
2008	06	01	CI	MZ	1	0	WQA		2	1731	1318	0	−1	38	122
2008	06	08	MZ	BW	1	2	WQA		-25	1293	1359	−7	+6	130	115
2008	06	15	MG	MZ	1	1	WQA		-4	1264	1297	0	+2	138	130
2008	06	22	MZ	MG	3	0	WQA		22	1319	1242	+5	−8	125	146
2008	07	27	MZ	BW	2	0	CSF	ZA	34	1353	1332	+5	−6	119	122
2008	07	30	MZ	MG	2	1	CSF	ZA	16	1369	1261	+4	−7	115	140
2008	08	03	ZA	MZ	2	1	CSF		9	1500	1360	+1	−3	89	118
2008	08	20	MZ	SZ	3	0	F		6	1366	1187	+2	−1	116	158
2008	09	07	MZ	CI	1	1	WQA		12	1378	1702	+3	−1	114	41
2008	10	11	BW	MZ	0	1	WQA		-22	1289	1400	−4	+6	131	109
2008	11	19	TZ	MZ	1	0	F		8	1366	1392	+1	−1	119	113
2009	02	11	MZ	MW	2	0	F		9	1401	1326	+2	0	110	123
2009	03	29	MZ	NG	0	0	WQA		12	1413	1724	+6	−4	104	36
2009	06	06	TN	MZ	2	0	WQA		8	1648	1405	+1	0	49	105
2009	06	20	KE	MZ	2	1	WQA		15	1414	1390	+4	−4	105	111
2009	08	12	MZ	SZ	1	0	F		3	1393	1149	+2	−1	109	166
2009	09	06	MZ	KE	1	0	WQA		15	1408	1389	+2	−3	107	110
2009	10	11	NG	MZ	1	0	WQA		3	1740	1405	0	−1	34	107
2009	10	25	MZ	MW	1	0	CSF	ZW	17	1422	1341	+3	−1	106	122
2009	10	29	ZM	MZ	2	0	CSF	ZW	29	1463	1393	+8	−3	92	109
2009	10	31	MZ	ZA	1	0	CSF	ZW	28	1421	1514	+2	−7	107	83
2009	11	14	MZ	TN	1	0	WQA		27	1448	1622	+11	−1	96	52
2009	12	19	MZ	MW	0	1	F		-16	1432	1348	−6	+4	104	119
2009	12	28	ZM	MZ	1	0	F	ZA	9	1493	1423	+1	−2	87	106
2010	01	03	GA	MZ	1	0	F	ZA	7	1543	1416	+3	−2	78	108
2010	01	06	GA	MZ	2	0	F	ZA	10	1553	1406	+5	−1	73	109
2010	01	12	BJ	MZ	2	2	AR	AO	-4	1459	1410	−1	0	96	111
2010	01	16	EG	MZ	2	0	AR	AO	10	1755	1400	+3	−1	30	111
2010	01	20	NG	MZ	3	0	AR	AO	13	1722	1387	+3	−3	37	113
2010	03	03	MZ	BW	0	1	F		-15	1372	1307	−5	+3	117	130
2010	06	08	PT	MZ	3	0	F	ZA	2	1876	1370	0	−2	11	117
2010	08	11	MZ	SZ	2	1	F		3	1373	1164	+2	−3	116	165
2010	09	05	MZ	LY	0	0	FQ		3	1376	1519	+1	0	117	84
2010	10	09	KM	MZ	0	1	FQ		-3	864	1379	−1	+3	204	115
2011	02	09	MZ	BW	1	1	F		-1	1378	1430	0	+1	114	106
2011	03	27	MZ	ZM	0	2	FQ		-27	1351	1539	−5	+8	119	77
2011	04	23	MZ	TZ	2	0	F		12	1363	1363	+1	−5	118	118
2011	06	04	ZM	MZ	3	0	FQ		12	1551	1351	+7	−1	71	120
2011	09	03	LY	MZ	1	0	FQ	EG	11	1523	1340	+4	−3	80	121
2011	10	08	MZ	KM	3	0	FQ		3	1343	880	0	0	121	203
2011	11	11	KM	MZ	0	1	WQ		-4	876	1347	0	−1	203	123
2011	11	15	MZ	KM	4	1	WQ		3	1350	873	+2	0	121	203
2012	02	22	NA	MZ	3	0	F		15	1321	1335	+3	−3	128	123
2012	02	29	TZ	MZ	1	1	FQ		-1	1260	1336	−1	0	142	123
2012	05	02	IR	MZ	3	0	F		2	1727	1334	+1	0	32	123
2012	05	26	MZ	NA	0	0	F	DE	-1	1333	1303	−1	0	125	130
2012	06	01	EG	MZ	2	0	WQ		3	1751	1330	0	−2	31	127
2012	06	10	MZ	ZW	0	0	WQ		-5	1325	1339	0	+3	126	121
2012	06	17	MZ	TZ	1	1	FQ		-8	1317	1288	−2	+2	129	137
2012	06	23	VN	MZ	1	0	F		8	1291	1309	+4	0	136	129
2012	08	15	AO	MZ	2	0	F		5	1495	1304	0	−1	90	132
2012	09	09	MZ	MA	2	0	FQ		45	1349	1549	+13	−9	119	72
2012	09	11	ZA	MZ	2	0	F		4	1577	1345	0	0	66	119
2012	10	13	MA	MZ	4	0	FQ		11	1560	1334	+3	−2	72	123
2013	03	13	MZ	SZ	0	0	F		-7	1327	1110	0	0	127	178
2013	03	24	MZ	GN	0	0	WQ		4	1331	1498	−1	0	127	89
2013	06	09	GN	MZ	6	1	WQ		14	1512	1317	+4	−2	83	130
2013	06	16	MZ	EG	0	1	WQ		-9	1308	1638	−3	0	133	52
2013	07	06	MW	MZ	0	1	F		-14	1350	1322	−7	+4	124	129
2013	07	14	ZM	MZ	3	1	CSF		9	1542	1313	+1	−2	75	131
2013	07	16	MZ	NA	1	0	CSF	ZM	20	1333	1300	+3	−7	128	136
2013	07	18	MZ	AO	1	0	CSF	ZM	27	1360	1424	+9	−6	119	104
2013	09	08	ZW	MZ	1	1	WQ		-5	1336	1365	+1	+2	125	118
2013	11	19	NA	MZ	0	0	F		-1	1288	1366	0	0	138	117
2014	03	05	MZ	AO	1	1	F		-1	1365	1442	−1	−1	120	101
2014	05	18	MZ	SS	5	0	FQ		7	1372	1049	+3	0	116	184
2014	05	23	MA	MZ	4	0	F	PT	11	1537	1361	+4	−5	74	120
2014	05	30	MZ	SS	0	0	FQ	SD	-14	1347	1063	−5	+1	125	183
2014	07	06	MW	MZ	1	1	F		-1	1294	1348	0	0	133	126
2014	07	20	TZ	MZ	2	2	FQ		-6	1358	1354	−2	+2	120	124
2014	08	03	MZ	TZ	2	1	FQ		15	1369	1343	+7	−5	118	126
2014	09	06	ZM	MZ	0	0	FQ		-11	1480	1380	−4	+3	91	114
2014	09	10	MZ	NE	1	1	FQ		-10	1370	1297	−3	+3	117	133
2014	10	11	MZ	CV	2	0	FQ		36	1406	1500	+4	−10	112	87
2014	10	15	CV	MZ	1	0	FQ		10	1510	1396	+5	−1	83	112
2014	11	15	MZ	ZM	0	1	FQ		-21	1375	1498	−1	+2	113	89
2014	11	19	NE	MZ	1	1	FQ		0	1280	1375	0	0	135	113
2015	03	29	BW	MZ	1	2	F		-11	1298	1386	0	+1	132	113
2015	05	25	MW	MZ	2	2	CSF	ZA	2	1351	1384	0	0	121	113
2015	05	28	MZ	BW	2	1	CSF	ZA	16	1400	1298	+2	−2	111	132
2015	05	30	NA	MZ	2	0	CSF	ZA	34	1384	1366	+8	−8	114	119
2015	06	14	MZ	RW	0	1	FQ		-24	1342	1412	−8	+5	126	108
2015	09	06	MU	MZ	1	0	FQ		30	1089	1312	+3	−8	180	132
2015	11	11	MZ	GA	1	0	WQ		25	1337	1471	+7	−6	125	92
2015	11	14	GA	MZ	1	0	WQ		8	1479	1329	+3	−3	90	127
2016	03	24	GH	MZ	3	1	FQ		5	1646	1324	+1	−2	47	129
2016	03	27	MZ	GH	0	0	FQ		11	1335	1635	+4	−1	123	49
2016	06	04	RW	MZ	2	3	FQ		-25	1292	1360	−3	+6	129	116
2016	06	19	CD	MZ	1	0	CSF	NA	9	1578	1351	+3	−2	62	117
2016	06	21	NA	MZ	3	0	CSF		27	1356	1324	+6	−8	115	125
2016	09	03	MZ	MU	1	0	FQ		5	1329	1099	+3	−2	122	182
2016	10	09	TG	MZ	2	0	F		8	1426	1321	+3	−1	101	124
2016	11	12	KE	MZ	1	0	F		6	1379	1315	0	−1	113	126
2016	11	15	MZ	ZA	1	1	F		5	1320	1612	+1	−2	124	57
2017	03	25	MZ	AO	2	0	F		7	1327	1213	0	−5	124	161
2017	03	28	MZ	LS	1	0	F		5	1332	1210	+2	−2	122	161
2017	06	10	ZM	MZ	0	1	FQ		-31	1414	1363	−8	+4	103	118
2017	06	26	ZW	MZ	4	0	CSF	ZA	32	1451	1331	+11	−4	91	123
2017	06	28	MZ	SC	2	1	CSF	ZA	4	1335	944	0	−1	123	197
2017	06	30	MG	MZ	4	1	CSF	ZA	36	1357	1299	+8	−9	119	131
2017	09	02	MZ	KE	1	1	F		-1	1298	1382	0	+1	130	112
2017	10	10	MZ	CV	1	0	F	PT	14	1312	1439	+5	−1	125	97
2018	05	27	MG	MZ	2	1	CSF	ZA	18	1373	1294	+2	−6	117	133
2018	05	29	MZ	KM	3	0	CSF	ZA	13	1307	1031	+3	−1	130	186
2018	05	31	MZ	SC	2	1	CSF	ZA	5	1312	963	+2	0	128	194
2018	09	08	MZ	GW	2	2	FQ		-8	1304	1282	0	+1	131	140
2018	10	13	MZ	NA	1	2	FQ		-23	1281	1376	−6	+6	140	112
2018	10	16	NA	MZ	1	0	FQ		10	1386	1271	+2	−1	111	141
2018	11	18	MZ	ZM	1	0	FQ		24	1295	1413	+2	−6	138	103
2019	03	10	MZ	SW	1	1	F	ZA	-3	1292	1202	−2	+2	140	160
2019	03	23	GW	MZ	2	2	FQ		-7	1303	1299	−1	+3	135	136
2019	05	26	NA	MZ	2	1	CSF	ZA	17	1371	1282	+7	−5	111	142
2019	05	28	MZ	SC	0	0	CSF	ZA	-15	1267	972	−1	+2	143	194
2019	05	30	MW	MZ	1	1	CSF	ZA	-2	1301	1269	−1	0	137	143
2019	09	04	MU	MZ	0	1	WQ		-16	1089	1285	−2	+2	182	139
2019	09	10	MZ	MU	2	0	WQ		9	1294	1080	+1	0	139	181
2019	10	13	KE	MZ	0	1	F		-15	1368	1309	−4	+8	114	131
2019	11	14	MZ	RW	2	0	FQ		20	1329	1265	+6	−6	125	144
2019	11	18	CV	MZ	2	2	FQ		-10	1402	1339	−1	+3	104	122
2020	10	08	GW	MZ	1	0	F	PT	11	1302	1328	+5	−4	132	125
2020	10	13	AO	MZ	3	0	F	PT	17	1357	1311	+4	−7	117	130
2020	11	12	CM	MZ	4	1	FQ		7	1589	1304	+2	0	60	131
2020	11	16	MZ	CM	0	2	FQ		-15	1289	1604	−5	+2	136	58
2021	03	24	RW	MZ	1	0	FQ		15	1284	1274	+2	−2	138	139
2021	03	30	MZ	CV	0	1	FQ		-17	1257	1442	−7	+5	145	93
2021	06	02	MZ	LS	5	0	FT		24	1281	1264	+8	−7	137	143
2021	06	08	MZ	SW	1	1	FT		-9	1272	1147	0	+5	138	170
2021	07	07	MZ	ZW	0	0	CSF	ZA	7	1279	1394	0	−1	139	105
2021	07	09	SN	MZ	1	0	CSF	ZA	3	1697	1276	0	0	40	139
2021	07	11	MZ	MW	2	0	CSF	ZA	35	1311	1305	+7	−9	132	134
2021	07	14	MZ	NA	1	0	CSF	ZA	25	1336	1367	+6	−9	125	114
2021	07	16	ZA	MZ	3	0	CSF		13	1506	1323	+3	−3	78	128
2021	07	18	SW	MZ	1	1	CSF	ZA	5	1242	1318	0	−2	148	130
2021	09	03	MZ	CI	0	0	WQ		11	1329	1632	+3	−2	127	51
2021	09	07	MW	MZ	1	0	WQ	ZA	22	1321	1307	+4	−5	129	132
2021	10	08	CM	MZ	3	1	WQ		7	1568	1300	+2	−1	68	133
2021	10	11	CM	MZ	1	0	WQ	MA	7	1575	1293	+2	0	65	134
2021	11	13	CI	MZ	3	0	WQ	BJ	8	1665	1285	+4	−3	46	138
2021	11	16	MZ	MW	1	0	WQ	BJ	21	1306	1273	+6	−5	132	139
2022	03	23	MZ	NE	1	1	FT	MR	-3	1303	1250	0	+2	132	146
2022	03	26	MR	MZ	2	1	FT		11	1313	1292	+5	−4	129	136
2022	05	24	MZ	SW	0	1	F		-14	1278	1277	−3	+3	139	140
2022	06	02	MZ	RW	1	1	FQ	ZA	-1	1277	1268	0	+1	139	142
2022	06	08	BJ	MZ	0	1	FQ		-33	1414	1310	−7	+10	98	130
2022	07	13	ZA	MZ	0	0	CSF		-15	1521	1325	−3	+8	78	124
2022	07	15	NA	MZ	1	0	CSF	ZA	18	1380	1307	+5	−8	111	132
2022	07	17	MZ	SN	1	1	CSF	ZA	16	1323	1666	+8	−1	124	47
2022	11	17	ZA	MZ	2	1	F		3	1547	1320	+2	−2	70	130
2023	03	24	SN	MZ	5	1	FQ		3	1748	1317	0	−1	35	130
2023	03	28	MZ	SN	0	1	FQ		-5	1312	1753	−3	+1	133	34
2023	06	14	MZ	MW	1	1	F		-4	1308	1257	−2	+1	134	145
2023	06	18	RW	MZ	0	2	FQ		-36	1247	1344	−8	+15	148	119
2023	07	07	AO	MZ	1	1	CSF	ZA	-4	1418	1348	−2	+1	101	118
2023	07	10	LS	MZ	1	0	CSF	ZA	28	1237	1320	+5	−10	153	128
2023	07	12	MZ	MU	1	0	CSF	ZA	5	1325	977	+5	0	124	188
2023	09	09	MZ	BJ	3	2	FQ		18	1343	1368	+7	−4	119	114
2023	10	13	AO	MZ	1	1	F	PT	-1	1384	1344	+1	+1	109	118
2023	10	16	NG	MZ	3	2	F	PT	3	1619	1341	−1	−2	58	120
2023	11	16	BW	MZ	2	3	WQ		-26	1323	1367	−9	+8	128	113
2023	11	19	MZ	DZ	0	2	WQ		-12	1355	1723	−4	+2	116	39
2024	01	06	MZ	LS	2	0	F	ZA	10	1365	1231	+2	−1	115	157
2024	01	08	BW	MZ	1	1	F	ZA	1	1345	1364	+1	−2	122	117
2024	01	14	EG	MZ	2	2	AR	CI	-18	1668	1382	−1	+5	48	110
2024	01	19	CV	MZ	3	0	AR	CI	29	1534	1353	+6	−5	72	115
2024	01	22	GH	MZ	2	2	AR	CI	-11	1512	1364	−3	+3	77	112
2024	06	07	MZ	SO	2	1	WQ		2	1366	899	0	0	112	200
2024	06	10	MZ	GN	1	0	WQ	MA	28	1394	1482	+6	−5	107	87
2024	06	26	ZA	MZ	1	1	CSF		-14	1571	1408	−2	+7	66	102
2024	06	29	SW	MZ	0	0	CSF	ZA	10	1232	1398	+2	−3	156	106
2024	07	02	MZ	BW	3	1	CSF	ZA	25	1423	1316	+6	−11	98	136
2024	07	05	MZ	NA	0	0	CSF	ZA	-1	1422	1398	−1	0	99	106
2024	07	07	KM	MZ	2	2	CSF	ZA	5	1343	1417	0	−2	125	101
2024	09	06	ML	MZ	1	1	FQ		-13	1587	1430	0	+6	60	96
2024	09	10	MZ	GW	2	1	FQ		11	1441	1357	+1	−4	96	117
2024	10	11	MZ	SW	1	1	FQ		-15	1426	1232	−4	0	100	156
2024	10	14	MZ	SW	3	0	FQ	ZA	17	1443	1215	+7	−2	92	158
2024	11	15	MZ	ML	0	1	FQ		-17	1426	1605	−3	+3	96	59
2024	11	19	GW	MZ	1	2	FQ		-21	1331	1447	−7	+8	129	89
2025	03	20	MZ	UG	3	1	WQ	EG	26	1473	1369	+1	−8	88	117
2025	03	25	DZ	MZ	5	1	WQ		10	1708	1463	+1	−1	45	88
2025	06	04	ZA	MZ	0	1	CSF		-32	1566	1495	−7	+6	67	83
2025	06	07	MU	MZ	0	0	CSF	ZA	17	1076	1478	+4	0	175	85
2025	06	10	ZA	MZ	2	0	F		7	1577	1471	−3	−9	70	95
2025	06	10	ZW	MZ	3	1	CSF	ZA	39	1398	1432	+17	−9	102	95
2025	09	05	UG	MZ	4	0	WQ		32	1413	1400	+13	−10	99	104
2025	09	08	MZ	BW	2	0	WQ		18	1418	1331	+4	−7	100	128
2025	10	09	MZ	GN	1	2	WQ		-23	1395	1489	−7	+3	106	83
2025	10	14	MZ	SO	1	0	WQ	DZ	2	1397	903	0	−1	107	199
2025	11	14	MA	MZ	1	0	F		1	1826	1396	0	0	23	106
2025	11	17	TD	MZ	2	2	F	MA	7	1121	1389	+1	−1	171	107
2025	12	17	AO	MZ	4	1	F	PT	9	1578	1380	+1	−2	68	108
2025	12	24	CI	MZ	1	0	AR	MA	11	1619	1369	0	−2	60	110
2025	12	28	MZ	GA	3	2	AR	MA	31	1400	1418	+6	−8	104	97
2025	12	31	CM	MZ	2	1	AR	MA	13	1594	1387	+4	−3	64	106
2026	01	05	NG	MZ	4	0	AR	MA	15	1684	1372	0	−4	50	110
2026	06	07	OM	MZ	4	1	GRD	ID	20	1479	1352	+4	−9	83	118
2026	06	09	ID	MZ	1	0	GRD		10	1371	1342	+1	−3	114	121