1959	00	00	GH	NE	8	0	NKR		1	1708	1099	+1	−	30	134
1959	00	00	NE	GH	0	4	NKR		-3	1096	1711	−	+1	134	30
1961	12	25	TD	NE	2	2	JAM	CI	-11	1289	1107	−	0	115	139
1961	12	27	CB	NE	10	0	JAM	CI	6	1590	1101	+1	−1	46	140
1963	04	12	NG	NE	1	0	JAM	SN	1	1666	1100	+1	0	35	141
1963	04	13	CM	NE	3	2	JAM	SN	4	1481	1096	+1	0	75	141
1963	04	16	SN	NE	3	1	JAM		2	1610	1094	0	0	45	141
1964	12	28	DH	NE	4	2	AGQ	NG	5	1523	1089	+1	0	68	144
1964	12	30	TG	NE	3	0	AGQ	NG	4	1581	1085	0	−1	49	145
1965	01	01	NG	NE	4	0	AGQ		3	1519	1082	+1	0	68	145
1965	01	05	NE	UV	2	2	AGQ	NG	14	1096	1366	+1	−3	144	106
1965	04	00	NE	UV	1	0	F		15	1111	1351	+1	0	143	104
1966	02	27	NE	CD	2	1	F		18	1129	1585	+1	−1	144	49
1967	01	29	UV	NE	3	2	F		3	1346	1126	0	−1	103	146
1967	01	31	NE	CG	1	3	F		-4	1122	1545	0	+1	146	57
1967	04	21	LY	NE	2	0	OQ		5	1461	1117	+2	0	78	146
1967	08	01	NE	UV	2	3	F		-7	1110	1324	−2	+1	148	111
1967	09	24	NE	LY	2	2	OQ		12	1122	1434	+2	−4	146	86
1968	11	01	CI	NE	4	2	F		0	1736	1122	0	0	26	147
1968	11	24	NE	CI	0	0	F		9	1131	1727	+1	−1	146	26
1969	01	12	NE	GN	1	3	F		-3	1128	1624	−1	0	147	45
1969	01	19	DH	NE	1	1	F		-8	1425	1136	−2	+1	87	146
1969	04	04	GN	NE	5	0	F		1	1617	1135	0	0	45	146
1969	08	17	GH	NE	6	0	FQ		3	1629	1132	+1	0	45	146
1969	09	21	NE	GH	1	9	FQ		-9	1123	1638	0	+1	146	42
1970	03	22	UV	NE	3	3	F		-8	1376	1131	−1	0	98	146
1970	12	12	NE	ML	0	1	FQ		-6	1125	1552	0	+2	145	59
1970	12	27	ML	NE	3	1	FQ		3	1555	1122	+1	−1	59	146
1971	03	28	MA	NE	5	2	OQ		2	1672	1120	+1	0	38	146
1971	04	25	NE	MA	1	3	OQ		-4	1116	1664	−1	0	147	40
1971	12	19	NE	LY	0	1	F		-4	1112	1479	−2	+1	152	69
1972	09	17	UV	NE	2	0	AGQ		7	1367	1105	0	−1	102	152
1972	10	15	NE	DH	2	2	AGQ		11	1116	1416	+2	−3	150	87
1972	10	29	UV	NE	2	1	AGQ	TG	8	1363	1108	+2	−2	104	152
1972	11	26	DH	NE	1	0	AGQ		4	1394	1104	0	0	93	152
1975	02	01	NE	UV	4	1	F		25	1129	1333	+8	−5	144	109
1975	02	23	UV	NE	4	1	F		5	1338	1124	+2	−1	107	145
1975	03	23	NE	GN	2	4	FQ		-6	1118	1626	−2	0	147	42
1975	04	06	GN	NE	3	0	FQ		2	1628	1116	0	−1	42	148
1976	03	07	SL	NE	5	1	WQ		7	1422	1109	+1	−2	88	150
1976	03	21	NE	SL	2	1	WQ		31	1140	1391	+7	−7	143	95
1979	10	26	NE	TG	2	2	FT	CI	11	1151	1457	+2	−4	141	83
1979	10	28	NE	BJ	1	0	FT	CI	23	1174	1320	+2	−4	139	109
1980	07	16	NE	SO	0	0	WQ		-8	1166	1141	0	0	140	145
1980	07	27	SO	NE	1	1	WQ		-4	1137	1170	0	0	145	140
1980	10	04	CG	NE	4	0	F		2	1569	1168	0	0	53	141
1980	11	15	BJ	NE	1	0	F		4	1321	1164	+1	0	106	141
1980	12	14	NE	TG	0	1	WQ		-9	1155	1483	0	+2	141	76
1980	12	28	TG	NE	1	2	WQ		-37	1446	1192	−6	+3	82	138
1981	04	01	CM	NE	2	0	F		2	1577	1190	+1	0	52	139
1981	05	01	DZ	NE	4	0	WQ		3	1652	1187	0	−1	40	140
1981	05	31	NE	DZ	1	0	WQ		36	1223	1616	+11	−6	129	46
1981	09	06	NE	UV	2	1	F		9	1232	1282	+4	−4	128	115
1982	02	15	BJ	NE	2	0	WAN		17	1306	1215	+4	−4	107	135
1982	02	17	GH	NE	2	2	WAN	BJ	-17	1657	1232	−3	+4	39	131
1982	02	19	CI	NE	1	1	WAN	BJ	-14	1518	1246	−3	+8	65	124
1982	10	03	UV	NE	1	1	F		-4	1310	1250	−1	0	105	127
1982	11	14	NE	SN	0	0	FQ		10	1260	1525	+3	−1	124	63
1982	11	28	SN	NE	1	0	FQ		4	1529	1256	+1	−1	63	123
1983	01	23	NE	SN	2	0	COQ		44	1300	1485	+11	−12	112	75
1983	02	06	SN	NE	2	0	COQ		9	1503	1291	+2	−1	70	112
1983	06	26	NE	MR	1	0	F		3	1294	1060	0	0	113	159
1983	07	14	MR	NE	0	0	F		4	1064	1290	+1	0	158	113
1983	11	13	NE	ML	1	1	F		2	1292	1465	0	−3	117	78
1983	11	14	NE	ML	1	1	F		2	1294	1463	0	−1	117	79
1984	07	30	GH	NE	1	0	FT	UV	4	1644	1290	+1	−2	37	118
1984	09	23	NE	CI	1	3	F		-9	1281	1555	−2	0	119	59
1986	02	24	GH	NE	2	0	WAN		6	1569	1275	+1	−2	58	116
1986	02	25	LR	NE	3	0	WAN	GH	40	1270	1235	+9	−11	119	127
1986	02	26	BF	NE	0	0	WAN	GH	-6	1331	1241	−1	0	103	127
1986	02	28	NE	TG	3	1	WAN	GH	50	1291	1466	+15	−9	112	79
1986	03	01	TG	NE	3	1	WAN	GH	16	1482	1275	+3	−2	76	114
1986	03	02	NE	BF	2	1	WAN	GH	22	1297	1294	+5	−4	109	111
1987	01	25	NE	ML	1	0	F		11	1308	1414	+2	−1	107	86
1987	01	31	TG	NE	1	0	WAN	LR	13	1455	1295	+4	−1	78	109
1987	02	02	GH	NE	4	0	WAN	LR	9	1645	1286	+3	−3	40	111
1987	02	04	CI	NE	1	0	WAN	LR	6	1591	1280	+2	−6	51	117
1988	07	24	BF	NE	1	0	FT		8	1371	1272	+2	−1	97	118
1988	07	27	ML	NE	1	0	FT	BF	11	1380	1261	+2	−4	96	122
1988	07	29	NE	GH	3	0	FT	BF	44	1305	1499	+15	−9	107	71
1988	08	02	NE	BJ	5	0	FT	BF	25	1330	1225	+3	−7	104	131
1988	08	04	BF	NE	1	0	FT		8	1424	1322	0	0	85	104
1989	05	14	ML	NE	1	2	F		-15	1404	1337	−5	0	91	104
1990	08	19	MA	NE	2	0	FQ		7	1606	1330	0	−1	49	108
1990	09	30	NE	CI	0	1	FQ		-10	1320	1635	−1	+2	109	44
1990	10	12	NE	MR	7	1	FQ		11	1331	1085	+1	−3	107	161
1991	01	09	BF	NE	2	2	F		-5	1424	1336	0	+2	81	106
1991	01	27	NE	MA	1	0	FQ		30	1366	1596	+7	−5	99	50
1991	04	30	CI	NE	1	0	FQ		5	1620	1361	+1	−1	46	101
1991	07	26	MR	NE	0	1	FQ		-10	1071	1371	0	+2	164	100
1991	11	23	CI	NE	5	2	F		3	1693	1368	0	0	35	104
1992	08	09	LY	NE	0	0	F		-6	1501	1374	0	+2	74	108
1992	08	16	BJ	NE	1	2	FQ		-16	1180	1390	−2	+2	155	106
1992	08	30	NE	GA	1	3	FQ		-37	1353	1441	−7	+11	115	93
1992	10	18	NE	ML	0	2	F		-16	1337	1452	−1	+4	117	91
1992	10	25	NE	CI	0	0	WQ		11	1348	1641	+1	−2	116	45
1992	11	15	NE	ML	0	1	F		-10	1338	1462	−1	+4	117	87
1992	12	13	NE	GH	0	1	F		-6	1332	1606	−1	+2	118	52
1992	12	20	BW	NE	0	1	WQ		-12	1076	1344	−2	+1	178	117
1993	01	23	GH	NE	4	0	F		4	1640	1340	0	0	45	117
1993	01	31	CI	NE	1	0	WQ		4	1628	1336	0	0	48	117
1993	02	28	NE	BW	2	1	WQ		5	1341	1086	+2	−1	118	177
1993	04	03	NE	BJ	2	2	F		-7	1334	1176	0	+2	118	161
1993	04	11	NE	CM	0	0	FQ		10	1344	1625	+1	−1	117	47
1993	04	25	NE	BJ	4	1	FQ		12	1356	1157	0	−2	117	164
1993	07	07	CI	NE	3	2	F		2	1652	1354	0	0	39	117
1993	07	11	GA	NE	3	0	FQ		18	1459	1336	+2	−4	91	120
1993	07	25	CM	NE	2	0	FQ		6	1631	1330	−1	0	47	119
1994	01	29	CI	NE	5	3	BST	BF	8	1610	1322	0	−1	58	122
1994	01	30	NE	GN	3	1	BST	BF	30	1352	1415	+5	−5	117	97
1994	03	17	TN	NE	4	2	F		3	1607	1349	0	0	58	117
1994	08	04	NE	TG	0	0	F		-4	1345	1302	0	0	119	129
1994	08	16	NE	TG	3	2	F		6	1351	1296	0	0	119	129
1994	08	23	BF	NE	0	0	F		-3	1360	1354	−1	0	116	119
1994	10	09	SN	NE	3	1	F		8	1425	1346	+2	−2	95	120
1994	10	16	NE	GH	1	5	FQ		-21	1325	1633	−4	+10	123	43
1994	11	13	NE	SL	4	2	FQ		35	1360	1448	+7	−8	114	91
1995	01	08	CG	NE	3	1	FQ		19	1412	1341	+4	−8	101	123
1995	01	22	NE	GM	1	1	FQ		-6	1335	1331	+1	0	122	124
1995	04	23	GH	NE	1	0	FQ		4	1633	1331	+1	0	44	122
1995	06	03	SL	NE	5	1	FQ		13	1513	1318	+3	−1	76	125
1996	05	12	BF	NE	0	0	F		-3	1339	1321	−2	0	118	123
1998	01	30	NE	NA	2	1	F		9	1330	1381	+1	−2	127	112
1998	02	05	MA	NE	3	0	F		2	1743	1328	0	0	31	127
1998	07	24	BF	NE	1	0	F		6	1388	1322	+3	−2	108	127
1998	07	26	NE	CI	1	0	F		15	1337	1590	+6	−2	121	59
1998	08	02	NE	LR	2	1	FQ		15	1352	1337	+4	−4	117	121
1998	08	09	BJ	NE	1	1	F		1	1227	1351	0	0	147	118
1998	08	16	LR	NE	2	0	FQ		23	1360	1328	+3	−6	118	124
2000	07	02	NE	CI	0	1	FQ		-13	1315	1564	−2	+3	126	60
2000	07	16	CI	NE	6	0	FQ		10	1574	1305	0	−1	59	127
2002	09	07	NE	ET	3	1	FQ		26	1331	1338	+3	−7	129	127
2002	10	03	MA	NE	6	1	F		4	1633	1327	0	−1	50	129
2002	10	12	LR	NE	1	0	FQ		8	1467	1319	+1	−2	84	131
2002	12	27	NE	BF	1	1	FT		-1	1318	1397	+1	0	129	107
2002	12	29	NE	ML	2	2	FT		4	1322	1498	0	−6	129	77
2003	03	07	BJ	NE	1	1	TFC		-3	1285	1325	−1	+1	135	129
2003	03	30	GN	NE	2	0	FQ		12	1479	1313	+6	−2	84	130
2003	06	07	NE	GN	1	0	FQ		24	1337	1455	+2	−7	128	89
2003	06	22	ET	NE	2	0	FQ		25	1322	1312	+1	−3	130	132
2003	07	05	NE	LR	1	0	FQ		21	1333	1409	+4	−8	128	107
2003	10	11	NE	DZ	0	1	WQA		-17	1316	1504	−2	+4	128	78
2003	11	14	DZ	NE	6	0	WQA		14	1518	1302	+5	−1	75	130
2006	08	29	TG	NE	1	1	F		-6	1449	1308	−2	0	98	129
2006	09	02	NG	NE	2	0	FQ		2	1779	1306	0	+1	24	128
2006	10	08	NE	UG	0	0	FQ		-2	1304	1374	+1	+1	126	108
2007	03	25	LS	NE	3	1	FQ		37	1162	1267	+1	−10	168	139
2007	06	03	NE	LS	2	0	FQ		15	1282	1155	+4	−1	135	169
2007	06	17	NE	NG	1	3	FQ		-7	1275	1742	−1	0	135	40
2007	09	08	UG	NE	3	1	FQ		13	1412	1262	+5	−7	103	142
2007	11	21	GQ	NE	1	1	F		-2	1241	1264	0	+1	144	138
2008	05	31	UG	NE	1	0	WQA		8	1406	1256	+2	−3	105	142
2008	06	08	NE	AO	1	2	WQA		-9	1247	1588	−4	+6	145	59
2008	06	14	NE	BJ	0	2	WQA		-28	1219	1399	−6	+5	151	107
2008	06	22	BJ	NE	2	0	WQA		10	1409	1209	+3	−2	105	153
2008	08	27	LY	NE	6	2	F		3	1538	1206	0	0	76	155
2008	09	07	NE	UG	3	1	WQA		40	1246	1386	+9	−11	145	113
2008	10	12	AO	NE	3	1	WQA		7	1495	1239	+1	−2	89	145
2010	03	07	NE	BJ	2	0	F		19	1258	1419	+2	−5	141	108
2010	06	19	NE	TD	1	1	F		-3	1255	1266	−1	0	142	138
2010	08	11	BJ	NE	0	0	F		-6	1413	1261	0	+3	107	139
2010	09	04	ZA	NE	2	0	FQ		4	1633	1257	0	−1	52	140
2010	10	10	NE	EG	1	0	FQ		37	1294	1779	+8	−8	131	22
2010	11	17	LY	NE	1	1	LYN		-11	1525	1305	−2	+1	81	131
2011	02	09	MA	NE	3	0	F		4	1573	1301	+1	−1	67	131
2011	03	27	NE	SL	3	1	FQ		21	1322	1271	+5	−4	126	139
2011	06	04	SL	NE	1	0	FQ		17	1288	1305	+4	−4	134	130
2011	08	10	NE	TG	3	3	F		-1	1304	1366	0	−1	132	116
2011	08	14	LR	NE	0	0	F		-2	1256	1306	0	0	142	132
2011	09	04	NE	ZA	2	1	FQ		32	1338	1627	+10	−8	123	56
2011	09	06	GA	NE	1	0	F	FR	4	1560	1334	+1	−2	69	126
2011	10	08	EG	NE	3	0	FQ		4	1724	1330	0	−3	35	127
2011	11	15	NE	BW	1	1	F		-1	1329	1409	+1	−1	127	104
2012	01	23	GA	NE	2	0	AR		10	1556	1319	+2	−1	72	128
2012	01	27	TN	NE	2	1	AR	GA	8	1611	1311	+2	−1	56	129
2012	01	31	MA	NE	1	0	AR	GA	11	1535	1300	+3	−3	74	132
2012	02	29	EG	NE	1	0	F	QA	2	1722	1298	0	+1	35	131
2012	05	26	DZ	NE	3	0	F		5	1505	1293	+4	−1	85	133
2012	06	03	NE	GA	0	0	WQ		10	1303	1573	+3	−2	130	67
2012	06	09	CG	NE	1	0	WQ		10	1410	1293	+2	−3	107	134
2012	08	15	NE	NG	0	0	F		6	1299	1637	+3	−3	134	51
2012	09	09	GN	NE	1	0	FQ		5	1558	1294	+1	−1	69	135
2012	10	09	NE	LR	4	3	F		8	1302	1308	+1	−3	135	133
2012	10	14	NE	GN	2	0	FQ		43	1345	1515	+11	−9	123	83
2012	11	14	NE	SN	1	1	F		2	1347	1522	−1	0	124	79
2012	12	30	ET	NE	1	0	F		8	1319	1339	+2	0	130	125
2013	01	05	NE	TG	3	1	F		14	1353	1404	+1	−2	124	108
2013	01	10	BF	NE	0	0	F	ZA	-3	1442	1356	−1	+1	98	123
2013	01	13	TG	NE	2	1	F		6	1410	1350	+1	−2	107	124
2013	01	20	ML	NE	1	0	AR	ZA	9	1611	1341	+2	−1	55	125
2013	01	24	CD	NE	0	0	AR	ZA	-8	1442	1349	−1	+1	99	125
2013	01	28	GH	NE	3	0	AR	ZA	10	1718	1339	+3	0	33	125
2013	03	20	NE	GM	1	3	F		-21	1318	1321	−3	+9	129	128
2013	03	23	BF	NE	4	0	WQ		11	1532	1307	+2	−2	77	131
2013	06	09	NE	BF	0	1	WQ		-14	1293	1535	−4	+2	137	77
2013	06	15	GA	NE	4	1	WQ		10	1515	1283	+4	−1	84	138
2013	09	07	NE	CG	2	2	WQ		1	1284	1391	0	−1	138	110
2013	11	15	LY	NE	1	1	F	TN	-6	1544	1290	−2	+1	74	137
2014	03	05	MR	NE	1	1	F		0	1181	1290	−1	0	161	136
2014	05	22	UA	NE	2	1	F		0	1838	1290	0	0	17	135
2014	09	02	NE	UG	2	0	F		19	1309	1467	+5	−4	130	93
2014	09	06	NE	CV	1	3	FQ		-22	1287	1524	−5	+7	135	77
2014	09	10	MZ	NE	1	1	FQ		-10	1370	1297	−3	+3	117	133
2014	10	11	NE	ZM	0	0	FQ		4	1301	1464	0	−1	132	94
2014	10	15	ZM	NE	3	0	FQ		13	1477	1288	+1	−3	93	135
2014	11	15	CV	NE	3	1	FQ		8	1518	1280	+2	−2	81	136
2014	11	19	NE	MZ	1	1	FQ		0	1280	1375	0	0	135	113
2015	03	31	MR	NE	2	0	F		14	1206	1266	+1	−5	161	141
2015	06	06	NE	GA	2	1	F		13	1279	1477	+6	−6	135	91
2015	06	14	NE	NA	1	0	FQ		20	1299	1364	+3	−3	132	117
2015	09	05	BI	NE	2	0	FQ		21	1330	1278	+3	−3	128	136
2015	09	08	NG	NE	2	0	F		2	1650	1276	+1	+1	50	135
2015	10	09	NE	SO	2	0	WQ	ET	5	1281	860	+1	−1	135	207
2015	10	13	NE	SO	4	0	WQ		4	1285	856	+1	0	135	207
2015	11	13	NE	CM	0	3	WQ		-15	1270	1624	−2	+5	137	53
2015	11	17	CM	NE	0	0	WQ		-17	1607	1287	−6	+4	58	135
2016	03	26	SN	NE	2	0	FQ		4	1647	1283	+1	−2	47	135
2016	03	29	NE	SN	1	2	FQ		-7	1276	1654	−3	+1	138	46
2016	06	04	NA	NE	1	0	FQ		12	1341	1264	+5	−5	120	143
2016	09	04	NE	BI	3	1	FQ		28	1292	1308	+10	−7	133	128
2017	06	10	NE	SZ	0	0	FQ		-4	1288	1323	−1	+2	136	125
2017	08	31	TG	NE	2	0	F	MA	11	1390	1277	+4	−4	111	140
2017	09	05	NE	MR	2	0	F	MA	17	1294	1314	+5	−2	135	125
2018	05	27	NE	CF	3	3	FT		-4	1290	1313	−2	+3	136	127
2018	06	02	NE	UG	2	1	FT		17	1307	1415	+5	−6	131	104
2018	09	08	EG	NE	6	0	FQ		9	1578	1298	+3	−3	64	136
2018	10	13	TN	NE	1	0	FQ		3	1669	1295	0	+1	46	135
2018	10	16	NE	TN	1	2	FQ		-7	1288	1676	0	+1	136	45
2018	11	18	SW	NE	1	2	FQ		-22	1199	1310	−10	+6	164	131
2019	03	23	NE	EG	1	1	FQ		11	1321	1602	+4	−3	130	57
2019	09	07	LY	NE	2	0	F	MA	10	1460	1311	+2	−2	91	131
2019	09	10	MA	NE	1	0	F		1	1688	1310	0	0	44	133
2019	10	10	NE	ZM	1	1	F		1	1311	1445	+1	0	131	94
2019	10	13	NE	CF	0	2	F		-18	1293	1350	−6	+6	137	120
2019	11	16	CI	NE	1	0	FQ		3	1649	1290	0	−1	49	137
2019	11	19	NE	MG	2	6	FQ		-37	1253	1428	−10	+8	147	99
2020	10	10	NE	TD	2	0	F		8	1261	1176	+2	−2	144	165
2020	10	13	NE	SL	1	0	F		9	1270	1316	+4	−1	140	127
2020	11	13	NE	ET	1	0	FQ		14	1284	1245	+2	−1	137	146
2020	11	17	ET	NE	3	0	FQ		29	1274	1255	+9	−10	138	147
2021	03	26	NE	CI	0	3	FQ		-13	1242	1630	−3	+3	149	52
2021	03	30	MG	NE	0	0	FQ		-12	1368	1254	−3	+3	112	146
2021	06	05	GM	NE	2	0	F	TR	11	1370	1243	+4	−2	112	149
2021	06	09	CG	NE	1	0	F	TR	7	1363	1236	+2	−2	116	148
2021	06	11	GN	NE	2	1	F	TR	5	1437	1231	0	−2	96	150
2021	08	22	NE	SD	2	1	F	AE	15	1246	1387	+1	−2	148	104
2021	08	26	SD	NE	3	0	F	AE	11	1398	1235	+2	−1	102	149
2021	09	02	BF	NE	2	0	WQ	MA	9	1554	1226	+3	−2	69	152
2021	09	06	NE	DJ	4	2	WQ	MA	8	1234	893	+2	0	150	201
2021	10	08	DZ	NE	6	1	WQ		2	1758	1232	0	−1	30	152
2021	10	12	NE	DZ	0	4	WQ		-6	1226	1764	−1	+1	153	31
2021	11	12	BF	NE	1	1	WQ	MA	-15	1553	1241	−2	+3	70	149
2021	11	15	NE	DJ	7	2	WQ		6	1247	884	+3	0	147	202
2022	03	23	MZ	NE	1	1	FT	MR	-3	1303	1250	0	+2	132	146
2022	03	26	LY	NE	2	1	FT	MR	11	1353	1239	+2	−4	115	150
2022	06	04	NE	TZ	1	1	FQ	BJ	4	1243	1313	0	−3	151	128
2022	06	08	UG	NE	1	1	FQ		-13	1411	1256	−2	+2	99	147
2022	09	23	EG	NE	3	0	CRO		3	1638	1253	−1	−3	55	147
2022	09	25	LR	NE	0	0	CRO	EG	-3	1311	1256	−2	+3	133	145
2022	11	17	LY	NE	3	2	F	TR	8	1349	1248	+2	−4	117	150
2022	11	20	GA	NE	3	1	F	TR	6	1488	1242	+1	−3	82	152
2023	03	23	DZ	NE	2	1	FQ		2	1706	1240	0	−1	42	152
2023	03	27	DZ	NE	1	0	FQ	TN	3	1709	1237	0	0	42	153
2023	06	18	TZ	NE	1	0	FQ		11	1324	1226	+4	−2	126	155
2023	09	07	NE	UG	0	2	FQ	MA	-18	1208	1394	−2	+3	157	108
2023	10	14	NE	SO	3	0	F	MA	5	1213	889	+1	0	158	201
2023	10	17	LY	NE	1	1	F	MA	-3	1334	1216	−3	+1	125	158
2023	11	18	TZ	NE	1	0	WQ	MA	13	1353	1203	+7	−1	118	159
2023	11	21	NE	ZM	2	1	WQ	MA	35	1238	1488	+2	−9	157	83
2024	01	08	SN	NE	1	0	F		1	1732	1237	0	0	36	156
2024	03	22	TG	NE	2	1	F	MA	6	1393	1231	+1	0	106	156
2024	03	26	BF	NE	1	1	F	MA	-7	1501	1238	−4	0	81	156
2024	09	04	SD	NE	1	0	FQ	SS	12	1393	1226	0	−3	109	156
2024	09	09	GH	NE	1	1	FQ	MA	-14	1500	1240	−4	+1	84	153
2024	10	11	AO	NE	2	0	FQ		4	1587	1236	−1	0	63	154
2024	10	15	AO	NE	1	0	FQ	MA	5	1592	1231	0	0	64	154
2024	11	14	NE	SD	4	0	FQ	TG	57	1288	1378	+13	−15	141	112
2024	11	18	GH	NE	1	2	FQ		-33	1430	1321	−7	+9	94	130
2025	03	21	MA	NE	2	1	WQ		1	1803	1320	0	0	23	133
2025	03	25	NE	BQ	6	0	F	MA	2	1322	836	+1	0	131	207
2025	06	06	NE	GA	4	3	F	MA	14	1336	1453	+4	−2	126	91
2025	06	10	NE	ZW	1	1	F	MA	1	1337	1359	+1	+17	125	102
2025	09	05	MA	NE	5	0	WQ		3	1815	1334	0	−2	25	128
2025	09	09	TZ	NE	0	1	WQ		-29	1363	1363	−7	+13	114	114
2025	10	08	NE	CG	3	1	WQ	BF	19	1382	1208	+5	−3	109	157
2025	10	12	ZM	NE	0	1	WQ		-27	1374	1409	−5	+6	110	103
2025	11	14	BF	NE	3	2	F	MA	7	1535	1402	+1	−2	75	104
2025	11	18	GN	NE	1	1	F	MA	-2	1486	1404	−1	+2	84	103
2026	03	27	LY	NE	0	0	F	MA	-1	1424	1405	−2	+1	94	101
2026	03	31	TG	NE	1	0	F	MA	12	1359	1393	+3	−2	115	103
2026	06	05	BJ	NE	1	1	F	MA	-1	1429	1394	−1	+1	94	102
2026	06	08	MR	NE	1	0	F	MA	12	1329	1382	+2	−3	128	105