1921	10	22	EI	EN	1	1	BC		7	1707	1926	‚ąí	0	16	5
1922	03	04	SQ	EI	2	1	BC		6	1903	1701	0	‚ąí2	7	18
1922	04	01	EI	WA	1	1	BC		-6	1695	1706	‚ąí2	+2	19	16
1922	05	25	NO	EI	2	1	F		10	1590	1685	+2	‚ąí1	27	20
1922	10	21	EN	EI	2	0	BC		8	1912	1677	0	0	6	20
1923	03	03	EI	SQ	0	1	BC		-12	1665	1942	‚ąí2	0	23	3
1923	04	14	WA	EI	0	3	BC		-48	1656	1713	‚ąí6	+7	23	16
1923	10	20	EI	EN	2	1	BC		26	1739	1901	0	‚ąí3	16	7
1924	03	01	SQ	EI	2	0	BC		11	1909	1728	+2	0	5	16
1924	03	15	EI	WA	0	1	BC		-25	1703	1760	‚ąí1	0	18	16
1924	09	24	EI	ZA	1	2	F		-11	1692	1793	‚ąí1	+2	21	13
1924	10	22	EN	EI	3	1	BC		10	1889	1682	0	‚ąí4	6	25
1925	02	28	EI	SQ	0	3	BC		-21	1661	1945	‚ąí1	0	25	4
1925	04	18	WA	EI	0	0	BC		-9	1730	1670	0	+1	18	24
1925	10	24	EI	EN	0	0	BC		9	1679	1925	+2	0	23	5
1926	02	13	EI	WA	3	0	BC		28	1707	1680	+6	‚ąí6	19	25
1926	02	27	SQ	EI	4	0	BC		8	1995	1699	+1	‚ąí2	2	21
1926	10	20	EN	EI	3	3	BC		-13	1855	1712	‚ąí2	+1	9	21
1927	02	26	EI	SQ	0	2	BC		-14	1698	2035	‚ąí3	+1	22	1
1927	04	09	WA	EI	2	2	BC		-7	1721	1705	‚ąí1	+2	18	20
1927	10	22	EI	EN	2	0	BC		39	1744	1878	+2	0	16	7
1928	02	04	EI	WA	1	2	BC		-25	1719	1788	‚ąí1	+2	18	14
1928	02	21	FR	EI	4	0	F		21	1589	1698	+5	‚ąí2	30	20
1928	02	25	SQ	EI	0	1	BC		-36	1956	1734	0	+3	4	17
1928	10	22	EN	EI	2	1	BC		10	1846	1724	0	‚ąí1	10	18
1929	02	02	WA	EI	2	2	BC		-7	1750	1731	0	0	16	17
1929	02	23	EI	SQ	3	7	BC		-20	1711	2021	‚ąí2	0	19	3
1929	10	19	EI	EN	0	3	BC		-24	1687	1944	‚ąí3	+2	20	5
1930	02	01	EI	WA	7	0	BC		37	1724	1686	+3	‚ąí3	17	20
1930	02	22	SQ	EI	3	1	BC		5	2055	1719	0	0	2	17
1930	10	20	EN	EI	5	1	BC		8	1999	1711	0	0	4	18
1931	02	21	EI	SQ	0	0	BC		10	1721	1996	0	0	18	4
1931	04	22	WA	EI	3	2	BC		16	1701	1705	+1	0	19	18
1931	09	19	SQ	EI	3	1	BC		6	1994	1699	+1	‚ąí1	3	19
1931	10	17	EI	EN	2	6	BC		-20	1679	1991	‚ąí3	+1	22	4
1931	12	05	EI	WA	4	0	BC		28	1707	1658	+4	‚ąí4	18	24
1932	09	17	EI	SQ	0	4	BC		-20	1687	2004	‚ąí3	0	21	5
1932	10	17	EN	EI	1	0	BC		3	2035	1684	0	‚ąí1	2	22
1932	12	07	WA	EI	4	1	BC		21	1755	1663	+3	‚ąí3	14	27
1933	09	16	SQ	EI	1	2	BC		-36	1923	1699	‚ąí1	+6	7	20
1933	10	14	EI	EN	0	3	BC		-15	1684	2035	‚ąí3	0	23	2
1933	11	04	EI	WA	1	1	BC		0	1684	1778	0	0	23	12
1934	10	20	EI	SQ	2	1	BC		25	1709	1857	+1	‚ąí3	18	11
1935	02	06	EN	EI	2	1	BC		3	2034	1706	0	0	2	18
1935	03	27	WA	EI	3	1	BC		17	1790	1689	0	0	13	18
1935	10	19	EI	EN	1	3	BC		-14	1675	2002	‚ąí4	+1	24	3
1935	11	13	SQ	EI	2	1	BC		5	1922	1670	0	0	6	25
1936	03	11	EI	WA	3	2	BC		23	1693	1803	+4	‚ąí1	20	13
1936	10	31	EI	SQ	1	3	BC		-18	1675	1956	‚ąí1	+1	23	4
1936	11	18	EN	EI	3	1	BC		7	1926	1668	0	0	7	23
1937	03	17	WA	EI	4	1	BC		11	1868	1657	0	‚ąí2	11	25
1937	10	23	EI	EN	1	5	BC		-19	1638	1967	‚ąí3	+1	29	4
1937	11	10	SQ	EI	1	1	BC		-17	1931	1655	‚ąí1	+2	6	27
1938	03	16	EI	WA	1	0	BC		27	1682	1850	+4	‚ąí3	24	12
1938	10	08	EI	SQ	0	2	BC		-15	1667	1994	‚ąí3	0	26	3
1938	11	16	EN	EI	7	0	BC		10	1948	1657	+1	‚ąí2	5	29
1939	03	15	WA	EI	3	1	BC		8	1880	1649	0	‚ąí3	9	32
1945	09	15	EI	EN	0	1	BC		-9	1640	1963	‚ąí1	0	35	4
1946	02	02	EI	SQ	2	3	BC		-8	1632	1997	‚ąí1	0	36	3
1946	05	04	WA	EI	0	1	BC		-35	1847	1667	‚ąí1	+7	10	29
1946	09	28	EI	EN	2	7	BC		-24	1643	1941	‚ąí6	+1	36	5
1946	11	27	SQ	EI	0	0	BC		-17	1959	1660	‚ąí2	+5	5	31
1947	04	16	EI	WA	2	1	BC		26	1686	1837	+4	‚ąí1	27	10
1947	10	04	EI	SQ	2	0	BC		43	1729	1906	+8	‚ąí2	18	7
1947	11	05	EN	EI	2	2	BC		-16	1991	1745	0	+1	3	17
1948	03	10	WA	EI	2	0	BC		15	1851	1730	+1	0	12	18
1948	08	11	EI	US	5	0	F		8	1738	1580	0	‚ąí2	19	42
1948	10	09	EI	EN	2	6	BC		-17	1721	2065	‚ąí2	0	21	2
1948	11	17	SQ	EI	3	2	BC		8	1872	1713	+1	‚ąí1	9	23
1949	03	09	EI	WA	0	2	BC		-31	1682	1836	‚ąí6	0	29	12
1949	10	01	EI	SQ	2	8	WQB		-25	1657	1960	‚ąí3	0	32	6
1949	11	16	EN	EI	9	2	WQB		6	2025	1651	0	0	2	31
1950	03	08	WA	EI	0	0	WQB		-11	1752	1662	0	+2	15	29
1950	10	07	EI	EN	1	4	BC		-16	1646	1994	‚ąí3	+1	32	3
1950	11	01	SQ	EI	6	1	BC		6	1981	1640	+1	‚ąí1	4	33
1951	03	07	EI	WA	1	2	BC		-21	1619	1744	‚ąí3	+3	35	17
1951	05	12	EI	FR	2	2	F		0	1619	1722	0	0	35	22
1951	10	06	EI	SQ	0	3	BC		-12	1607	1999	‚ąí2	+1	38	3
1951	11	14	EN	EI	2	0	BC		4	1971	1603	+1	‚ąí1	4	39
1952	03	19	WA	EI	3	0	BC		11	1809	1592	0	‚ąí2	14	40
1952	10	04	EI	EN	2	2	BC		15	1607	1998	+4	0	37	4
1952	11	05	SQ	EI	1	1	BC		-17	1936	1624	0	+2	5	36
1952	11	11	FR	EI	3	1	F		5	1790	1619	+1	0	14	36
1953	04	15	EI	WA	2	3	BC		-17	1602	1797	‚ąí3	0	40	14
1953	10	03	EI	SQ	1	3	WQB		-13	1589	1943	‚ąí1	+1	42	5
1953	11	11	EN	EI	3	1	WQB		3	2025	1586	0	0	3	42
1954	03	31	WA	EI	1	2	WQB		-33	1731	1619	‚ąí2	+6	18	39
1954	10	02	EI	EN	0	2	BC		-11	1608	1982	‚ąí1	0	41	5
1954	11	03	SQ	EI	2	2	BC		-14	1811	1622	‚ąí1	+1	13	40
1955	04	20	EI	WA	2	3	BC		-22	1600	1711	‚ąí2	+3	42	23
1955	10	08	EI	SQ	2	1	BC		27	1627	1806	+3	‚ąí3	39	14
1955	11	02	EN	EI	3	0	BC		6	1959	1621	0	‚ąí1	6	39
1956	04	11	WA	EI	1	1	BC		-10	1706	1631	0	+1	23	38
1956	10	06	EI	EN	1	1	BC		13	1644	1983	+4	0	36	4
1956	11	07	SQ	EI	1	0	BC		7	1831	1637	0	‚ąí2	12	40
1957	01	16	PT	EI	1	1	WQ		-9	1686	1646	‚ąí1	+1	28	38
1957	04	10	EI	WA	0	0	BC		-3	1643	1704	0	0	37	25
1957	04	25	IT	EI	1	0	WQ		5	1878	1638	+1	‚ąí2	9	39
1957	05	01	EI	PT	3	0	WQ		29	1667	1649	+7	‚ąí6	32	36
1957	10	05	EI	SQ	1	1	BC		5	1672	1856	+1	‚ąí1	32	12
1957	11	06	EN	EI	2	3	BC		-37	1996	1709	0	+6	3	26
1957	12	04	EI	IT	2	2	F		0	1709	1806	0	0	26	14
1958	01	15	EI	IT	2	1	WQ		21	1730	1801	+4	0	22	14
1958	04	16	WA	EI	1	1	BC		-5	1715	1735	‚ąí2	+2	26	21
1958	06	08	EI	CS	1	0	WC	SE	43	1778	1851	+4	‚ąí3	18	12
1958	06	11	AR	EI	3	1	WC	SE	21	2005	1757	+1	0	3	18
1958	06	15	EI	WG	2	2	WC	SE	17	1774	1956	+1	+1	17	4
1958	06	17	EI	CS	2	1	WC	SE	44	1818	1901	+3	‚ąí4	14	9
1958	06	19	FR	EI	4	0	WC	SE	47	1925	1771	+5	‚ąí4	5	18
1958	10	04	EI	EN	3	3	BC		5	1776	1949	0	0	18	4
1958	10	15	ES	EI	6	2	F		9	1878	1767	+2	‚ąí1	10	19
1958	11	05	SQ	EI	2	2	BC		-8	1809	1775	0	0	14	18
1959	04	22	EI	WA	4	1	BC		24	1799	1737	+2	‚ąí3	15	24
1959	10	03	EI	SQ	0	4	BC		-47	1752	1855	‚ąí4	+2	21	11
1959	11	18	EN	EI	2	1	BC		8	1907	1744	+1	‚ąí1	7	24
1960	04	06	WA	EI	3	2	BC		14	1767	1730	+4	0	18	25
1960	10	08	EI	EN	2	5	BC		-29	1701	1915	‚ąí6	+1	31	9
1960	10	26	EI	WG	3	4	WQ		-17	1684	1877	‚ąí2	0	32	11
1960	11	09	SQ	EI	5	2	BC		17	1796	1667	+1	‚ąí3	17	36
1961	04	12	EI	WA	1	5	BC		-35	1632	1822	‚ąí5	+1	40	15
1961	04	25	IT	EI	3	2	F		4	1789	1628	0	‚ąí1	16	41
1961	05	03	GR	EI	2	1	WQ		24	1487	1604	+3	‚ąí3	73	45
1961	05	10	WG	EI	2	1	WQ		5	1865	1599	+1	‚ąí1	11	46
1961	10	07	EI	SQ	1	6	BC		-24	1575	1870	‚ąí2	0	48	13
1961	10	17	EI	GR	2	0	WQ		15	1590	1472	+2	‚ąí1	46	73
1961	11	22	EN	EI	1	1	BC		-17	1943	1607	‚ąí2	+2	8	44
1962	04	11	WA	EI	4	0	BC		12	1809	1595	+1	‚ąí2	15	46
1962	05	09	NL	EI	4	0	F		9	1693	1586	+2	‚ąí2	29	48
1962	10	10	PL	EI	0	2	EQ		-47	1670	1633	‚ąí8	+7	32	41
1962	10	20	EI	EN	1	3	BC		-16	1617	1926	‚ąí2	0	43	9
1962	11	07	SQ	EI	5	1	BC		7	1907	1610	0	‚ąí1	10	44
1962	11	28	EI	PL	2	0	EQ		26	1636	1639	+6	‚ąí5	38	37
1963	04	03	EI	WA	1	4	BC		-33	1603	1793	‚ąí6	+2	48	19
1963	05	30	ES	EI	1	1	EQ		-16	1874	1619	0	+4	12	43
1963	10	12	EI	SQ	2	1	BC		31	1650	1902	+4	‚ąí4	38	9
1963	10	30	EI	ES	0	1	EQ		-14	1636	1866	‚ąí4	0	41	13
1963	11	20	EN	EI	8	3	BC		7	1952	1629	+1	‚ąí1	3	42
1964	04	15	WA	EI	2	3	BC		-31	1718	1660	‚ąí1	+9	26	34
1964	04	29	EI	UY	3	0	F		23	1683	1854	+3	0	31	13
1964	10	03	EI	EN	3	4	BC		-13	1670	1927	‚ąí2	+3	34	6
1964	10	14	EI	CH	1	0	WQ		9	1679	1555	+2	‚ąí3	32	56
1964	11	14	CH	EI	2	1	WQ		21	1576	1658	+5	‚ąí3	50	36
1964	11	25	SQ	EI	3	2	BC		5	1912	1653	+1	‚ąí2	8	38
1965	03	17	EI	NL	2	1	WQ		17	1670	1679	+1	‚ąí2	36	32
1965	03	31	EI	WA	0	5	BC		-49	1621	1743	‚ąí8	+7	42	23
1965	04	07	NL	EI	0	0	WQ		-9	1670	1630	‚ąí1	+1	33	41
1965	05	07	EI	AL	4	1	WQ		13	1643	1460	+3	‚ąí6	36	81
1965	10	02	EI	SQ	3	2	BC		29	1672	1882	+3	‚ąí2	36	9
1965	11	10	EN	EI	2	1	BC		5	1932	1667	0	+1	5	35
1965	11	24	AL	EI	1	1	WQ		6	1466	1661	+2	‚ąí1	78	36
1966	03	30	WA	EI	1	4	BC		-53	1709	1714	‚ąí3	+9	29	28
1966	05	07	EI	WG	0	2	F		-10	1704	1947	‚ąí1	0	30	6
1966	06	22	EI	MX	4	1	F		22	1726	1879	+1	‚ąí2	28	10
1966	10	22	EI	EN	0	2	EQB		-11	1715	2094	‚ąí2	0	29	1
1966	11	16	SQ	EI	2	1	EQB		10	1810	1705	0	0	16	29
1967	04	12	EI	WA	0	0	EQB		-6	1699	1698	0	0	31	32
1967	10	21	EI	SQ	1	0	EQB		24	1723	1843	+3	‚ąí2	28	13
1967	11	22	EN	EI	2	0	EQB		4	2081	1719	0	0	1	27
1968	02	28	WA	EI	2	0	EQB		25	1704	1694	+4	‚ąí4	30	32
1968	09	10	IL	EI	2	3	F		-8	1508	1702	‚ąí1	+1	67	32
1968	10	23	EI	TR	4	1	WQ		20	1722	1626	+2	‚ąí3	28	42
1968	12	11	TR	EI	0	3	WQ		-35	1591	1757	‚ąí9	+6	51	21
1969	05	03	EI	EN	1	3	BC		-15	1742	2069	‚ąí2	0	25	1
1969	05	06	SQ	EI	1	1	BC		-13	1887	1755	‚ąí2	+1	10	24
1969	05	10	EI	WA	0	0	BC		-10	1745	1683	‚ąí1	0	25	33
1969	09	10	EI	SU	0	0	WQ		4	1749	1916	0	0	24	6
1969	10	22	SU	EI	2	0	WQ		10	1947	1739	0	0	6	25
1970	04	18	EI	SQ	0	1	BC		-20	1719	1851	‚ąí2	+3	28	10
1970	04	21	EN	EI	3	1	BC		4	2078	1715	0	0	1	28
1970	04	25	WA	EI	1	0	BC		16	1698	1699	+1	‚ąí4	34	32
1970	11	11	ES	EI	3	0	EQ		14	1857	1685	+2	‚ąí4	9	36
1971	02	03	CY	EI	0	3	EQ		-15	1344	1700	‚ąí5	+4	106	31
1971	04	21	EI	CY	5	0	EQ		5	1705	1339	+1	0	31	106
1971	05	15	EI	EN	0	1	BC		-8	1697	2056	‚ąí2	0	34	2
1971	05	18	SQ	EI	0	1	BC		-30	1760	1727	‚ąí2	+4	21	30
1971	05	22	EI	WA	1	0	BC		12	1739	1678	+3	‚ąí1	27	37
1971	09	22	SU	EI	1	0	EQ		5	1963	1734	0	0	5	25
1971	10	13	EI	SU	1	1	EQ		7	1741	1956	‚ąí1	0	27	5
1972	02	16	EI	ES	1	1	EQ	EN	7	1748	1867	0	0	27	9
1972	05	20	SQ	EI	2	0	BC		20	1787	1728	+3	‚ąí4	20	30
1972	05	23	EN	EI	0	1	BC		-36	1995	1764	0	+5	3	24
1972	05	27	WA	EI	0	0	BC		1	1654	1763	0	‚ąí1	41	25
1972	10	18	BG	EI	3	0	WQ		23	1810	1740	+3	0	19	26
1973	02	14	CY	EI	1	0	WQ		35	1332	1705	+10	‚ąí3	108	29
1973	03	28	EI	PT	1	1	WQ	EN	11	1716	1908	+3	0	27	9
1973	05	08	EI	CY	3	0	WQ	EN	7	1723	1325	0	‚ąí2	28	110
1973	05	12	EN	EI	2	1	BC		4	2016	1719	0	0	3	27
1973	05	16	SQ	EI	1	2	BC		-32	1820	1751	‚ąí5	0	19	26
1973	05	19	EI	WA	1	0	BC	EN	16	1767	1659	+1	‚ąí4	25	39
1973	09	26	BG	EI	0	0	WQ	EN	-3	1811	1770	0	0	19	25
1973	11	14	PT	EI	1	1	WQ		-11	1868	1781	‚ąí1	+2	13	23
1974	05	11	SQ	EI	0	1	BC		-27	1779	1808	‚ąí5	+4	24	19
1974	05	15	EN	EI	1	0	BC		6	2000	1802	0	0	4	19
1974	05	18	WA	EI	1	0	BC		24	1652	1778	+4	‚ąí3	36	22
1974	09	04	NO	EI	2	1	EQ		32	1466	1746	+10	‚ąí5	74	25
1974	10	30	SE	EI	0	2	EQ		-48	1835	1794	‚ąí3	+5	17	20
1975	04	16	EI	YU	1	0	EQ		21	1815	1889	+2	‚ąí1	19	9
1975	05	17	EI	EN	0	0	BC		5	1820	1990	0	0	20	5
1975	05	20	SQ	EI	3	0	BC		19	1911	1801	+2	0	8	20
1975	05	23	EI	WA	1	0	BC		12	1813	1740	0	‚ąí2	20	27
1975	09	03	EI	SE	1	2	EQ		-25	1788	1857	‚ąí1	+3	20	15
1975	10	29	EI	NO	3	0	EQ		6	1794	1464	0	‚ąí2	20	76
1975	11	19	YU	EI	1	0	EQ		7	1964	1787	0	0	6	20
1976	03	03	IL	EI	1	1	F		-1	1723	1788	0	0	27	21
1976	05	08	SQ	EI	3	0	BC		15	1927	1773	+2	‚ąí3	8	24
1976	05	11	EN	EI	4	0	BC		10	2007	1763	0	‚ąí2	4	26
1976	05	14	WA	EI	1	0	BC		17	1737	1746	+1	‚ąí1	28	27
1976	10	13	NL	EI	2	2	WQ		-16	2030	1762	0	+1	3	24
1976	11	10	BE	EI	2	0	WQ		14	1876	1748	+3	‚ąí1	12	24
1977	04	27	WG	EI	5	0	F		2	2121	1746	0	0	1	25
1977	05	28	EI	EN	1	2	BC		-14	1732	1961	‚ąí2	0	27	6
1977	06	01	SQ	EI	3	0	BC		10	1949	1722	0	‚ąí1	6	28
1977	06	03	EI	WA	1	1	BC		0	1722	1819	0	0	28	19
1977	06	11	IS	EI	1	0	WQ		32	1404	1690	+6	‚ąí4	91	32
1977	09	21	EI	IS	2	0	WQ		6	1696	1400	0	‚ąí1	33	92
1977	10	12	EI	NL	0	1	WQ		-7	1689	2071	0	0	33	3
1977	11	16	EI	BE	3	0	WQ		41	1730	1804	+7	‚ąí2	27	19
1978	05	13	SQ	EI	1	1	BC		-16	1984	1746	0	0	4	26
1978	05	16	EN	EI	1	0	BC		6	1962	1740	0	0	6	26
1978	05	19	WA	EI	1	0	BC		12	1806	1728	+1	‚ąí1	20	27
1978	09	20	IE	EI	0	0	EQ		-5	1714	1733	0	+1	30	27
1978	10	25	EI	DK	2	1	EQ		10	1743	1639	+2	‚ąí1	25	41
1978	11	29	BG	EI	0	2	EQ		-39	1712	1782	‚ąí7	+4	31	21
1979	02	07	EN	EI	4	0	EQ		10	2011	1772	0	‚ąí1	5	23
1979	05	02	EI	BG	2	0	EQ		18	1790	1712	0	‚ąí3	23	30
1979	05	19	EI	EN	0	2	BC		-20	1770	2031	0	+3	23	3
1979	05	22	SQ	EI	1	0	BC		10	1863	1760	0	‚ąí1	15	24
1979	05	25	EI	WA	1	1	BC		-1	1759	1844	0	0	24	16
1979	06	06	DK	EI	4	0	EQ		41	1665	1718	+8	‚ąí5	37	29
1979	10	17	EI	EN	1	5	EQ		-17	1701	2048	‚ąí3	0	30	3
1979	11	21	EI	IE	1	0	EQ		17	1718	1723	+3	‚ąí1	28	26
1980	03	26	IL	EI	0	0	WQ		-6	1714	1724	‚ąí2	+2	29	26
1980	05	16	EI	SQ	1	0	BC		20	1744	1801	+2	‚ąí2	25	18
1980	05	20	EN	EI	1	1	BC		-16	2010	1760	0	+2	4	23
1980	05	23	WA	EI	0	1	BC		-30	1819	1790	‚ąí1	+3	17	20
1980	06	11	AU	EI	1	2	F		-10	1667	1800	‚ąí2	0	37	19
1980	06	15	AU	EI	1	1	F		1	1668	1799	0	0	37	19
1980	06	18	AU	EI	1	2	F		-9	1659	1808	‚ąí2	+1	40	18
1980	10	15	EI	SE	3	0	WQ		13	1821	1633	‚ąí1	‚ąí1	18	42
1980	11	19	PT	EI	1	0	WQ		15	1827	1806	+2	‚ąí1	17	19
1981	03	25	SQ	EI	1	1	WQ		-6	1808	1812	‚ąí2	+2	21	19
1981	04	29	EI	PT	1	0	WQ		16	1828	1819	+2	‚ąí4	18	21
1981	05	19	SQ	EI	2	0	BC		24	1827	1804	+5	‚ąí5	17	22
1981	06	03	SE	EI	1	0	WQ		25	1647	1779	+3	0	41	22
1981	10	14	EI	SQ	0	0	WQ		-1	1778	1870	+1	+2	21	14
1981	11	18	EI	IL	1	0	WQ		10	1788	1687	+1	‚ąí2	20	34
1982	02	23	EN	EI	4	0	BC		17	1915	1771	+3	‚ąí3	8	22
1982	03	24	FR	EI	4	0	F		8	1916	1763	+2	0	8	22
1982	04	28	EI	SQ	1	1	BC		-1	1762	1847	0	0	23	16
1982	05	27	WA	EI	3	0	BC		20	1838	1742	0	‚ąí5	17	28
1982	06	17	EI	YU	0	0	WC	ES	14	1756	1903	+3	‚ąí1	23	10
1982	06	21	HN	EI	1	1	WC	ES	11	1634	1745	+2	‚ąí1	41	24
1982	06	25	ES	EI	0	1	WC		-48	1844	1793	‚ąí6	+3	17	20
1982	07	01	AT	EI	2	2	WC	ES	-9	1890	1802	‚ąí1	+1	11	19
1982	07	04	FR	EI	4	1	WC	ES	37	1943	1765	+3	‚ąí2	6	21
1982	10	13	AT	EI	2	0	EQ		13	1906	1752	+1	‚ąí2	9	24
1982	11	17	EI	WG	1	0	EQ		30	1782	2012	+2	‚ąí2	22	4
1982	12	15	AL	EI	0	0	EQ		12	1440	1770	+1	0	85	22
1983	03	30	EI	TR	2	1	EQ		5	1775	1513	0	0	22	65
1983	04	27	EI	AL	1	0	EQ		3	1778	1434	+1	0	21	85
1983	05	24	SQ	EI	0	0	BC		-8	1814	1786	0	+1	17	20
1983	05	28	EI	EN	0	0	BC		7	1793	2012	0	0	20	3
1983	05	31	EI	WA	0	1	BC		-24	1769	1844	‚ąí3	+1	23	16
1983	09	21	EI	AT	3	1	EQ		34	1803	1880	+3	0	20	10
1983	10	12	TR	EI	1	0	EQ		30	1538	1773	+3	‚ąí3	64	23
1983	11	16	WG	EI	0	1	EQ		-35	1995	1808	‚ąí2	+2	3	23
1983	12	13	EI	SQ	2	0	BC		26	1834	1834	+5	‚ąí6	18	18
1984	04	04	EN	EI	1	0	BC		8	1994	1826	0	‚ąí1	3	20
1984	05	22	WA	EI	1	1	BC		-6	1833	1832	‚ąí1	0	19	20
1984	05	27	FI	EI	1	0	WQ		33	1482	1799	+6	‚ąí3	76	23
1984	09	12	EI	RO	3	2	WQ		14	1813	1777	+3	‚ąí2	18	24
1984	10	16	EI	IL	3	0	F		8	1821	1702	0	‚ąí1	18	34
1984	11	14	EI	FI	2	1	WQ		3	1824	1492	0	0	19	72
1985	02	27	EI	EN	0	1	WQ		-17	1807	1987	‚ąí2	+1	20	3
1985	03	27	ES	EI	0	0	F		-5	1886	1812	0	0	8	20
1985	05	01	EI	TR	2	0	WQ		6	1818	1518	0	‚ąí1	18	65
1985	09	11	TR	EI	0	0	WQ		10	1535	1808	+4	‚ąí3	62	23
1985	10	16	RO	EI	0	1	WQ		-25	1773	1833	‚ąí2	+3	26	18
1985	11	13	EN	EI	0	0	WQ		-11	1935	1844	0	0	3	18
1986	02	26	FR	EI	0	0	F		-6	1984	1850	0	0	1	16
1986	03	26	EI	DK	1	1	F		-1	1849	1932	0	0	16	4
1986	04	23	EI	MA	2	1	F		3	1852	1642	+1	‚ąí2	15	39
1986	05	23	EI	SQ	6	6	F	US	1	1853	1873	0	‚ąí1	14	12
1986	06	03	DZ	EI	1	1	WC	MX	18	1636	1835	+5	‚ąí5	40	18
1986	06	07	ES	EI	2	1	WC	MX	27	1900	1808	+3	‚ąí5	7	23
1986	06	12	BR	EI	3	0	WC	MX	32	1986	1776	+2	‚ąí6	3	26
1986	10	15	EN	EI	3	0	EQ		12	1965	1764	0	‚ąí1	6	25
1986	11	12	TR	EI	0	0	EQ		8	1519	1756	+1	‚ąí4	68	29
1987	02	18	IL	EI	1	1	F		1	1610	1755	0	‚ąí1	47	29
1987	04	01	EI	EN	0	2	EQ		-18	1737	2016	0	0	29	3
1987	04	29	EI	YU	1	2	EQ		-20	1717	1859	‚ąí3	+1	32	14
1987	10	14	YU	EI	3	0	EQ		15	1859	1702	+2	0	14	32
1987	11	11	EI	TR	1	0	EQ		7	1709	1540	0	‚ąí1	32	66
1988	02	17	GR	EI	3	2	F		8	1671	1701	+1	‚ąí1	36	32
1988	03	23	EI	PL	1	1	F		-1	1700	1769	0	0	32	25
1988	04	27	EI	FR	0	0	F		2	1702	1880	0	0	33	10
1988	05	21	EI	MT	3	0	WQ		7	1709	1418	0	‚ąí1	33	86
1988	09	14	EI	IE	0	0	WQ		3	1712	1854	+1	‚ąí1	33	12
1988	10	19	HU	EI	1	0	WQ		11	1783	1701	+2	‚ąí1	25	35
1988	12	21	ES	EI	4	0	WQ		12	1899	1689	+2	‚ąí1	7	36
1989	02	08	EI	ES	0	2	WQ		-20	1669	1925	‚ąí4	0	38	7
1989	04	26	MT	EI	0	2	WQ		-17	1396	1686	‚ąí4	+4	94	33
1989	05	26	EI	CL	0	1	F		-10	1676	1796	‚ąí1	+1	34	22
1989	09	06	EI	HU	1	2	WQ		-23	1653	1752	‚ąí6	+2	40	26
1989	10	11	IE	EI	3	0	WQ		10	1881	1643	+4	0	12	40
1990	03	27	EI	NO	2	3	F		-12	1631	1668	‚ąí3	+1	42	36
1990	05	18	EI	UY	1	0	RSC		22	1653	1878	+4	‚ąí4	38	15
1990	09	12	EI	YU	0	2	EQ		-17	1636	1938	‚ąí4	0	43	7
1990	10	17	EI	DK	1	1	EQ		9	1645	1899	+2	0	40	9
1990	11	14	AT	EI	0	0	EQ		-8	1676	1653	‚ąí1	+2	35	39
1991	02	05	EI	PL	3	1	F		17	1670	1778	+2	‚ąí2	36	22
1991	03	27	YU	EI	4	1	EQ		6	1980	1664	0	‚ąí1	4	37
1991	05	01	EI	FO	1	1	EQ		-18	1646	1275	‚ąí3	+4	40	122
1991	09	11	EI	FO	5	0	EQ	SE	9	1655	1273	+2	0	42	126
1991	10	16	EI	AT	2	1	EQ		14	1669	1629	+3	‚ąí2	38	47
1991	11	13	DK	EI	2	1	EQ		6	1884	1663	+1	‚ąí2	12	41
1992	02	19	SQ	EI	1	0	F		5	1760	1658	0	‚ąí1	27	42
1992	04	28	EI	LT	2	2	WQ		-18	1640	1284	‚ąí2	+4	44	129
1992	06	02	DE	EI	1	1	F		-9	2067	1649	0	+2	1	41
1992	09	09	EI	AL	3	0	WQ		11	1660	1443	+5	‚ąí3	37	90
1992	10	14	EI	ES	0	0	WQ		4	1664	1830	‚ąí1	+1	40	16
1992	11	18	EI	DK	0	1	WQ		-13	1651	1912	‚ąí3	+1	41	8
1993	02	17	AL	EI	1	2	WQ		-14	1429	1665	‚ąí2	+3	93	36
1993	03	31	IE	EI	3	0	WQ		9	1902	1656	+1	‚ąí2	10	37
1993	04	28	ES	EI	3	1	WQ		11	1831	1645	+1	‚ąí1	16	41
1993	05	25	LT	EI	0	1	WQ		-12	1381	1657	‚ąí4	+5	108	35
1993	06	02	LV	EI	1	2	WQ		-10	1361	1667	‚ąí4	+2	115	34
1993	09	08	EI	LV	2	0	WQ		6	1673	1367	+2	‚ąí2	33	111
1993	10	13	DK	EI	1	0	WQ		4	1948	1669	+1	0	4	34
1993	11	17	EI	IE	1	1	WQ		4	1673	1842	0	‚ąí1	35	18
1994	03	23	EI	RO	2	0	F		18	1691	1827	+1	‚ąí2	33	21
1994	04	20	EI	LI	4	1	EQ		1	1692	1110	0	0	34	170
1994	06	03	CO	EI	2	0	F	US	6	1937	1686	+1	0	5	34
1994	06	11	MX	EI	3	0	F	US	10	1855	1676	+1	‚ąí2	18	36
1994	09	07	EI	PT	1	2	EQ		-17	1659	1853	‚ąí4	+1	38	18
1994	10	12	AT	EI	1	2	EQ		-24	1609	1683	‚ąí12	+3	54	35
1994	11	16	EI	IE	0	4	EQ		-31	1652	1873	‚ąí5	+5	38	15
1995	03	29	IE	EI	1	1	EQ		-15	1866	1667	‚ąí4	+2	19	35
1995	04	26	LV	EI	0	1	EQ		-9	1336	1676	‚ąí1	0	122	35
1995	05	22	CA	EI	2	0	CAN		21	1614	1655	+5	‚ąí2	51	36
1995	05	25	CL	EI	2	1	CAN	CA	12	1733	1643	+1	‚ąí4	28	40
1995	06	07	EI	LV	1	2	EQ		-36	1607	1402	‚ąí13	+13	52	105
1995	09	03	PT	EI	1	1	EQ		-15	1846	1622	‚ąí3	+4	20	47
1995	10	11	LI	EI	0	4	EQ		-6	1096	1628	0	+3	172	44
1995	11	15	EI	AT	5	3	EQ		26	1654	1653	+8	‚ąí4	37	39
1996	03	27	EI	NO	0	2	F		-13	1641	1814	‚ąí2	+1	43	22
1996	04	24	EI	SE	1	2	F		-7	1634	1859	‚ąí3	+2	45	15
1996	05	29	EI	DE	1	1	F		7	1641	2049	0	0	42	2
1996	08	31	EI	UA	0	1	WQ		-27	1614	1635	‚ąí9	+12	50	41
1996	10	05	EI	AM	1	1	WQ		-16	1598	1326	‚ąí4	+2	54	124
1996	11	09	DE	EI	1	1	WQ		-19	2087	1617	0	+6	1	50
1996	12	14	EI	AL	2	0	WQ		10	1627	1427	+2	‚ąí2	46	95
1997	01	22	IT	EI	2	0	F		2	1977	1625	0	0	5	48
1997	02	11	EI	BE	3	0	F		19	1644	1737	+2	‚ąí3	46	28
1997	03	29	EI	PT	0	0	WQ		7	1651	1863	+1	0	44	14
1997	04	02	UA	EI	2	1	WQ		13	1682	1638	0	‚ąí3	38	47
1997	04	30	AM	EI	0	0	WQ		11	1338	1627	+4	‚ąí2	120	50
1997	05	21	TH	EI	0	0	F		3	1421	1624	+4	‚ąí1	97	52
1997	08	20	EI	DE	1	3	WQ		-7	1617	2079	‚ąí3	0	51	2
1997	09	10	AL	EI	1	0	WQ	CH	32	1413	1585	+9	‚ąí9	103	58
1997	10	11	PT	EI	1	0	WQ		4	1885	1581	0	0	11	58
1998	03	25	EI	SK	1	0	F		11	1592	1722	0	‚ąí3	58	35
1998	04	22	EI	CH	1	0	F		10	1602	1670	+1	‚ąí1	57	42
1998	06	03	ES	EI	4	1	F		2	2039	1600	0	0	3	57
1998	09	05	TR	EI	3	0	EQ		20	1682	1580	+4	‚ąí3	42	60
1998	10	10	EI	FI	1	0	EQ		13	1593	1539	0	‚ąí1	59	65
1998	11	18	EI	MD	2	2	EQ		-14	1579	1403	‚ąí2	+6	60	103
1999	03	27	EI	DE	0	3	EQ		-12	1567	1957	‚ąí1	0	61	6
1999	03	31	MD	EI	0	0	EQ		3	1410	1564	0	0	104	62
1999	04	27	EI	CA	1	1	F		-4	1560	1537	‚ąí1	+1	64	71
1999	05	29	IE	EI	0	1	F		-17	1754	1577	‚ąí4	+5	24	59
1999	08	18	EI	FR	0	1	F		-2	1575	2041	0	0	61	2
1999	09	04	EI	TR	0	3	EQ		-32	1543	1732	‚ąí5	+6	67	32
1999	09	08	DE	EI	4	0	EQ		6	1884	1537	0	‚ąí2	16	69
1999	10	09	FI	EI	4	1	EQ		24	1570	1513	+4	‚ąí3	62	72
2000	02	23	LU	EI	1	3	F		-6	1183	1519	‚ąí2	0	159	74
2000	03	28	MT	EI	0	3	F		-9	1235	1528	‚ąí3	+5	149	69
2000	04	26	EI	HU	0	1	F		-11	1517	1615	‚ąí1	+1	73	56
2000	08	16	EI	YU	1	2	F		-3	1514	1907	0	+1	74	9
2000	09	02	EI	MT	1	0	WQ		4	1518	1222	+1	‚ąí1	73	149
2000	10	07	EI	DK	1	1	WQ		9	1527	1777	0	0	73	22
2000	10	11	IS	EI	1	0	WQ		11	1599	1516	+2	‚ąí1	59	74
2001	02	28	EI	NO	0	4	F		-9	1507	1826	‚ąí1	0	74	16
2001	03	24	EI	CZ	0	1	WQ		-6	1501	1916	‚ąí1	0	75	8
2001	03	28	BG	EI	4	3	WQ		6	1713	1495	+2	‚ąí1	36	77
2001	06	02	EI	BG	0	1	WQ		-14	1481	1721	‚ąí4	+2	80	35
2001	06	06	CZ	EI	3	1	WQ		3	1881	1478	0	‚ąí1	11	82
2001	09	01	DK	EI	1	1	WQ		-17	1803	1495	‚ąí1	+5	21	79
2001	09	05	EI	IS	3	0	WQ		41	1536	1614	+13	‚ąí3	66	53
2001	10	06	MT	EI	0	1	WQ		-8	1192	1544	0	0	155	66
2002	02	13	PL	EI	4	1	F	CY	8	1760	1536	+1	‚ąí1	29	66
2002	03	27	LI	EI	0	0	F		8	1057	1528	+1	‚ąí4	182	70
2002	04	17	EI	ES	0	5	F		-5	1523	1963	‚ąí3	0	73	6
2002	08	21	EI	CY	0	0	F		-3	1520	1502	+1	+2	70	73
2002	10	12	ES	EI	3	0	EQ		2	2002	1518	0	0	3	69
2002	10	16	EI	UA	0	0	EQ		4	1522	1691	0	0	69	40
2003	02	12	EI	FI	0	1	F		-9	1513	1683	‚ąí1	+3	71	42
2003	03	29	AM	EI	1	0	EQ		20	1436	1493	+7	‚ąí7	99	79
2003	04	02	EI	GR	0	2	EQ		-22	1471	1713	‚ąí8	+2	87	38
2003	06	03	IT	EI	2	0	F		1	1906	1470	0	0	10	87
2003	06	11	EI	ES	0	0	EQ		16	1486	1948	+5	‚ąí2	79	6
2003	09	06	UA	EI	0	0	EQ		-14	1672	1500	‚ąí2	+4	45	77
2003	09	10	EI	AM	0	1	EQ		-29	1471	1451	‚ąí8	+10	85	91
2003	10	11	GR	EI	1	0	EQ		3	1789	1468	‚ąí1	‚ąí2	23	88
2004	02	18	EI	NO	1	4	F		-9	1459	1773	‚ąí3	+1	86	26
2004	03	31	EE	EI	0	1	F		-11	1388	1470	‚ąí5	+1	112	86
2004	04	28	EI	RM	1	1	F		4	1474	1720	+2	‚ąí1	84	34
2004	05	30	BB	EI	1	1	F		0	1381	1474	‚ąí1	0	113	85
2004	06	02	KN	EI	0	2	F		-14	1333	1488	‚ąí4	+5	126	79
2004	06	06	TT	EI	0	3	F		-20	1419	1508	‚ąí5	+4	101	76
2004	08	18	CH	EI	0	0	F		-7	1681	1515	‚ąí2	0	37	79
2004	09	04	EI	PL	0	3	WQ		-24	1491	1757	‚ąí3	+1	82	30
2004	09	08	WA	EI	2	2	WQ		-13	1649	1504	‚ąí3	+1	49	81
2004	10	09	AZ	EI	0	0	WQ		1	1388	1503	+3	0	107	81
2004	10	13	EI	AT	3	3	WQ		3	1506	1648	+1	0	80	49
2005	02	09	EI	CA	0	1	F		-11	1495	1573	‚ąí2	+1	83	68
2005	03	26	EN	EI	4	0	WQ		3	1976	1492	+1	0	3	82
2005	03	30	PL	EI	1	0	WQ		4	1786	1488	+1	‚ąí2	25	85
2005	06	04	EI	DE	1	4	F		-5	1483	1894	‚ąí2	0	87	13
2005	08	17	MT	EI	1	1	F		4	1238	1479	+1	‚ąí2	144	89
2005	09	03	EI	AZ	2	0	WQ		13	1492	1344	+3	‚ąí4	86	116
2005	09	07	EI	EN	1	0	WQ		36	1528	1941	+12	‚ąí3	74	6
2005	10	08	EI	WA	2	3	WQ		-23	1505	1598	‚ąí9	+2	82	60
2005	10	12	AT	EI	2	0	WQ		11	1668	1494	+1	‚ąí3	49	85
2005	11	15	EI	PT	1	1	F		7	1501	1910	0	0	84	9
2006	03	01	EI	EE	1	0	F		5	1506	1420	‚ąí1	0	79	100
2006	05	21	UY	EI	1	0	F	US	3	1820	1503	0	‚ąí2	21	80
2006	05	26	RO	EI	2	0	F	US	4	1846	1499	0	‚ąí2	15	81
2006	08	16	FI	EI	1	2	F		-16	1619	1515	‚ąí3	+3	55	80
2006	09	02	EI	IS	0	3	EQ		-46	1469	1549	‚ąí11	+10	91	72
2006	09	06	EI	ES	3	2	EQ		36	1505	1915	+7	‚ąí2	84	10
2006	10	07	DK	EI	0	0	EQ		-18	1899	1523	‚ąí1	+6	9	78
2006	10	11	EI	LV	1	0	EQ		13	1536	1487	+1	‚ąí2	76	89
2007	02	06	EI	WA	0	0	F		-2	1534	1579	0	+1	76	62
2007	03	24	LI	EI	1	4	EQ		-10	1104	1544	‚ąí2	+4	173	74
2007	03	28	EI	SE	2	1	EQ		30	1574	1794	+7	‚ąí3	66	20
2007	08	22	EI	LI	3	1	EQ		3	1577	1150	‚ąí1	0	64	168
2007	09	08	LV	EI	1	0	EQ		24	1427	1553	+6	‚ąí5	100	69
2007	09	12	IS	EI	2	1	EQ		18	1507	1535	+5	‚ąí3	79	73
2007	10	17	SE	EI	1	1	EQ		-16	1809	1551	0	+3	17	70
2007	11	17	EI	DK	2	1	EQ		30	1581	1818	+7	‚ąí2	63	16
2007	11	21	ES	EI	1	0	EQ		2	1964	1579	+1	+1	5	61
2008	02	06	EI	BG	0	1	F		-7	1572	1796	‚ąí2	+2	63	23
2008	03	26	EI	GE	4	1	F		10	1582	1506	+1	‚ąí6	62	86
2008	08	20	SQ	EI	0	0	F		-7	1746	1589	‚ąí1	0	33	60
2008	09	06	SK	EI	2	1	WQ		13	1622	1576	+1	‚ąí2	54	62
2008	09	10	EI	CZ	0	0	WQ		10	1586	1862	0	0	62	12
2008	10	11	SI	EI	2	0	WQ		22	1598	1564	+7	‚ąí5	58	67
2008	10	15	EI	SM	4	0	WQ		1	1565	922	0	‚ąí1	67	196
2008	11	19	EI	HU	0	2	F		-18	1547	1621	‚ąí4	+3	70	54
2009	02	11	SM	EI	0	3	WQ		-3	918	1550	0	+1	197	71
2009	03	28	EI	PL	3	2	WQ		26	1576	1729	+7	‚ąí5	64	35
2009	04	01	EI	SI	1	0	WQ		15	1591	1564	+2	‚ąí7	61	69
2009	06	06	IT	EI	3	0	F		2	1990	1589	0	0	5	61
2009	08	12	EI	IL	1	1	F		1	1590	1732	+1	‚ąí2	61	38
2009	09	05	PL	EI	1	1	WQ		-12	1715	1602	0	0	39	61
2009	09	09	EI	SK	0	2	WQ		-35	1567	1676	‚ąí5	+6	66	45
2009	10	14	CZ	EI	0	0	WQ		-15	1798	1582	0	0	20	65
2009	11	14	EI	RS	0	1	F		-6	1576	1824	‚ąí1	0	64	15
2010	03	03	AL	EI	1	0	F		9	1506	1567	+1	‚ąí3	88	68
2010	05	26	TR	EI	2	0	F	US	6	1808	1561	0	‚ąí3	17	71
2010	05	30	CL	EI	1	0	F		2	1876	1559	+1	0	10	72
2010	08	11	ME	EI	2	0	F		8	1637	1551	+2	‚ąí5	50	77
2010	09	03	SI	EI	0	1	EQ		-33	1680	1584	‚ąí6	+12	44	65
2010	10	08	EI	IT	0	0	EQ		9	1593	1835	+1	‚ąí1	63	13
2010	10	12	FO	EI	1	1	EQ		14	1210	1579	+3	‚ąí2	153	66
2010	11	17	EI	MA	1	1	F		-3	1576	1569	‚ąí1	+2	65	69
2011	02	09	SQ	EI	3	0	NTC	IE	20	1677	1556	+3	‚ąí7	43	72
2011	03	25	RS	EI	2	1	EQ		6	1763	1550	+1	‚ąí1	25	73
2011	03	29	EI	SI	0	0	EQ		2	1552	1680	+1	‚ąí1	71	42
2011	05	24	IE	EI	5	0	NTC		9	1752	1543	+3	‚ąí4	28	75
2011	05	27	WA	EI	2	0	NTC	IE	24	1543	1519	+10	‚ąí10	75	85
2011	08	10	EI	FO	4	0	EQ		7	1526	1226	+2	‚ąí1	81	149
2011	09	02	EI	RS	0	1	EQ		-13	1513	1759	‚ąí2	+4	83	28
2011	09	06	EE	EI	4	1	EQ		28	1512	1485	+9	‚ąí9	83	93
2011	10	07	EI	EE	1	2	EQ		-24	1461	1536	‚ąí3	+8	96	75
2011	10	11	IT	EI	3	0	EQ		3	1882	1458	‚ąí1	0	10	98
2012	02	29	EI	NO	0	3	F		-8	1450	1767	‚ąí1	+1	98	28
2012	06	02	NL	EI	6	0	F		1	2060	1449	0	0	3	96
2012	08	15	EI	FI	3	3	F		2	1451	1623	+1	+1	97	54
2012	09	07	RU	EI	2	0	WQ		3	1845	1448	0	0	15	97
2012	09	11	EI	LU	1	1	WQ		-16	1432	1162	‚ąí6	+4	103	164
2012	10	16	PT	EI	1	1	WQ		-19	1911	1451	‚ąí2	+7	9	96
2012	11	14	EI	AZ	1	1	WQ		-8	1443	1409	‚ąí2	+1	98	107
2013	02	06	MT	EI	0	0	F		3	1243	1440	+1	‚ąí3	145	102
2013	03	26	EI	IL	0	2	WQ		-22	1418	1656	‚ąí6	+1	106	48
2013	08	14	EI	RU	1	0	WQ		36	1454	1842	+8	‚ąí7	97	17
2013	09	06	EI	PT	2	4	WQ		-7	1447	1918	‚ąí1	0	98	9
2013	09	10	LU	EI	3	2	WQ		28	1218	1419	+9	‚ąí6	153	104
2013	10	11	AZ	EI	2	0	WQ		22	1440	1397	+4	‚ąí3	101	107
2013	10	15	IL	EI	1	1	WQ		-16	1640	1413	‚ąí5	‚ąí1	53	108
2013	11	15	TR	EI	1	0	F		2	1708	1411	‚ąí1	0	37	108
2014	03	05	CY	EI	0	0	F		-2	1386	1413	‚ąí1	‚ąí1	112	110
2014	05	30	UY	EI	1	0	F		1	1915	1412	0	0	10	110
2014	06	04	CL	EI	2	0	F		1	1920	1411	0	0	8	110
2014	09	07	HU	EI	1	2	EQ		-36	1638	1447	‚ąí8	+8	50	101
2014	10	11	EI	FO	2	0	EQ		7	1454	1190	‚ąí1	‚ąí1	98	159
2014	10	14	GR	EI	0	2	EQ		-55	1728	1509	‚ąí6	+15	29	83
2014	11	14	RO	EI	2	0	EQ		7	1776	1502	0	0	24	85
2015	03	25	SQ	EI	1	0	F		3	1725	1499	+1	+1	36	83
2015	03	29	EI	FI	2	1	EQ		22	1521	1609	+5	‚ąí3	76	58
2015	05	31	EI	QA	1	1	F	EN	1	1522	1547	0	0	76	68
2015	06	04	IE	EI	0	0	F		-7	1719	1529	‚ąí3	+1	36	75
2015	06	13	EI	RO	0	0	EQ		9	1538	1778	+3	‚ąí1	70	23
2015	09	04	FO	EI	1	3	EQ		-16	1243	1554	‚ąí4	+5	144	68
2015	09	07	EI	HU	1	1	EQ		1	1555	1679	0	0	67	45
2015	10	08	EI	GR	3	1	EQ		28	1583	1601	+5	‚ąí7	63	61
2015	10	11	FI	EI	1	1	EQ		-7	1602	1590	‚ąí3	0	60	63
2015	11	13	EI	LV	1	0	F		4	1594	1450	+1	0	61	97
2016	03	24	WA	EI	1	1	F		-5	1667	1599	‚ąí1	0	43	59
2016	03	28	EI	SI	1	0	F		8	1607	1614	+3	‚ąí2	57	55
2016	05	27	EI	BY	3	0	F		11	1618	1567	+5	‚ąí5	53	68
2016	06	04	SK	EI	0	0	F		-6	1765	1624	‚ąí2	+1	27	52
2016	06	12	PL	EI	1	0	EC	FR	15	1780	1609	+2	‚ąí3	24	56
2016	06	16	EI	UA	2	0	EC	FR	58	1667	1760	+9	‚ąí8	47	26
2016	06	21	DE	EI	1	0	EC	FR	5	2041	1662	0	0	2	47
2016	06	25	WA	EI	1	0	EC	FR	20	1750	1642	+5	‚ąí2	28	49
2016	09	04	CZ	EI	0	0	WQ		-10	1712	1652	‚ąí4	0	40	49
2016	10	08	EI	SM	4	0	WQ		0	1652	879	0	0	49	202
2016	10	11	DE	EI	2	0	WQ		4	2037	1648	‚ąí1	‚ąí1	3	50
2016	11	11	EI	AZ	4	0	WQ		11	1659	1424	+2	‚ąí2	48	101
2016	11	15	EI	HR	0	3	F		-12	1647	1886	‚ąí3	0	52	15
2017	03	26	EI	NO	2	0	WQ		16	1663	1560	+1	‚ąí6	50	71
2017	06	02	EI	NZ	1	0	F		5	1668	1560	+1	‚ąí1	50	68
2017	06	10	AZ	EI	0	1	WQ		-13	1423	1681	‚ąí1	+5	101	45
2017	09	01	SM	EI	0	3	WQ		-1	857	1682	0	‚ąí1	205	44
2017	09	04	EI	CZ	2	0	WQ		22	1704	1669	+7	‚ąí6	37	46
2017	10	05	EI	DE	1	3	WQ		-9	1695	2115	‚ąí1	+1	40	1
2017	10	08	NO	EI	1	0	WQ		21	1600	1674	+7	‚ąí3	61	45
2017	11	09	EI	CH	0	1	WQ		-15	1659	1880	‚ąí2	+1	47	13
2017	11	12	CH	EI	0	0	WQ		-15	1865	1674	‚ąí2	+2	14	46
2018	03	24	EI	KR	2	1	F		10	1684	1749	0	‚ąí3	47	28
2018	05	29	PA	EI	0	0	F		-2	1665	1686	0	0	48	45
2018	06	03	CR	EI	3	0	F		10	1753	1676	+4	‚ąí1	27	45
2018	09	08	EI	BA	1	2	ENB		-22	1654	1766	‚ąí3	+6	49	26
2018	09	11	EI	IL	3	0	F		7	1661	1505	+2	‚ąí1	48	80
2018	10	12	AT	EI	1	0	ENB		10	1754	1651	+4	‚ąí2	29	50
2018	10	15	BA	EI	2	0	ENB		13	1795	1638	+1	‚ąí1	22	51
2018	11	15	IE	EI	0	0	F		-4	1690	1642	‚ąí1	‚ąí1	43	52
2018	11	18	EI	AT	1	2	ENB		-20	1622	1765	+1	+5	50	27
2019	03	21	EI	EE	2	0	EQ		12	1634	1475	+1	‚ąí2	50	87
2019	03	24	EI	BY	2	1	EQ		10	1644	1525	+1	‚ąí5	49	77
2019	06	08	EE	EI	1	2	EQ		-16	1462	1660	‚ąí2	0	90	49
2019	06	11	BY	EI	0	1	EQ		-18	1499	1678	‚ąí4	+3	82	46
2019	09	05	EI	LU	1	0	F		2	1680	1354	‚ąí1	‚ąí1	48	119
2019	09	09	EI	DE	0	2	EQ		-18	1662	1950	‚ąí3	+2	49	9
2019	10	10	NL	EI	3	1	EQ		4	2024	1658	0	‚ąí1	5	49
2019	10	14	CZ	EI	2	3	F		-15	1754	1673	‚ąí4	0	32	46
2019	11	16	EI	NL	0	0	EQ		12	1685	2015	+1	‚ąí1	44	5
2019	11	19	DE	EI	6	1	EQ		8	1964	1677	0	‚ąí1	11	45
2020	09	04	RO	EI	1	1	ENB		-7	1694	1684	‚ąí1	0	43	45
2020	09	07	EI	NO	1	5	ENB		-47	1637	1744	‚ąí6	+11	50	29
2020	10	08	BA	EI	1	1	EQ		-8	1670	1645	‚ąí1	‚ąí1	44	51
2020	10	11	EI	AT	0	1	ENB		-20	1625	1762	‚ąí2	+5	52	27
2020	10	14	NO	EI	1	0	ENB		9	1755	1616	+5	‚ąí6	31	58
2020	11	12	EI	SK	1	2	EQ		-24	1592	1665	‚ąí2	+4	59	45
2020	11	15	AT	EI	2	1	ENB		6	1794	1586	+1	‚ąí2	23	61
2020	11	18	EI	RO	1	1	ENB		-1	1585	1666	0	+3	62	43
2021	03	25	IT	EI	2	0	WQ		3	2000	1582	0	0	6	62
2021	03	28	EI	US	1	2	F		-8	1574	1765	‚ąí2	+4	62	30
2021	03	31	EI	BG	0	0	WQ		-10	1564	1498	‚ąí3	+4	66	78
2021	05	30	EI	MT	3	0	F	AT	4	1568	1222	+1	‚ąí2	66	154
2021	06	03	UA	EI	1	0	F		2	1813	1566	0	‚ąí1	21	67
2021	09	02	LT	EI	1	4	WQ		-21	1298	1587	‚ąí5	+3	134	63
2021	09	05	EE	EI	0	1	F		-8	1394	1595	‚ąí1	+2	102	61
2021	09	08	EI	CH	0	0	WQ		11	1606	1908	+2	‚ąí1	58	14
2021	10	09	CH	EI	2	0	WQ		5	1913	1601	0	‚ąí2	14	60
2021	10	12	BG	EI	2	1	WQ		21	1513	1580	+3	‚ąí2	79	64
2021	11	12	EI	LT	1	0	WQ		5	1585	1325	+1	‚ąí1	64	124
2021	11	15	EI	IT	0	0	WQ		16	1601	2030	+3	‚ąí2	62	7
2022	03	25	LU	EI	1	3	F		-11	1396	1612	‚ąí2	+2	102	59
2022	03	29	EI	HU	0	1	F		-10	1602	1727	‚ąí2	+2	61	36
2022	06	02	EI	GR	0	1	ENC		-22	1580	1693	‚ąí2	+7	64	42
2022	06	05	CY	EI	0	0	ENC		9	1320	1571	+3	‚ąí1	126	65
2022	06	09	KO	EI	3	2	ENC		18	1526	1553	+1	‚ąí3	77	69
2022	06	12	EI	CY	2	2	ENC		-15	1538	1331	‚ąí3	+7	72	120
2022	09	24	EI	KO	2	1	ENC		13	1551	1503	+2	‚ąí1	72	79
2022	09	27	GR	EI	3	1	ENC		12	1701	1539	+1	‚ąí4	41	74
2023	03	23	SM	EI	0	2	EQ		-1	782	1540	0	+1	210	70
2023	03	26	EI	FI	0	1	EQ		-19	1521	1672	‚ąí5	+3	77	48
2023	06	16	DK	EI	1	0	EQ		3	1857	1518	0	0	17	77
2023	06	19	EI	KZ	0	1	EQ		-30	1488	1449	‚ąí6	+9	83	91
2023	09	07	SI	EI	4	2	EQ		10	1672	1478	0	‚ąí2	47	88
2023	09	10	KZ	EI	1	0	EQ		17	1454	1461	+4	‚ąí2	90	89
2023	10	14	EI	SM	3	0	EQ		1	1462	778	+1	0	89	212
2023	10	17	EI	SI	0	1	EQ		-12	1450	1712	‚ąí2	+5	90	41
2023	11	17	FI	EI	4	0	EQ		13	1641	1437	+4	‚ąí4	50	95
2023	11	20	EI	DK	2	0	EQ		53	1490	1825	+14	‚ąí5	83	20
2024	03	22	RO	EI	1	1	F		-7	1667	1497	‚ąí2	+2	47	83
2024	03	26	SQ	EI	0	1	F		-18	1775	1515	‚ąí2	+6	26	76
2024	06	08	ES	EI	5	1	F		1	2021	1514	0	0	4	77
2024	06	11	EI	AD	2	0	F	ES	3	1517	1110	0	0	77	171
2024	09	05	EI	LU	2	0	ENC		21	1538	1490	+2	‚ąí6	76	85
2024	09	08	BG	EI	1	0	ENC		17	1502	1521	+4	‚ąí5	82	79
2024	10	12	BY	EI	0	0	ENC	HU	3	1467	1518	0	‚ąí3	88	79
2024	10	15	EI	BG	5	0	ENC		26	1544	1468	+7	‚ąí4	73	88
2024	11	15	EI	BY	2	0	ENC		16	1560	1451	+1	0	72	88
2024	11	18	LU	EI	2	2	ENC		1	1445	1559	+1	+1	89	72
2025	03	21	EI	CH	1	1	F		4	1563	1809	+1	0	68	21
2025	03	25	SE	EI	5	1	F		7	1736	1556	+1	‚ąí2	36	70
2025	06	07	DK	EI	2	1	F		2	1864	1554	0	‚ąí1	14	72
2025	06	10	EI	IS	1	0	F		7	1561	1550	+3	‚ąí2	69	72
2025	09	04	LU	EI	1	3	WQ		-29	1426	1590	‚ąí6	+6	95	63
2025	09	07	DE	EI	3	1	WQ		6	1877	1584	0	0	14	65
2025	10	10	EI	SK	2	0	WQ		33	1617	1684	+5	‚ąí9	59	49
2025	10	13	EI	DE	0	1	WQ		-11	1606	1891	‚ąí1	0	60	15
2025	11	14	SK	EI	1	0	WQ		10	1700	1596	+2	0	44	63
2025	11	17	EI	LU	1	0	WQ		6	1602	1395	0	‚ąí1	63	106
2026	03	26	IT	EI	2	0	WQ		7	1866	1595	0	0	19	63
2026	03	31	WA	EI	1	1	F		-5	1698	1600	‚ąí1	‚ąí1	46	64
2026	06	04	EI	GN	1	0	F	ES	6	1606	1463	0	‚ąí1	64	86
2026	06	08	FR	EI	3	1	F		1	2063	1605	0	0	3	64