1956	10	07	CN	KP	0	1	FT		-13	1531	1713	−4	−	61	22
1956	10	10	KP	NV	3	0	FT	CN	4	1717	1290	0	−2	22	109
1959	10	22	KP	NV	5	0	FT		2	1719	1245	0	0	29	118
1959	10	25	KP	CN	1	0	FT		4	1723	1511	+3	−1	26	62
1960	10	04	CN	KP	1	0	FT	NV	23	1542	1700	+7	−4	56	31
1960	10	08	NV	KP	1	3	FT		-5	1232	1705	0	+3	122	28
1960	10	10	KP	MN	10	1	FT	NV	1	1706	895	+1	0	27	147
1963	11	14	KP	SO	14	0	GNF	ID	5	1711	1195	+2	−	27	132
1963	11	18	ID	KP	1	5	GNF		-17	1454	1728	−3	+2	80	25
1963	11	20	KP	NV	2	0	GNF	ID	2	1730	1233	0	−2	25	127
1963	11	22	EG	KP	1	1	GNF	ID	1	1708	1729	+1	0	28	25
1964	03	22	BU	KP	0	0	OQ		16	1261	1713	+2	0	119	28
1964	04	02	KP	BU	1	0	OQ		2	1715	1259	0	0	28	119
1964	05	31	KP	TH	2	0	OQ	BU	3	1718	1220	+2	−1	25	127
1964	06	28	KP	TH	5	0	OQ	BU	4	1722	1216	0	0	25	127
1965	08	02	KP	NV	1	0	GNF		1	1723	1232	0	0	27	126
1965	08	04	KP	CN	3	0	GNF		10	1733	1568	+1	0	26	54
1965	08	06	KP	GN	3	0	GNF		12	1745	1611	+2	−6	24	48
1965	08	08	KP	ID	3	0	GNF		4	1749	1419	+1	0	23	85
1965	08	09	KP	KH	4	0	GNF		1	1750	1051	0	0	23	148
1965	11	21	KP	AU	6	1	WQ	KH	17	1767	1507	+2	−4	24	66
1965	11	24	KP	AU	3	1	WQ	KH	11	1778	1496	+2	−3	22	69
1965	11	28	KH	KP	0	3	F		-1	1058	1779	0	+1	149	21
1966	07	12	SU	KP	3	0	WC	EN	23	2025	1756	0	−2	2	22
1966	07	15	CL	KP	1	1	WC	EN	2	1733	1754	0	0	28	22
1966	07	19	KP	IT	1	0	WC	EN	46	1800	1920	+5	−1	16	7
1966	07	23	PT	KP	5	3	WC	EN	24	2003	1776	+1	−3	4	19
1966	11	26	KH	KP	0	2	GNF		-1	1057	1777	0	0	153	21
1966	11	29	KP	PS	5	1	GNF	KH	2	1779	1210	0	−1	21	134
1966	11	30	KP	NY	14	0	GNF	KH	0	1779	855	0	0	21	167
1966	12	03	KP	CN	2	1	GNF	KH	9	1788	1613	+4	−3	17	44
1966	12	06	KP	NV	3	1	GNF	KH	2	1790	1275	0	0	17	122
1969	12	05	DZ	KP	1	3	F		-13	1626	1803	−3	+1	43	17
1970	01	18	CU	KP	0	0	F		9	1262	1794	+1	0	123	17
1970	02	08	CU	KP	1	0	F		18	1280	1776	+6	−5	117	22
1971	05	28	SY	KP	0	0	OQ		13	1426	1763	+5	0	87	21
1971	06	01	KP	SY	1	0	OQ		3	1766	1423	0	0	21	87
1971	11	12	IQ	KP	1	0	OQ		26	1583	1740	+5	−5	53	27
1971	11	28	KP	IQ	3	0	OQ		13	1753	1574	+2	−4	25	56
1972	05	03	KP	IR	0	0	OQ		-11	1742	1641	−2	+1	27	41
1972	05	26	IR	KP	0	0	OQ		-4	1709	1746	−1	0	33	27
1972	06	03	IR	KP	2	0	OQ	PK	33	1742	1713	+5	−4	27	31
1973	05	04	IR	KP	0	0	WQ		2	1582	1711	+1	0	52	29
1973	05	06	KP	SY	1	1	WQ	IR	-14	1697	1434	−3	+5	32	79
1973	05	08	KW	KP	0	0	WQ	IR	15	1380	1682	+3	−3	98	35
1973	05	11	IR	KP	2	1	WQ		19	1615	1663	+5	−4	45	39
1973	05	13	KP	SY	3	0	WQ	IR	16	1679	1436	+5	−7	34	79
1973	05	15	KW	KP	2	0	WQ	IR	52	1399	1627	+11	−8	93	42
1973	07	25	NO	KP	3	0	F		22	1467	1605	+5	−5	70	46
1974	05	25	BG	KP	6	1	F		5	1830	1600	+2	0	16	46
1974	09	02	KP	CN	2	0	ASG	IR	34	1634	1617	+7	−7	38	43
1974	09	04	IQ	KP	1	0	ASG	IR	25	1579	1609	+4	−6	50	45
1974	09	06	KP	IN	4	1	ASG	IR	12	1621	1321	+6	−2	40	112
1974	09	10	KP	KW	2	0	ASG	IR	22	1643	1510	+3	−6	38	66
1974	09	14	BU	KP	2	2	ASG	IR	6	1543	1637	+1	0	58	39
1974	09	15	MY	KP	2	1	ASG	IR	28	1508	1609	+2	−5	68	44
1975	06	15	CN	KP	1	0	SQ	HK	21	1610	1588	+4	−3	43	47
1975	06	17	KP	JP	1	0	SQ	HK	14	1602	1458	+1	−2	46	77
1975	06	19	KP	SG	1	0	SQ	HK	3	1605	1136	0	−1	45	142
1975	06	24	HK	KP	3	3	SQ		8	1369	1597	+2	0	102	45
1975	06	26	KP	CN	2	0	SQ	HK	33	1630	1601	+5	−6	41	46
1976	02	18	KP	MY	2	0	OQ	ID	14	1644	1402	+4	−7	40	94
1976	02	20	ID	KP	1	2	OQ		-11	1355	1655	−2	0	105	40
1976	02	22	KP	PG	4	0	OQ	ID	2	1657	1023	+1	0	39	157
1976	02	24	KP	SG	2	0	OQ	ID	4	1661	1189	+1	0	38	137
1976	02	26	ID	KP	0	0	OQ		10	1383	1651	+3	−2	99	40
1976	05	05	BG	KP	3	0	F		7	1788	1644	+3	−1	20	41
1976	05	09	KP	MY	5	0	F		5	1649	1395	+1	0	41	94
1976	07	23	SU	KP	3	0	OG	CA	24	1886	1625	0	−2	13	45
1976	07	25	PL	KP	5	0	OG	CA	17	1951	1608	+2	−4	6	49
1978	02	27	IQ	KP	1	0	F		8	1594	1600	+1	0	48	47
1978	12	13	KP	BU	3	0	ASG	TH	19	1619	1409	+4	−6	45	91
1978	12	15	TH	KP	0	3	ASG		-20	1342	1639	−10	+4	106	41
1978	12	17	KP	IQ	1	0	ASG	TH	19	1658	1603	+1	−2	40	47
1978	12	18	KP	IN	3	1	ASG	TH	5	1663	1236	+2	0	38	126
1978	12	19	KW	KP	2	2	ASG	TH	1	1640	1662	0	0	42	38
1978	12	20	KP	KR	0	0	ASG	TH	9	1671	1819	+1	−1	37	17
1979	05	02	KP	HK	3	0	SQ	TH	10	1681	1351	+2	−5	33	105
1979	05	07	KP	ID	3	1	SQ	TH	5	1686	1256	0	−4	33	123
1979	05	09	MY	KP	1	1	SQ	TH	12	1468	1674	+1	−3	75	36
1979	05	12	TH	KP	0	1	SQ		-10	1374	1684	−1	+3	96	33
1979	05	14	KP	MY	1	0	SQ	TH	9	1693	1453	+1	−2	32	77
1979	08	23	KP	JP	0	0	F		-7	1686	1468	−1	+2	33	78
1980	02	25	IR	KP	0	0	OQ	SG	-3	1738	1689	0	0	24	34
1980	02	28	KP	LK	7	0	OQ	SG	1	1690	922	0	0	34	169
1980	03	02	CN	KP	1	1	OQ	SG	2	1650	1688	0	0	44	34
1980	03	04	SG	KP	3	1	OQ		54	1250	1634	+14	−11	122	45
1980	03	10	KP	IN	2	1	OQ	SG	3	1637	1212	0	−1	44	131
1980	09	16	KP	BD	3	2	AC	KW	1	1638	970	0	0	43	165
1980	09	18	KP	CN	2	1	AC	KW	23	1661	1592	+3	−2	40	50
1980	09	24	IR	KP	3	2	AC	KW	21	1743	1640	+1	−4	26	43
1980	09	26	KP	SY	2	1	AC	KW	8	1648	1353	+2	−2	41	101
1980	09	28	KR	KP	2	1	AC	KW	15	1816	1633	+2	−2	17	43
1980	09	29	IR	KP	3	0	AC	KW	33	1752	1600	+1	−6	26	49
1980	12	22	KP	MO	3	0	WQ	HK	3	1603	1056	0	−1	45	155
1980	12	26	KP	SG	1	0	WQ	HK	5	1608	1279	0	0	45	117
1980	12	28	HK	KP	2	2	WQ		9	1355	1599	+1	0	100	45
1980	12	30	KP	JP	1	0	WQ	HK	15	1614	1492	+1	−2	44	71
1981	00	00	KP	IN	2	0	FT		2	1616	1210	0	−1	44	134
1981	01	04	CN	KP	4	2	WQ	HK	32	1621	1584	+3	−4	44	48
1982	03	06	IR	KP	2	0	F		5	1757	1579	+1	−1	26	53
1982	11	20	KP	SY	1	1	ASG	IN	-14	1565	1280	−3	+7	56	115
1982	11	22	KP	TH	3	0	ASG	IN	14	1579	1304	+3	−5	53	109
1982	11	24	KP	SA	2	2	ASG	IN	-9	1570	1414	−2	+1	55	87
1982	11	27	KP	CN	1	0	ASG	IN	22	1592	1576	+6	−6	49	54
1982	11	30	KW	KP	3	2	ASG	IN	14	1711	1578	+3	−4	32	53
1985	01	19	SG	KP	1	1	WQ		12	1255	1566	+2	−4	123	57
1985	02	05	IR	KP	1	0	F		5	1670	1561	+2	−2	34	59
1985	03	21	JP	KP	1	0	WQ		20	1482	1541	+6	−2	76	60
1985	04	30	KP	JP	0	0	WQ		-9	1532	1491	−1	+4	62	72
1985	05	25	KP	SG	2	0	WQ		5	1537	1218	+2	−2	60	133
1985	07	12	SY	KP	2	2	F		2	1369	1535	+1	0	93	62
1986	04	30	BG	KP	3	0	F		3	1826	1532	0	−1	20	65
1986	08	24	CN	KP	0	0	MRL	SG	-3	1589	1535	−3	+1	52	64
1986	08	27	CA	KP	0	0	MRL	SG	-3	1611	1538	0	0	45	64
1986	08	30	SG	KP	0	2	MRL		-10	1220	1548	−4	+2	132	62
1986	09	04	KP	CA	2	0	MRL	SG	26	1574	1569	+7	−8	55	57
1986	09	06	CN	KP	2	1	MRL	SG	13	1631	1561	+3	−3	42	58
1986	10	07	PL	KP	2	2	F		-7	1755	1568	0	+1	27	58
1988	05	08	CN	KP	0	0	F		-4	1600	1572	−1	+1	51	57
1988	05	26	SY	KP	2	1	SQ	NP	28	1451	1544	+5	−6	80	61
1988	05	28	NP	KP	0	1	SQ		-2	924	1546	0	0	175	61
1988	05	31	KP	HK	1	0	SQ	NP	9	1555	1318	+2	−2	59	103
1988	06	02	IR	KP	0	0	SQ	NP	-6	1658	1561	−1	0	39	59
1989	01	27	IN	KP	1	2	NGC		-5	1119	1566	0	+1	151	57
1989	05	21	ID	KP	0	0	WQ		13	1222	1553	+4	−4	130	58
1989	05	27	HK	KP	1	2	WQ		-11	1283	1564	−4	+3	114	55
1989	06	04	JP	KP	2	1	WQ		24	1421	1540	+6	−8	87	63
1989	06	25	KP	JP	2	0	WQ		13	1553	1408	+2	−5	58	91
1989	07	02	KP	HK	4	1	WQ		7	1560	1263	+1	−2	57	119
1989	07	09	KP	ID	2	1	WQ		3	1563	1237	+1	−1	56	127
1989	10	12	KP	AE	0	0	WQ	SG	-5	1558	1486	−2	+2	60	68
1989	10	16	KR	KP	1	0	WQ	SG	12	1725	1546	+1	−1	30	61
1989	10	20	KP	QA	2	0	WQ	SG	25	1571	1457	+10	−4	51	75
1989	10	24	CN	KP	1	0	WQ	SG	21	1581	1550	+6	−10	51	61
1989	10	28	SA	KP	2	0	WQ	SG	31	1573	1519	+12	−5	51	65
1990	07	27	CN	KP	2	0	DNS		14	1564	1505	+4	−1	56	67
1990	07	29	KR	KP	1	0	DNS	CN	8	1691	1497	+1	0	34	67
1990	07	31	KP	JP	1	0	DNS	CN	11	1508	1384	0	−1	67	94
1990	08	18	KP	CU	0	0	FT		-5	1503	1489	0	0	67	68
1990	09	26	MY	KP	0	0	ASG	CN	11	1288	1492	+3	0	116	67
1990	09	28	IR	KP	2	1	ASG	CN	15	1595	1477	+1	−4	50	71
1990	10	01	KP	SA	0	0	ASG	CN	6	1483	1587	+1	0	70	51
1990	10	03	KP	TH	1	0	ASG	CN	12	1495	1324	+5	0	65	107
1990	10	06	IR	KP	0	0	ASG	CN	-8	1624	1503	−1	+1	46	64
1990	10	11	KP	KR	2	1	F		14	1517	1717	0	−2	64	30
1990	10	23	KR	KP	1	0	F		3	1720	1514	+1	0	31	66
1991	10	19	US	KP	1	2	F		-17	1703	1531	−2	+1	33	65
1992	06	00	KP	KZ	3	1	FT		20	1551	1575	+5	−6	63	61
1992	06	03	KP	TW	6	0	SQ		4	1555	1128	+1	−1	62	163
1992	06	05	KP	MO	2	0	SQ		2	1557	1040	0	−1	62	177
1992	06	07	KP	HK	0	0	SQ		-17	1540	1252	−4	+3	66	139
1992	08	22	CN	KP	2	2	DNS		-2	1496	1542	+1	0	75	68
1992	08	24	KP	KR	1	1	DNS	CN	5	1547	1667	+1	0	67	39
1992	08	26	JP	KP	4	1	DNS	CN	36	1449	1511	+9	−6	90	73
1992	08	29	CN	KP	0	0	DNS		-1	1444	1512	0	0	91	73
1992	10	30	IR	KP	2	0	AC	JP	24	1665	1488	+8	−7	37	80
1992	11	01	JP	KP	1	1	AC		-5	1448	1493	−5	+2	93	78
1992	11	03	AE	KP	2	1	AC	JP	24	1525	1469	+2	−5	72	83
1993	01	31	KP	FI	3	2	NGC	IN	25	1494	1524	+4	−9	82	74
1993	04	09	KP	VN	3	0	WQ	QA	9	1503	1146	+1	0	80	165
1993	04	11	KP	SG	2	1	WQ	QA	8	1511	1246	+4	−3	76	145
1993	04	13	KP	ID	4	0	WQ	QA	14	1525	1237	+2	−3	74	145
1993	04	18	QA	KP	1	2	WQ		-24	1471	1549	−5	+8	87	66
1993	04	24	KP	VN	1	0	WQ	SG	4	1553	1148	0	−1	66	166
1993	04	26	SG	KP	1	3	WQ		-16	1254	1569	−5	+2	140	64
1993	04	28	KP	ID	2	1	WQ	SG	4	1573	1169	+1	0	63	160
1993	05	02	KP	QA	2	2	WQ	SG	-6	1567	1471	−2	+2	65	86
1993	10	15	KP	IQ	3	2	WQ	QA	25	1592	1637	+4	−8	60	44
1993	10	18	SA	KP	2	1	WQ	QA	17	1659	1575	+4	−2	38	63
1993	10	21	JP	KP	3	0	WQ	QA	34	1622	1541	+9	−6	51	69
1993	10	25	IR	KP	2	1	WQ	QA	19	1584	1522	+3	−2	61	71
1993	10	28	KR	KP	3	0	WQ	QA	23	1667	1499	+6	−8	36	79
1998	09	13	KW	KP	4	0	F		11	1570	1488	+3	−3	61	79
1998	12	02	KP	AE	3	3	ASG	TH	3	1491	1543	0	0	78	65
1998	12	07	UZ	KP	4	0	ASG	TH	33	1569	1458	+5	−12	63	90
1998	12	09	KP	TM	1	1	ASG	TH	1	1459	1474	+1	0	89	81
1998	12	11	KP	IN	2	0	ASG	TH	7	1466	1101	+2	−1	86	173
1999	02	23	TH	KP	2	2	KNG		-1	1396	1467	−1	0	108	83
2000	02	08	SY	KP	5	1	F		14	1477	1453	+5	−3	82	88
2000	02	13	SY	KP	0	0	F		-3	1474	1456	0	0	82	89
2000	02	16	LB	KP	1	0	F		9	1409	1447	+1	−2	106	91
2000	03	25	KP	TH	0	0	SQ	MY	3	1450	1493	+1	−1	90	78
2000	03	27	MY	KP	1	1	SQ		7	1235	1443	+1	−1	148	91
2000	03	29	KP	TW	2	0	SQ	MY	5	1448	1010	0	0	91	187
2000	04	04	TH	KP	5	3	SQ		20	1488	1428	+7	−5	78	97
2000	04	06	KP	MY	4	1	SQ	TH	17	1445	1215	+5	−1	92	150
2000	04	08	KP	TW	1	0	SQ	TH	4	1449	1036	0	−1	92	186
2001	01	23	EG	KP	1	0	F		2	1700	1447	0	−1	41	87
2001	01	28	JO	KP	1	0	F		7	1475	1440	+2	−2	79	89
2001	01	30	JO	KP	0	2	F		-21	1454	1461	−7	+8	86	81
2001	07	23	SA	KP	1	0	F	MY	4	1707	1457	+1	0	38	87
2001	08	03	CN	KP	2	2	FT		-11	1676	1468	−1	+2	43	87
2001	08	05	KW	KP	1	1	FT	CN	-5	1582	1473	−1	+2	60	85
2002	02	07	SG	KP	2	1	F		14	1245	1459	+6	−3	145	88
2002	02	10	KP	QA	1	1	KNG	TH	5	1464	1576	+2	0	86	59
2002	02	12	KP	SG	4	2	KNG	TH	10	1474	1226	+1	−3	85	153
2002	02	14	TH	KP	0	1	KNG		-19	1443	1493	−7	+4	94	81
2002	02	16	TH	KP	0	0	KNG		-2	1441	1495	−1	+1	95	80
2002	09	07	KR	KP	0	0	F		-8	1773	1503	−2	+6	28	71
2003	02	16	TH	KP	2	2	KNG		-1	1423	1504	0	0	102	74
2003	02	18	KP	SE	1	1	KNG	TH	11	1515	1805	+4	0	70	19
2003	02	20	KP	QA	2	2	KNG	TH	2	1517	1571	0	0	70	61
2003	02	22	SE	KP	4	0	KNG	TH	9	1823	1508	+1	−3	18	73
2003	03	24	KP	IN	2	0	SQ		3	1511	1089	+1	0	72	175
2003	03	30	IN	KP	1	1	SQ		15	1104	1496	+7	−5	168	78
2003	09	04	KP	LB	0	1	SQ		-31	1465	1422	−9	+9	86	101
2003	10	27	KP	IR	1	3	SQ		-19	1446	1714	−3	+2	92	36
2003	11	03	LB	KP	1	1	SQ		-3	1404	1449	−2	+1	108	91
2003	11	12	IR	KP	1	0	SQ		4	1718	1445	−1	−1	37	93
2003	11	18	JO	KP	3	0	SQ		15	1592	1430	+5	−4	59	97
2004	02	18	YE	KP	1	1	WQ		10	1160	1420	+2	−5	163	102
2004	03	31	KP	AE	0	0	WQ		-3	1417	1464	−1	−2	104	88
2004	06	09	TH	KP	1	4	WQ		-48	1400	1465	−17	+18	109	86
2004	09	08	KP	TH	4	1	WQ		16	1481	1332	+5	−3	86	123
2004	10	13	KP	YE	2	1	WQ		4	1485	1183	+3	0	87	157
2004	11	17	AE	KP	1	0	WQ		20	1409	1465	+7	−5	100	91
2005	02	02	KW	KP	0	0	F	CN	-1	1515	1466	0	0	79	91
2005	02	09	JP	KP	2	1	WQ		2	1850	1464	+1	0	15	91
2005	03	07	KP	MN	6	0	EAQ	TW	1	1465	745	0	0	91	210
2005	03	09	TW	KP	0	2	EAQ		-7	1018	1472	−1	0	187	91
2005	03	11	KP	GU	21	0	EAQ	TW	1	1473	534	+1	0	90	231
2005	03	13	KP	HK	2	0	EAQ	TW	13	1486	1234	+6	−4	84	146
2005	03	25	KP	BH	1	2	WQ		-20	1466	1614	−7	+6	91	58
2005	03	30	KP	IR	0	2	WQ		-12	1454	1826	−2	+1	92	19
2005	06	03	IR	KP	1	0	WQ		2	1829	1452	0	0	18	92
2005	06	08	JP	KP	2	0	WQ	TH	7	1808	1445	−1	0	24	93
2005	07	31	KP	JP	1	0	EAH	KR	36	1481	1793	+3	−7	89	25
2005	08	04	KR	KP	0	0	EAH		-15	1688	1496	−5	+5	44	84
2005	08	07	CN	KP	2	0	EAH	KR	18	1660	1478	+3	−5	51	89
2005	08	14	KR	KP	3	0	F		6	1674	1472	+2	−1	47	90
2005	08	17	BH	KP	2	3	WQ		-31	1561	1503	−6	+7	68	83
2005	12	26	LV	KP	1	1	KNG	TH	2	1468	1501	0	−1	91	83
2005	12	30	LV	KP	2	1	KNG	TH	16	1484	1485	+4	−3	87	86
2006	02	24	KZ	KP	0	0	F	CY	5	1318	1480	+4	−2	123	89
2007	06	19	KP	MN	7	0	EAQ	MO	2	1482	782	+1	0	89	210
2007	06	21	MO	KP	1	7	EAQ		-3	798	1485	−1	0	208	89
2007	06	24	KP	HK	1	0	EAQ	MO	7	1492	1219	−2	−2	90	152
2007	06	24	SG	KP	2	1	FT		19	1319	1473	+6	−2	126	90
2007	06	28	KP	OM	2	2	FT	SG	5	1478	1596	0	−1	90	60
2007	07	01	AE	KP	1	0	F	SG	9	1523	1469	+3	−2	76	91
2007	07	04	KP	SA	1	1	F	SG	4	1473	1599	+2	0	89	57
2007	10	21	MN	KP	1	4	WQ		-2	797	1475	−1	0	208	87
2007	10	28	KP	MN	5	1	WQ		1	1476	796	0	0	87	208
2007	12	24	KP	UZ	2	2	KNG	TH	4	1480	1557	0	−1	89	69
2007	12	26	TH	KP	1	0	KNG		13	1439	1467	+3	−2	98	91
2008	02	06	JO	KP	0	1	WQ		-29	1501	1496	−4	+5	83	86
2008	02	17	JP	KP	1	1	EAH	CN	-14	1770	1510	−1	+4	28	82
2008	02	20	KP	KR	1	1	EAH	CN	9	1519	1673	+2	−2	80	43
2008	02	23	CN	KP	3	1	EAH		20	1559	1499	+2	−5	71	85
2008	03	26	KP	KR	0	0	WQ	CN	10	1509	1669	−1	−3	85	45
2008	06	02	TM	KP	0	0	WQ		4	1345	1505	+1	0	117	84
2008	06	07	KP	TM	1	0	WQ		7	1512	1338	0	−1	85	118
2008	06	14	KP	JO	2	0	WQ		21	1533	1478	+8	−4	77	93
2008	06	22	KR	KP	0	0	WQ		-12	1674	1545	−2	+4	44	72
2008	07	31	KP	LK	3	0	SQC	IN	3	1548	980	+1	0	69	188
2008	08	02	KP	NP	1	0	SQC	IN	1	1549	905	0	−1	69	198
2008	08	04	KP	MM	1	0	SQC	IN	5	1554	1190	+1	−1	68	157
2008	08	07	TJ	KP	1	0	SQC	IN	33	1332	1521	+5	−13	122	81
2008	08	13	KP	MM	4	0	SQC	IN	9	1530	1166	+2	−1	79	165
2008	08	24	QA	KP	2	1	F		8	1504	1522	0	−1	87	80
2008	08	29	UZ	KP	0	0	F		-5	1597	1527	−1	0	57	80
2008	09	06	AE	KP	1	2	WQ		-20	1413	1547	−6	+6	106	74
2008	09	10	KP	KR	1	1	WQ	CN	7	1554	1671	+4	−1	69	45
2008	10	15	IR	KP	2	1	WQ		5	1791	1549	0	−4	22	72
2008	10	28	TH	KP	1	0	VFF	VN	21	1421	1528	+10	−6	100	78
2008	10	30	VN	KP	0	0	VFF		7	1245	1521	+3	−4	142	82
2009	01	23	LB	KP	1	0	KNG	TH	25	1283	1496	+4	−8	135	89
2009	02	11	KP	SA	1	0	WQ		25	1521	1654	+6	−4	81	49
2009	03	28	KP	AE	2	0	WQ		15	1536	1408	+6	−2	76	105
2009	04	01	KR	KP	1	0	WQ		6	1733	1530	+4	−3	31	79
2009	06	06	KP	IR	0	0	WQ		5	1535	1711	+2	0	77	41
2009	06	17	SA	KP	0	0	WQ		-13	1681	1548	0	+5	46	71
2009	08	23	KP	GU	9	2	EAQ	TW	0	1548	607	0	0	73	224
2009	08	25	HK	KP	0	0	EAQ	TW	15	1231	1533	+3	−5	149	78
2009	08	27	TW	KP	1	2	EAQ		-2	936	1535	0	+2	193	76
2009	10	13	CG	KP	0	0	F	FR	4	1412	1531	0	−1	106	78
2009	11	21	ZM	KP	4	1	F		17	1451	1514	+6	−3	96	84
2009	12	27	KP	ML	1	0	FRC	QA	17	1531	1548	+3	−4	82	75
2009	12	30	QA	KP	0	1	FRC		-20	1530	1551	−9	+9	82	73
2010	01	02	IR	KP	1	0	FRC	QA	11	1645	1540	+1	−6	49	79
2010	02	17	KP	TM	1	1	SQC	LK	-12	1528	1318	−1	+7	82	123
2010	02	19	KP	KG	4	0	SQC	LK	9	1537	1177	0	−1	82	159
2010	02	21	KP	IN	3	0	SQC	LK	8	1545	1162	+4	−3	78	165
2010	02	24	KP	MM	5	0	SQC	LK	9	1554	1182	+3	−1	75	158
2010	02	27	KP	TM	1	1	SQC	LK	-10	1544	1379	−4	+2	78	115
2010	03	04	VE	KP	1	1	F		-6	1702	1550	−1	+1	40	77
2010	03	06	VE	KP	2	1	F		4	1706	1546	+1	−1	39	78
2010	03	17	MX	KP	2	1	F		1	1900	1545	0	0	8	78
2010	04	22	KP	ZA	0	0	F	DE	0	1545	1529	0	0	78	81
2010	05	15	PY	KP	1	0	F	CH	5	1757	1540	+3	0	26	79
2010	05	25	GR	KP	2	2	F	AT	-6	1750	1546	0	0	29	79
2010	06	06	NG	KP	3	1	F	ZA	9	1713	1537	0	−1	38	80
2010	06	15	BR	KP	2	1	WC	ZA	2	2111	1535	+1	−2	1	81
2010	06	21	PT	KP	7	0	WC	ZA	18	1883	1517	+1	−4	11	86
2010	06	25	CI	KP	3	0	WC	ZA	23	1763	1494	+6	−3	25	89
2010	09	24	VN	KP	0	0	TLC		2	1346	1492	0	0	121	88
2010	11	02	KP	SG	2	1	VFF	VN	9	1501	1340	+2	0	88	122
2010	11	06	VN	KP	0	2	VFF		-17	1302	1518	−2	+4	131	84
2010	11	10	YE	KP	1	1	F		2	1367	1516	0	0	119	84
2010	12	24	KW	KP	2	1	F	EG	7	1625	1509	+1	−1	56	85
2010	12	27	KW	KP	2	2	F	EG	-3	1622	1512	0	0	56	85
2010	12	31	QA	KP	0	1	F		-13	1519	1525	−6	+6	83	79
2011	01	04	BH	KP	0	1	F		-11	1457	1536	−2	+3	99	76
2011	01	11	KP	AE	0	0	AC	QA	-3	1533	1491	−1	+1	79	91
2011	01	15	IR	KP	1	0	AC	QA	13	1727	1520	+2	−6	33	84
2011	01	19	IQ	KP	1	0	AC	QA	21	1604	1499	+5	−6	58	90
2011	03	26	IQ	KP	2	0	F	AE	11	1602	1488	+2	−4	59	93
2011	03	29	JO	KP	1	1	F	AE	-1	1527	1489	+1	+1	82	92
2011	04	07	KP	LK	4	0	SCQ	NP	3	1492	936	+1	0	91	192
2011	04	09	NP	KP	0	1	SCQ		-4	981	1496	0	+1	189	90
2011	04	11	KP	AF	2	0	SCQ	NP	1	1497	828	0	0	90	205
2011	06	08	CN	KP	2	0	F		6	1651	1491	+1	−1	50	90
2011	08	10	KW	KP	0	0	F		-5	1590	1496	−2	+3	62	88
2011	09	02	JP	KP	1	0	WQ		3	1835	1493	0	−2	15	89
2011	09	06	KP	TJ	1	0	WQ		5	1498	1253	+2	−1	88	142
2011	10	11	KP	UZ	0	1	WQ		-21	1477	1609	−7	+6	93	57
2011	11	11	UZ	KP	1	0	WQ		8	1617	1469	+1	+1	56	93
2011	11	15	KP	JP	1	0	WQ		33	1502	1800	+6	−4	88	19
2012	02	17	KW	KP	1	1	F	CN	-2	1587	1504	−2	+2	62	85
2012	02	29	TJ	KP	1	1	WQ		9	1252	1495	0	−5	145	90
2012	03	09	KP	PH	2	0	SQC	NP	4	1499	1036	+1	0	89	182
2012	03	11	KP	TJ	2	0	SQC	NP	13	1512	1264	+4	−3	85	142
2012	03	13	KP	IN	4	0	SQC	NP	7	1519	1119	+2	−1	83	174
2012	03	16	KP	PS	2	0	SQC	NP	13	1532	1283	+4	−3	79	136
2012	03	19	KP	TM	2	1	SQC	NP	11	1543	1358	+4	−1	75	116
2012	09	10	ID	KP	0	2	F		-8	1259	1551	0	+4	145	72
2012	12	01	KP	TW	6	1	EAQ	HK	2	1553	895	0	0	71	201
2012	12	03	KP	GU	5	0	EAQ	HK	1	1554	679	0	0	71	221
2012	12	05	AU	KP	1	1	EAQ	HK	-12	1772	1566	−2	+3	25	68
2012	12	09	HK	KP	0	4	EAQ		-12	1169	1578	−1	+2	163	66
2013	01	23	KP	SE	1	1	KNG	TH	11	1589	1896	+2	−2	63	11
2013	01	26	TH	KP	2	2	KNG		5	1376	1584	0	0	116	63
2013	01	31	KP	AE	1	0	F	CN	10	1594	1590	+3	−4	59	62
2013	02	06	KP	LA	1	0	F	CN	0	1594	857	0	0	59	207
2013	06	11	QA	KP	0	0	F		1	1466	1593	0	+1	94	60
2013	09	06	KW	KP	2	1	F		8	1573	1585	+1	−1	65	62
2014	02	21	IQ	KP	2	0	F	AE	18	1538	1567	+4	−5	74	67
2014	10	31	KW	KP	1	0	F	AE	12	1525	1555	+2	−5	79	71
2014	11	02	BH	KP	2	2	F		-1	1487	1556	0	+1	91	70
2014	11	06	QA	KP	3	1	F		10	1577	1546	+2	−2	64	72
2014	11	13	KP	HK	2	1	EAQ	TW	4	1550	1164	0	−1	72	168
2014	11	16	KP	GU	5	1	EAQ	TW	1	1551	790	0	0	70	210
2014	11	19	TW	KP	0	0	EAQ		19	798	1532	+1	−10	211	79
2015	01	10	UZ	KP	1	0	AC	AU	17	1666	1515	+3	−5	47	81
2015	01	14	SA	KP	4	1	AC	AU	52	1498	1463	+12	−17	86	97
2015	01	18	CN	KP	2	1	AC	AU	14	1633	1449	+4	−3	56	98
2015	05	17	VN	KP	1	1	F		3	1242	1446	0	−1	145	101
2015	05	20	TH	KP	0	1	F		-11	1353	1457	−2	+4	121	97
2015	06	11	KP	YE	1	0	WQS	QA	8	1465	1202	+2	0	95	160
2015	06	16	KP	UZ	4	2	WQS		34	1499	1579	+10	−7	84	62
2015	08	02	KP	JP	2	1	EAH	CN	33	1532	1724	+10	−9	74	36
2015	08	05	CN	KP	2	0	EAH		19	1591	1513	+3	−4	61	78
2015	08	09	KP	KR	0	0	EAH	CN	13	1526	1759	+2	−2	76	26
2015	09	03	BH	KP	0	1	WQS		-22	1434	1548	−4	+5	103	71
2015	10	08	KP	PH	0	0	WQS		-16	1532	1283	−4	+5	75	134
2015	10	13	KP	YE	1	0	WQS		2	1534	1157	0	0	74	170
2015	11	12	UZ	KP	3	1	WQS		15	1646	1519	+4	−4	48	78
2015	11	17	KP	BH	2	0	WQS		15	1534	1413	+6	−6	73	107
2016	03	29	PH	KP	3	2	WQS		30	1268	1504	+9	−7	142	82
2016	08	16	KP	IQ	1	0	F	MY	10	1514	1484	+1	−1	81	87
2016	08	21	IQ	KP	1	1	F	MY	1	1485	1513	+1	−1	86	82
2016	08	24	KP	AE	2	0	F	CN	18	1531	1565	+7	−6	75	67
2016	10	06	VN	KP	5	2	F		26	1282	1505	+7	−7	138	83
2016	10	10	PH	KP	1	3	F		-9	1258	1514	0	+2	145	80
2016	11	06	KP	TW	2	0	EAQ	HK	1	1515	825	+2	0	78	207
2016	11	09	KP	GU	2	0	EAQ	HK	1	1516	867	0	0	78	204
2016	11	12	HK	KP	0	1	EAQ		-9	1199	1525	−2	0	165	76
2017	06	06	QA	KP	2	2	F		-2	1511	1527	0	0	80	76
2017	06	13	HK	KP	1	1	SQ		12	1204	1515	+2	−4	164	81
2017	07	14	TH	KP	3	0	KNG		28	1418	1487	+7	−4	103	85
2017	09	05	KP	LB	2	2	SQ		-10	1477	1402	−3	+2	89	108
2017	10	10	LB	KP	5	0	SQ		37	1439	1440	+10	−7	97	96
2017	11	10	KP	MY	4	1	SQ	TH	8	1448	1073	+2	−3	95	182
2017	11	13	KP	MY	4	1	SQ	TH	7	1455	1066	0	−2	95	184
2017	12	09	JP	KP	1	0	EAH		4	1749	1451	+3	−1	27	96
2017	12	12	KR	KP	1	0	EAH	JP	8	1711	1443	+3	0	39	96
2017	12	16	CN	KP	1	1	EAH	JP	-7	1564	1450	−1	0	69	95
2018	03	27	KP	HK	2	0	SQ		7	1457	1186	+3	−4	91	168
2018	10	13	UZ	KP	2	0	F		6	1596	1451	0	−1	57	93
2018	11	11	KP	MN	4	1	EAQ	TW	1	1452	718	+1	0	91	216
2018	11	13	HK	KP	0	0	EAQ	TW	12	1210	1440	+4	−6	160	97
2018	11	16	TW	KP	0	2	EAQ		-7	975	1447	−2	+3	194	93
2018	12	25	VN	KP	1	1	F		1	1328	1446	0	−1	127	95
2018	12	29	BH	KP	4	0	F		15	1432	1431	+2	−4	99	100
2019	01	08	SA	KP	4	0	AC	AE	28	1611	1403	+7	−3	55	103
2019	01	13	QA	KP	6	0	AC	AE	32	1584	1371	+4	−9	63	112
2019	01	17	LB	KP	4	1	AC	AE	39	1444	1332	+7	−12	95	124
2019	06	07	UZ	KP	4	0	F		4	1616	1328	+1	−6	55	131
2019	07	08	SY	KP	5	2	INL	IN	13	1532	1315	+2	−4	74	131
2019	07	13	IN	KP	2	5	INL		-27	1200	1342	−7	+10	159	121
2019	07	15	KP	TJ	1	0	INL	IN	12	1354	1265	+2	−2	119	142
2019	07	19	KP	TJ	1	0	INL	IN	11	1365	1254	+4	−3	115	146
2019	09	05	KP	LB	2	0	WQS		26	1391	1395	+11	−2	104	103
2019	09	10	LK	KP	0	1	WQS		-1	680	1392	0	0	224	105
2019	10	15	KP	KR	0	0	WQS		14	1406	1770	+4	0	103	26
2019	11	14	TM	KP	3	1	WQS		36	1268	1370	+6	−7	142	111
2019	11	19	LB	KP	0	0	WQS		-8	1405	1378	−3	+1	105	111
2023	11	16	SY	KP	1	0	WQS	SA	18	1431	1360	+5	−3	96	115
2023	11	21	MM	KP	1	6	WQS		-10	910	1370	−1	+2	198	112
2024	03	21	JP	KP	1	0	WQS		1	1852	1369	−1	0	16	110
2024	06	06	KP	SY	1	0	WQS	LA	24	1393	1423	+4	−3	106	98
2024	06	11	KP	MM	4	1	WQS	LA	4	1397	918	+2	0	106	197
2024	08	27	JO	KP	0	0	F		-7	1628	1404	−3	+3	56	104
2024	08	29	JO	KP	2	1	F		3	1631	1401	+2	−1	54	105
2024	09	05	UZ	KP	1	0	WQ		4	1685	1397	+1	−2	45	106
2024	09	10	KP	QA	2	2	WQ	LA	10	1407	1574	+2	−4	103	67
2024	10	10	AE	KP	1	1	WQ		-12	1526	1419	0	+2	74	101
2024	10	15	KG	KP	1	0	WQ		23	1293	1396	+6	−6	139	107
2024	11	14	IR	KP	3	2	WQ	LA	3	1835	1393	+1	+1	18	106
2024	11	19	UZ	KP	1	0	WQ	LA	6	1684	1387	0	−8	49	114
2025	02	17	KP	KZ	2	0	F	TR	17	1404	1413	+7	−5	105	99
2025	03	14	JO	KP	1	1	F		-7	1612	1411	0	+4	54	101
2025	03	20	QA	KP	5	1	WQ		17	1541	1394	+5	−7	73	108
2025	03	25	AE	KP	2	1	WQ	SA	13	1541	1381	+5	−6	72	113
2025	06	05	KG	KP	2	2	WQ	SA	3	1325	1378	+3	−1	128	113
2025	06	10	IR	KP	3	0	WQ		3	1801	1375	0	−4	26	116