1965	09	02	LY	OM	15	1	PAR	EG	4	1499	896	0	−	71	160
1965	09	04	SD	OM	15	0	PAR	EG	2	1653	894	+1	−1	36	161
1965	09	06	SY	OM	13	0	PAR	EG	7	1384	887	+2	0	96	161
1966	04	03	LY	OM	21	0	ARC	IQ	5	1486	882	+3	−1	72	165
1974	03	16	BH	OM	4	0	GLF	KW	12	1187	870	+2	−1	137	175
1974	03	19	KW	OM	5	0	GLF		2	1443	868	+1	0	79	175
1974	03	22	QA	OM	4	0	GLF	KW	27	990	841	0	−2	163	177
1976	03	27	IQ	OM	4	0	GLF	QA	1	1587	840	0	0	51	177
1976	03	31	KW	OM	8	0	GLF	QA	1	1589	839	+2	0	50	177
1976	04	02	BH	OM	1	0	GLF	QA	8	1098	831	+2	0	151	177
1976	04	04	SA	OM	3	1	GLF	QA	4	1290	827	0	0	117	177
1976	04	07	QA	OM	4	1	GLF		8	1091	819	0	0	154	177
1976	04	10	OM	AE	1	1	GLF	QA	11	830	1027	0	−1	177	158
1979	03	27	SA	OM	4	0	GLF	IQ	3	1370	827	+1	0	96	178
1979	03	29	BH	OM	3	1	GLF	IQ	9	1135	818	+1	0	144	178
1979	03	31	QA	OM	1	0	GLF	IQ	5	1169	813	0	0	138	178
1979	04	02	KW	OM	2	0	GLF	IQ	1	1627	812	0	0	45	178
1979	04	05	IQ	OM	7	0	GLF		0	1686	812	0	0	33	178
1979	04	09	AE	OM	4	0	GLF	IQ	21	1001	791	+1	0	162	178
1981	02	14	OM	JO	0	1	F		-4	787	1149	0	+2	180	143
1981	02	16	OM	JO	0	2	F		-5	782	1154	0	0	180	143
1982	02	17	OM	NP	1	0	GLT	PK	20	802	873	0	−2	181	178
1982	02	19	OM	BD	3	1	GLT	PK	31	833	916	0	−2	181	169
1982	02	21	IR	OM	4	0	GLT	PK	0	1751	833	0	0	28	181
1982	02	24	PK	OM	0	0	GLT		-14	1251	847	−3	0	123	181
1982	03	20	IQ	OM	4	0	GLF	AE	0	1735	847	0	0	29	181
1982	03	22	QA	OM	3	0	GLF	AE	8	1221	839	+4	0	131	181
1982	03	25	BH	OM	4	1	GLF	AE	9	1184	830	+1	0	140	181
1982	03	29	KW	OM	2	0	GLF	AE	0	1674	830	0	0	36	181
1982	03	31	SA	OM	3	0	GLF	AE	3	1387	827	0	0	90	181
1982	04	02	AE	OM	3	1	GLF		5	1159	822	0	0	143	181
1984	03	09	OM	BH	0	1	GLF		-5	817	1271	0	+2	181	121
1984	03	11	OM	IQ	1	2	GLF		0	817	1689	0	0	181	33
1984	03	15	OM	SA	1	3	GLF		-2	815	1490	0	+1	181	73
1984	03	18	OM	QA	0	2	GLF		-4	811	1367	0	0	181	93
1984	03	21	OM	AE	1	1	GLF		16	827	1269	0	−3	181	122
1984	03	25	OM	KW	0	0	GLF		19	846	1495	0	−3	181	69
1984	10	20	OM	LK	1	1	SQ	SA	4	850	913	0	−1	180	172
1984	10	24	AE	OM	8	0	SQ	SA	9	1260	841	+3	0	123	180
1984	10	26	SA	OM	6	0	SQ		1	1533	840	0	0	60	180
1984	10	28	OM	NP	8	0	SQ	SA	49	889	802	+6	−2	174	181
1985	11	29	QA	OM	3	0	F		1	1521	888	0	0	67	176
1986	01	27	OM	TN	0	0	F		9	897	1573	+1	−2	175	57
1986	03	20	IQ	OM	4	0	F		0	1672	897	+1	0	34	175
1986	03	23	QA	OM	2	1	GLF	BH	1	1508	896	+1	0	71	175
1986	03	25	KW	OM	2	0	GLF	BH	1	1546	895	+1	0	62	175
1986	03	28	SA	OM	3	1	GLF	BH	2	1530	893	0	−1	65	176
1986	03	30	AE	OM	1	0	GLF	BH	2	1385	891	0	0	91	176
1986	04	02	BH	OM	0	0	GLF		-19	1357	910	−2	+3	97	173
1986	04	06	IQ	OM	3	2	GLF	BH	1	1592	909	+3	0	50	173
1986	08	12	BH	OM	2	3	F		-19	1315	928	−5	+3	106	171
1986	08	14	BH	OM	2	0	F		2	1317	926	0	−1	106	172
1986	08	24	OM	BH	1	0	F		17	943	1300	+2	−1	170	107
1986	08	26	OM	BH	1	2	F		-4	939	1304	−1	0	171	107
1986	09	21	IQ	OM	4	0	ASG	KR	2	1562	937	+1	0	59	171
1986	09	25	OM	TH	0	0	ASG	KR	14	951	1212	+1	−4	170	132
1986	09	27	OM	PK	3	1	ASG	KR	43	994	1067	+5	−8	165	159
1986	09	29	OM	AE	0	0	ASG	KR	18	1012	1463	0	−1	165	77
1987	04	16	BH	OM	2	0	OQ	SA	10	1297	1002	+5	0	107	165
1987	04	18	SA	OM	1	0	OQ		1	1554	1001	+1	0	59	165
1987	04	22	OM	BH	2	1	OQ	SA	34	1035	1256	+1	−16	164	125
1987	04	24	SA	OM	3	0	OQ		2	1563	1033	−1	0	58	164
1987	11	06	OM	MY	1	0	F		14	1047	1282	+2	−11	160	116
1987	11	08	OM	MY	2	2	F		4	1051	1278	0	−2	160	118
1988	01	18	ID	OM	3	0	KNG	TH	13	1257	1038	+3	−2	123	162
1988	01	20	TH	OM	3	1	KNG		6	1277	1032	+3	−1	115	163
1988	01	28	OM	JO	1	1	F		2	1034	1197	0	0	163	139
1988	01	29	OM	JO	0	0	F		2	1036	1195	+1	−1	162	140
1988	02	02	OM	JP	1	1	F		8	1044	1469	+2	0	160	77
1988	03	02	SA	OM	2	0	GLF		2	1529	1042	0	0	67	160
1988	03	04	IQ	OM	1	1	GLF	SA	-19	1641	1061	−4	+1	43	159
1988	03	07	BH	OM	2	0	GLF	SA	15	1264	1046	+5	−1	120	160
1988	03	10	OM	QA	2	1	GLF	SA	37	1083	1442	+4	−4	156	80
1988	03	14	KW	OM	2	0	GLF	SA	5	1519	1078	+3	−1	65	157
1988	03	17	AE	OM	1	0	GLF	SA	4	1479	1074	0	0	76	157
1988	12	09	SG	OM	3	1	MRD	MY	16	1194	1058	+2	0	140	160
1989	01	06	OM	IQ	1	1	WQ		18	1076	1689	0	−1	160	35
1989	01	13	OM	QA	0	0	WQ		13	1089	1442	+5	−1	155	81
1989	01	20	JO	OM	2	0	WQ		10	1288	1079	+3	−3	111	158
1989	01	27	IQ	OM	3	1	WQ		1	1668	1078	+1	−2	38	160
1989	02	03	QA	OM	3	0	WQ		4	1469	1074	+1	0	76	160
1989	02	10	OM	JO	0	2	WQ		-20	1054	1308	0	+5	160	106
1990	02	22	OM	AE	1	1	GLF	KW	18	1072	1528	+1	−4	161	64
1990	02	24	KW	OM	1	1	GLF		-18	1480	1090	−2	+3	70	158
1990	02	28	BH	OM	0	0	GLF	KW	-13	1351	1103	−2	+2	101	156
1990	03	04	QA	OM	4	2	GLF	KW	6	1489	1097	+3	−1	68	157
1992	05	31	QA	OM	4	0	SQ		4	1485	1093	0	−1	78	169
1992	06	02	SY	OM	1	0	SQ	QA	4	1460	1089	0	−1	84	171
1992	10	22	KW	OM	4	0	F		2	1501	1087	0	0	73	175
1992	11	27	QA	OM	2	0	GLF		4	1456	1083	+1	−1	90	176
1992	11	30	KW	OM	2	1	GLF	QA	3	1539	1080	+2	−1	66	177
1992	12	04	SA	OM	2	0	GLF	QA	3	1567	1077	0	−1	61	178
1992	12	07	BH	OM	3	0	GLF	QA	12	1363	1065	+5	−2	110	180
1992	12	09	AE	OM	1	0	GLF	QA	3	1501	1062	+1	0	77	180
1993	04	09	OM	MY	1	0	F		13	1075	1265	+2	−4	179	137
1993	06	23	IR	OM	0	0	WQ		-19	1620	1094	−4	+6	46	172
1993	06	25	OM	SY	0	0	WQ	IR	15	1109	1413	+2	−2	170	98
1993	06	27	OM	TW	2	1	WQ	IR	19	1128	1068	+3	−4	167	180
1993	07	02	IR	OM	1	0	WQ	SY	2	1610	1126	0	−1	50	168
1993	07	04	SY	OM	2	1	WQ		4	1437	1122	+1	0	94	168
1993	07	07	OM	TW	7	1	WQ	SY	35	1157	1024	+5	−3	163	183
1994	01	30	OM	FI	0	2	F		-5	1152	1556	−1	+1	163	66
1994	02	01	OM	FI	1	1	F		7	1159	1549	+1	−3	162	69
1994	02	04	OM	KE	1	0	F		16	1175	1472	+1	−5	161	89
1994	02	06	OM	KE	2	0	F		23	1198	1449	+6	−2	155	91
1994	04	15	OM	BG	1	1	F		9	1207	1783	+3	0	151	24
1994	09	15	QA	OM	0	2	IPC		-40	1440	1247	−8	+10	92	142
1994	09	19	OM	SD	1	1	IPC	QA	4	1251	1326	+1	0	141	123
1994	09	21	OM	IN	4	1	IPC	QA	19	1270	1128	+4	−3	137	167
1994	09	23	QA	OM	1	2	IPC		-25	1432	1295	−3	+6	92	131
1994	10	01	KW	OM	2	2	ASG	JP	-11	1509	1306	−6	+4	78	127
1994	10	05	KR	OM	2	1	ASG	JP	4	1686	1302	+2	−2	33	129
1994	10	09	OM	NP	1	0	ASG	JP	3	1305	881	+2	0	127	200
1994	10	23	OM	SN	0	1	F		-10	1295	1402	−3	+4	132	101
1994	10	25	OM	SN	2	1	F		10	1305	1392	+3	−4	129	105
1994	11	04	SA	OM	2	1	GLF	AE	5	1645	1300	+1	−2	40	131
1994	11	06	BH	OM	1	1	GLF	AE	-8	1442	1308	−2	+3	92	128
1994	11	09	QA	OM	4	2	GLF	AE	22	1428	1286	+3	−6	96	134
1994	11	13	KW	OM	0	0	GLF	AE	-11	1502	1297	−4	+3	79	131
1994	11	16	AE	OM	2	0	GLF		8	1531	1289	+1	−2	69	133
1996	02	16	EC	OM	2	0	F	SA	3	1663	1286	0	0	39	134
1996	02	24	KW	OM	1	0	F		3	1481	1283	0	−1	84	135
1996	03	02	OM	KW	0	3	F		-13	1270	1494	−2	+4	137	80
1996	05	26	OM	DZ	0	1	F		-4	1266	1602	0	0	136	54
1996	05	28	OM	DZ	0	1	F		-4	1262	1606	−2	+2	138	52
1996	06	03	OM	BH	3	0	F		21	1283	1410	+5	−5	133	105
1996	06	10	OM	LK	3	0	SQ	IR	8	1291	919	0	0	134	196
1996	06	12	OM	NP	7	0	SQ	IR	7	1298	866	+4	−1	130	202
1996	06	14	IR	OM	2	0	SQ		7	1564	1291	+1	−4	65	134
1996	06	17	OM	NP	2	1	SQ		2	1293	838	+1	0	133	203
1996	06	19	OM	LK	10	0	SQ		7	1300	935	+3	−2	130	196
1996	06	21	OM	IR	1	2	SQ		-11	1289	1578	−4	+3	134	60
1996	08	20	OM	ML	1	0	F		8	1297	1306	+3	0	130	127
1996	08	22	OM	ML	1	1	F		-3	1294	1309	−1	0	131	127
1996	08	28	OM	SD	0	0	F		1	1295	1423	0	−2	131	103
1996	08	31	OM	SD	0	1	F		-9	1286	1432	−3	+5	134	98
1996	09	05	LB	OM	1	2	F		-15	1361	1301	−2	+5	117	130
1996	09	08	LB	OM	2	1	F		6	1367	1295	+2	−2	115	133
1996	09	17	OM	ZM	0	0	F		6	1301	1628	+4	−1	129	44
1996	09	25	OM	MZ	0	2	F		-17	1284	1366	−6	+1	135	117
1996	09	29	OM	NZ	0	1	F		-7	1277	1485	0	+1	135	81
1996	10	01	OM	NZ	1	2	F		-7	1270	1492	0	0	135	81
1996	10	07	OM	AZ	2	0	F		19	1289	1456	+1	−9	134	92
1996	10	15	OM	SA	0	1	GLF		-9	1280	1605	−1	+3	135	52
1996	10	18	OM	KW	1	2	GLF		-12	1268	1545	0	+3	135	67
1996	10	21	OM	QA	0	3	GLF		-23	1245	1516	−8	+7	143	73
1996	10	24	OM	AE	0	0	GLF		11	1256	1541	+4	−2	139	68
1996	10	28	OM	BH	1	1	GLF		2	1258	1383	0	−1	139	112
1997	03	06	BH	OM	1	0	F		4	1387	1254	+2	−2	112	138
1997	03	23	OM	JP	0	1	WQ		-4	1250	1718	−2	0	141	30
1997	03	25	OM	NP	1	0	WQ		2	1252	823	+2	−2	139	206
1997	03	27	OM	MO	4	0	WQ		9	1261	991	+1	−2	138	190
1997	06	22	OM	NP	6	0	WQ	JP	6	1267	817	+2	0	136	205
1997	06	25	OM	MO	2	0	WQ	JP	10	1277	980	0	−1	136	190
1997	06	28	JP	OM	1	1	WQ		-19	1724	1296	0	+2	28	134
1997	07	14	LY	OM	2	2	PAR	LB	-9	1456	1305	−1	+3	86	131
1997	07	16	LB	OM	1	1	PAR		-10	1383	1315	−2	+2	109	129
1997	07	20	JO	OM	3	1	PAR	LB	25	1404	1290	+8	−7	103	136
1998	02	18	OM	DE	0	2	F		-1	1289	2070	0	0	134	2
1998	06	30	OM	SY	0	0	F		4	1293	1527	0	0	132	69
1998	07	02	OM	SY	1	2	F		-6	1287	1533	0	+1	132	68
1998	09	12	SY	OM	3	0	F		3	1584	1284	0	−1	59	133
1998	09	15	SY	OM	0	0	F		-8	1576	1292	−1	+1	60	132
1998	09	22	OM	ZM	2	0	F		23	1315	1582	+5	−2	127	58
1998	09	24	OM	ZM	1	1	F		4	1319	1578	+1	−2	126	60
1998	10	19	OM	BF	4	2	F		14	1333	1385	+5	−5	122	110
1998	10	21	OM	BF	0	0	F		-1	1332	1386	0	0	122	110
1998	10	31	OM	QA	2	1	GLF	BH	30	1362	1504	+6	−6	116	75
1998	11	03	AE	OM	3	2	GLF	BH	10	1571	1352	+2	−2	61	118
1998	11	05	SA	OM	1	0	GLF	BH	4	1725	1348	0	−1	31	119
1998	11	09	KW	OM	5	0	GLF	BH	11	1683	1337	+5	−2	40	121
1998	11	12	BH	OM	2	2	GLF		-6	1330	1343	−1	+2	123	119
1998	11	30	OM	HK	6	0	ASG	TH	28	1371	1188	+4	−9	115	156
1998	12	04	TH	OM	2	0	ASG		19	1422	1352	+2	−3	102	118
1998	12	08	OM	IR	4	2	ASG	TH	52	1404	1616	+13	−7	105	53
1998	12	10	CN	OM	6	1	ASG	TH	13	1697	1391	+5	−4	36	109
1998	12	12	OM	TJ	3	3	ASG	TH	3	1394	1436	0	0	109	96
1999	02	08	OM	SI	0	7	FT		-31	1363	1551	−6	+8	116	64
1999	02	10	OM	CH	1	2	FT		-7	1356	1691	−1	+2	117	40
1999	06	22	OM	NZ	1	0	F		12	1368	1530	+2	−5	115	74
1999	06	24	OM	NZ	2	2	F		2	1370	1528	+1	0	114	74
1999	07	21	OM	KE	2	2	F		-2	1368	1399	−1	+1	116	105
1999	08	03	OM	KG	3	0	SQ	TJ	22	1390	1214	+5	−5	109	150
1999	08	05	IQ	OM	2	0	SQ	TJ	12	1640	1378	+1	−2	49	111
1999	08	07	TJ	OM	2	1	SQ		12	1438	1366	+6	−4	94	115
1999	08	19	OM	SY	1	1	PAR	JO	7	1373	1477	+1	−3	113	83
1999	08	23	IQ	OM	3	0	PAR	JO	15	1619	1358	+3	−2	51	115
1999	08	25	LB	OM	1	1	PAR	JO	-5	1442	1363	−1	+1	96	114
1999	08	27	JO	OM	2	0	PAR		13	1498	1350	+3	−4	76	118
2000	02	19	OM	CH	1	4	FT		-9	1341	1744	0	+2	120	27
2000	02	21	OM	AE	0	1	FT		-13	1328	1505	−3	+2	123	76
2000	02	23	OM	SI	0	4	FT		-15	1313	1621	−5	+4	128	54
2000	08	05	LB	OM	3	1	F		6	1459	1307	+1	0	86	126
2000	08	08	LB	OM	1	2	F		-16	1443	1323	−5	+1	91	125
2000	08	15	MY	OM	2	0	MRD		23	1239	1300	+6	−3	144	128
2000	08	17	NZ	OM	1	0	MRD	MY	7	1529	1293	+2	−3	71	131
2000	10	29	OM	YE	4	0	F		9	1302	1191	+5	−2	126	156
2000	10	31	OM	YE	4	0	F		9	1311	1182	+2	−3	125	159
2000	11	21	OM	BH	2	1	F		7	1318	1295	0	−5	125	133
2001	02	18	OM	FI	1	2	F		-5	1313	1632	−2	+1	126	54
2001	02	20	OM	FI	0	2	F		-7	1306	1639	−1	+1	127	53
2001	02	25	OM	MV	5	0	F		2	1308	872	0	0	127	200
2001	02	27	OM	MV	2	0	F		1	1309	871	0	−1	127	201
2001	03	27	OM	AE	2	1	F		13	1322	1514	+2	−2	125	73
2001	04	05	OM	SD	0	1	F		-11	1311	1394	−1	+3	126	111
2001	04	07	OM	SD	1	1	F		0	1311	1394	0	0	126	111
2001	04	16	BH	OM	0	1	F		-15	1385	1326	−5	+1	113	124
2001	04	30	OM	LA	12	0	WQ		5	1331	892	0	−1	124	196
2001	05	04	OM	LA	7	0	WQ		4	1335	888	+1	−1	123	197
2001	05	07	OM	PH	7	0	WQ		1	1336	716	0	0	123	211
2001	05	11	OM	PH	2	0	WQ		1	1337	715	0	−1	123	212
2001	05	18	SY	OM	3	3	WQ		-13	1504	1350	−3	0	75	122
2001	05	25	OM	SY	2	0	WQ		35	1385	1469	+10	−9	112	83
2001	07	29	OM	IQ	1	0	F		13	1398	1592	+2	−2	107	59
2001	08	08	IR	OM	5	2	LGC		4	1716	1394	+2	0	35	107
2001	08	16	QA	OM	0	0	WQ		-14	1577	1408	−3	+4	61	104
2001	08	31	OM	CN	0	2	WQ		-15	1393	1715	−4	+6	109	34
2001	09	08	UZ	OM	5	0	WQ		17	1543	1376	+6	−4	64	113
2001	09	14	OM	AE	1	1	WQ		0	1376	1475	0	0	113	86
2001	09	21	OM	QA	0	3	WQ		-24	1352	1612	−5	+4	118	54
2001	09	29	TH	OM	2	0	F		7	1482	1345	+1	−1	85	119
2001	10	07	CN	OM	1	0	WQ		2	1739	1343	0	0	34	119
2001	10	13	OM	UZ	4	2	WQ		36	1379	1479	+6	−9	113	82
2001	10	19	AE	OM	2	2	WQ		-12	1510	1391	−2	+3	73	109
2001	11	29	OM	KW	1	1	F		2	1393	1566	0	0	109	63
2001	12	13	BH	OM	2	2	F		-6	1508	1399	−1	+3	75	106
2001	12	23	OM	SY	2	0	F		14	1413	1455	+2	−3	105	91
2001	12	25	OM	SY	1	0	F		8	1421	1447	+5	0	100	91
2001	12	30	OM	MK	2	0	F		12	1433	1447	+3	−2	97	91
2002	01	11	IQ	OM	2	0	F	QA	11	1550	1422	+1	−2	66	100
2002	01	17	AE	OM	1	0	GLF	SA	17	1497	1405	+4	−6	80	106
2002	01	19	OM	KW	3	1	GLF	SA	44	1449	1533	+16	−8	90	69
2002	01	24	QA	OM	2	1	GLF	SA	14	1578	1435	+2	−5	60	97
2002	01	27	SA	OM	2	0	GLF		7	1703	1428	+1	−2	40	99
2002	01	29	BH	OM	1	1	GLF	SA	-4	1496	1432	+1	+1	79	98
2002	09	25	OM	AE	2	1	F		7	1439	1424	+2	−4	95	102
2003	01	28	OM	NO	1	2	F		-4	1435	1798	−1	+1	99	22
2003	09	10	OM	BH	1	0	F		9	1444	1474	+2	−1	94	83
2003	09	16	SG	OM	1	3	F		-9	1190	1453	0	+3	155	91
2003	09	25	OM	NP	7	0	SQ	KR	3	1456	867	0	−1	92	201
2003	09	27	KR	OM	1	0	SQ		4	1753	1452	0	0	29	92
2003	09	29	OM	VN	6	0	SQ	KR	23	1475	1259	+8	−8	84	142
2003	10	08	OM	JO	2	1	F		9	1484	1542	+1	−1	83	68
2003	10	19	OM	NP	6	0	SQ		1	1485	859	0	−1	83	203
2003	10	21	OM	KR	3	1	SQ		41	1526	1674	+12	−4	71	40
2003	10	24	OM	VN	2	0	SQ		8	1534	1293	0	0	72	131
2003	12	17	OM	AZ	1	0	F		3	1537	1349	0	−1	71	122
2003	12	20	OM	EE	3	1	F		7	1544	1415	+2	−4	69	106
2003	12	26	KW	OM	0	0	GLF		-7	1567	1551	−2	+1	65	68
2003	12	28	OM	YE	1	1	GLF	KW	-16	1535	1189	−3	+5	71	155
2003	12	31	OM	AE	2	0	GLF	KW	25	1560	1455	+4	−8	66	91
2004	01	03	BH	OM	1	0	GLF	KW	23	1534	1537	+7	−4	71	70
2004	01	06	SA	OM	2	1	GLF	KW	13	1684	1524	+2	−4	42	74
2004	01	11	OM	QA	2	0	GLF	KW	32	1556	1519	+5	−5	68	73
2004	02	14	KR	OM	5	0	F		8	1702	1548	0	0	38	68
2004	02	18	JP	OM	1	0	WQ		5	1787	1543	0	−4	24	72
2004	03	31	IN	OM	1	5	WQ		-13	1158	1556	−6	+3	164	68
2004	05	31	OM	MV	3	0	F		1	1557	961	−1	0	67	191
2004	06	03	OM	MV	4	1	F		1	1558	960	0	0	68	191
2004	06	09	OM	SG	7	0	WQ		5	1563	1162	+1	−2	68	163
2004	07	20	JP	OM	1	0	AC	CN	9	1835	1554	+1	−1	19	67
2004	07	24	IR	OM	2	2	AC	CN	-12	1729	1566	−2	+1	32	67
2004	07	28	OM	TH	2	0	AC	CN	19	1585	1364	+5	−6	62	116
2004	08	31	MV	OM	0	1	F		-1	956	1586	0	+1	191	63
2004	09	03	MV	OM	1	2	F		-1	955	1587	−2	0	193	63
2004	09	08	SG	OM	0	2	WQ		-8	1163	1595	−4	−2	164	64
2004	10	07	OM	IQ	1	0	F		6	1601	1536	+2	−3	62	74
2004	10	13	OM	JP	0	1	WQ		-12	1589	1867	−2	0	65	14
2004	11	17	OM	IN	0	0	WQ		-18	1571	1182	−2	+2	67	161
2004	12	01	OM	LV	3	2	PMC	BH	12	1583	1485	+3	−2	64	87
2004	12	03	FI	OM	0	0	PMC	BH	-5	1689	1588	−2	+1	38	63
2004	12	10	OM	IQ	3	1	GLF	QA	26	1614	1513	+5	−8	58	80
2004	12	13	OM	AE	2	1	GLF	QA	9	1623	1395	+4	−1	53	103
2004	12	16	QA	OM	2	1	GLF		22	1504	1601	+4	−9	84	62
2004	12	20	OM	BH	3	2	GLF	QA	19	1620	1564	+6	−4	55	68
2004	12	24	QA	OM	1	1	GLF		-1	1529	1621	0	0	73	55
2005	04	12	OM	TJ	3	0	ILG	SA	13	1634	1348	+1	−6	53	117
2005	04	16	SA	OM	2	1	ILG		16	1612	1618	+9	−1	55	54
2005	10	11	AE	OM	2	2	F		2	1443	1616	0	0	95	57
2005	10	25	OM	SY	0	0	F		-7	1609	1447	0	+2	56	94
2005	12	03	SY	OM	3	1	WAG	QA	45	1469	1564	+9	−11	90	67
2005	12	06	BH	OM	2	2	WAG	QA	2	1537	1562	0	0	73	68
2006	02	06	OM	SG	1	0	F	QA	4	1566	1330	0	0	67	119
2006	02	13	OM	IQ	1	0	F		8	1574	1603	+2	−1	65	57
2006	02	22	AE	OM	1	0	SQ		20	1494	1554	+7	−4	83	69
2006	03	01	OM	JO	3	0	SQ		23	1577	1511	+5	−3	64	76
2006	08	16	PK	OM	1	4	SQ		-2	902	1579	0	+1	197	65
2006	09	01	OM	SY	3	0	F		9	1588	1473	0	−3	65	92
2006	09	06	OM	PK	5	0	SQ		1	1589	901	0	0	64	197
2006	10	11	OM	AE	2	1	SQ		11	1600	1505	+2	−2	58	82
2006	11	08	OM	BH	1	1	F		-6	1594	1467	−3	0	60	94
2006	11	15	JO	OM	3	0	SQ		32	1553	1562	+6	−9	72	69
2007	01	13	QA	OM	1	1	F		-2	1545	1564	0	+2	73	67
2007	01	17	AE	OM	1	2	GLF		-21	1461	1585	−4	+6	93	61
2007	01	20	OM	KW	2	1	GLF	AE	13	1598	1447	+2	−2	59	96
2007	01	23	OM	YE	2	1	GLF	AE	4	1602	1229	+2	−3	57	150
2007	01	27	OM	BH	1	0	GLF	AE	15	1617	1492	+2	−5	55	88
2007	01	30	AE	OM	1	0	GLF		21	1522	1596	+5	−3	80	58
2007	06	24	ID	OM	0	1	F		-5	1314	1601	−2	+1	128	58
2007	06	28	KP	OM	2	2	FT	SG	5	1478	1596	0	−1	90	60
2007	07	01	OM	SA	1	1	FT	SG	0	1596	1603	0	0	60	58
2007	07	08	AU	OM	1	1	AC	TH	-11	1748	1607	−2	+2	34	57
2007	07	12	TH	OM	2	0	AC		51	1430	1556	+11	−11	98	68
2007	07	16	IQ	OM	0	0	AC	TH	-6	1633	1562	−2	+1	54	67
2007	09	17	QA	OM	1	1	F		0	1472	1562	0	0	88	67
2007	10	02	OM	MV	1	0	F		1	1563	1030	0	0	68	184
2007	10	08	OM	NP	2	0	WQ		1	1564	894	0	0	68	199
2007	10	28	NP	OM	0	2	WQ		-2	892	1566	0	0	199	68
2007	11	21	OM	KE	2	2	F		-7	1559	1342	−2	+2	70	121
2007	11	22	OM	KE	1	1	F		-7	1552	1349	−2	+2	72	119
2007	12	11	OM	JO	0	3	F		-25	1527	1517	−7	+5	79	81
2007	12	16	OM	TJ	4	2	F		4	1531	1311	+1	0	78	127
2008	01	27	OM	SG	2	0	F		6	1537	1374	+1	−2	77	113
2008	01	30	OM	KW	1	1	F		-6	1531	1426	−3	+1	79	101
2008	02	06	OM	BH	0	1	WQ		-30	1501	1476	−5	+6	83	91
2008	03	19	OM	AE	1	1	F		-4	1497	1456	−1	0	84	93
2008	03	26	TH	OM	0	1	WQ		-22	1418	1519	−7	+4	104	81
2008	04	24	OM	LR	1	0	F		2	1521	1252	+1	0	80	143
2008	04	27	OM	KG	2	0	F		2	1523	1192	0	0	80	157
2008	05	03	OM	YE	0	0	F		-8	1515	1211	−2	+3	82	153
2008	05	10	SY	OM	2	1	F		7	1531	1508	+1	−4	78	86
2008	05	18	OM	TM	2	1	F		4	1512	1341	+4	−2	83	118
2008	06	02	JP	OM	3	0	WQ		8	1764	1504	+1	−4	30	87
2008	06	07	OM	JP	1	1	WQ		9	1513	1755	+3	−1	84	31
2008	06	14	BH	OM	1	1	WQ		-7	1542	1520	−2	+4	72	80
2008	06	22	OM	TH	2	1	WQ		9	1529	1400	−2	−6	81	110
2008	08	09	SY	OM	2	1	WAH	IR	20	1548	1509	+11	−6	69	84
2008	08	11	JO	OM	3	1	WAH	IR	32	1523	1477	+11	−9	80	92
2008	08	20	OM	UZ	2	0	F		17	1494	1602	+4	−3	89	56
2008	09	06	OM	MA	0	0	F		2	1496	1651	+1	0	88	48
2008	09	10	OM	ZW	3	2	F		6	1502	1443	0	0	87	95
2008	11	14	OM	JO	2	0	F		12	1514	1531	+4	−1	86	76
2008	11	19	OM	PY	0	1	F		-4	1510	1854	+1	+1	85	11
2008	12	17	OM	CN	3	1	FT		18	1528	1526	+7	−6	78	79
2008	12	19	OM	EC	2	0	FT		29	1557	1703	+10	−5	68	42
2008	12	22	OM	SN	1	0	F		7	1564	1543	+2	−3	66	73
2009	01	04	OM	KW	0	0	GLF		-12	1552	1433	−4	+2	70	99
2009	01	07	OM	IQ	4	0	GLF		28	1580	1531	+11	−10	59	76
2009	01	10	OM	BH	2	0	GLF		18	1598	1510	0	−8	59	86
2009	01	14	OM	QA	1	0	GLF		11	1609	1508	+1	−4	58	86
2009	01	17	OM	SA	0	0	GLF		-2	1607	1675	0	0	58	45
2009	01	19	OM	ID	0	0	SQ		-17	1590	1255	−1	+7	59	140
2009	01	28	KW	OM	0	1	SQ		-18	1432	1608	−7	+1	102	58
2009	03	28	OM	SN	2	0	F		8	1616	1535	+1	−4	55	77
2009	05	30	OM	EG	0	1	F		-9	1607	1755	0	0	57	29
2009	06	02	OM	KR	0	0	F	AE	4	1611	1730	0	−2	57	33
2009	06	09	BA	OM	2	1	F	FR	9	1642	1602	+3	0	51	57
2009	08	12	OM	SA	2	1	F		9	1611	1672	+1	0	57	46
2009	09	09	QA	OM	1	1	F		-1	1534	1612	−2	+1	78	56
2009	10	14	AU	OM	1	0	SQ		8	1772	1604	0	0	26	57
2009	11	14	OM	AU	1	2	SQ		-16	1588	1788	−3	+4	60	21
2009	11	17	OM	BR	0	2	F		-3	1585	2103	−3	0	63	1
2009	12	28	SG	OM	0	0	F		2	1414	1583	0	−1	110	63
2009	12	31	SG	OM	1	4	F		-14	1400	1597	−1	+4	111	59
2010	01	06	ID	OM	1	2	SQ		-8	1258	1605	−1	+2	138	57
2010	01	20	OM	SE	0	1	F		-8	1597	1779	−2	+3	58	23
2010	03	03	OM	KW	0	0	SQ		-10	1587	1515	−2	+2	60	86
2010	05	18	YE	OM	0	1	UTC		-7	1280	1594	−2	0	136	60
2010	05	22	OM	BF	2	0	UTC	YE	15	1609	1459	+6	−2	54	92
2010	08	11	KZ	OM	3	1	F		22	1356	1587	+3	−10	120	64
2010	09	03	OM	MY	3	0	F	QA	3	1590	1175	+3	−2	61	160
2010	09	07	QA	OM	1	1	F		-1	1522	1591	+1	−3	81	63
2010	09	21	IQ	OM	3	2	F	JO	11	1551	1580	+1	−6	77	69
2010	09	26	BH	OM	2	0	WAH	JO	36	1540	1544	+7	−9	79	78
2010	09	28	IR	OM	2	2	WAH	JO	-10	1717	1554	−5	+3	37	75
2010	10	08	OM	GA	1	0	F		8	1562	1582	+2	−3	73	66
2010	10	12	OM	CL	0	1	F		-5	1557	1881	0	0	72	9
2010	11	17	OM	BY	0	4	F		-19	1538	1665	−5	+4	78	46
2010	11	23	BH	OM	1	1	GLF	YE	1	1517	1537	0	0	84	78
2010	11	26	OM	AE	0	0	GLF	YE	-5	1532	1444	+1	+2	77	102
2010	11	29	IQ	OM	0	0	GLF	YE	-3	1575	1535	−2	0	67	77
2011	03	29	OM	TN	2	1	F		8	1543	1566	+2	−3	76	67
2011	07	06	KW	OM	1	1	F	LB	0	1554	1543	0	0	71	74
2011	07	09	LB	OM	0	1	F		-4	1208	1547	0	+1	154	73
2011	07	15	OM	SY	1	1	F		-3	1544	1539	−1	0	73	78
2011	07	23	OM	MM	2	0	WQ		2	1546	1021	−1	−1	73	184
2011	07	28	MM	OM	0	2	WQ		-5	1016	1551	−2	+2	186	71
2011	08	10	BH	OM	1	1	F	AE	3	1457	1548	0	−1	95	73
2011	08	27	OM	KW	1	0	F		8	1556	1582	+3	−1	71	63
2011	09	02	OM	SA	0	0	WQ		-5	1551	1572	−1	+2	72	65
2011	09	06	TH	OM	3	0	WQ		41	1428	1510	+10	−13	102	84
2011	10	11	AU	OM	3	0	WQ		5	1843	1505	+1	0	14	84
2011	11	04	QA	OM	0	0	F		-3	1504	1508	−1	+1	84	83
2011	11	11	OM	AU	1	0	WQ		32	1540	1811	+8	−5	75	19
2011	11	15	SA	OM	0	0	WQ		-7	1554	1547	−1	0	72	74
2011	12	11	OM	SA	0	0	PAR	QA	0	1547	1554	0	0	74	72
2011	12	14	KW	OM	2	0	PAR	QA	30	1578	1517	+8	−7	65	81
2012	01	15	OM	CD	2	2	F		-5	1512	1428	0	0	82	102
2012	02	23	OM	IN	5	1	F		3	1515	1200	0	−1	83	156
2012	02	29	OM	TH	2	0	WQ		13	1528	1373	+4	−4	79	114
2012	05	27	OM	LB	1	1	F		-7	1521	1314	0	0	81	128
2012	06	03	JP	OM	3	0	WQ		8	1779	1513	+2	−2	23	85
2012	06	08	OM	AU	0	0	WQ		10	1523	1801	+4	−4	81	21
2012	06	12	IQ	OM	1	1	WQ	QA	-4	1586	1527	−1	0	63	81
2012	08	15	OM	EG	1	1	F		1	1528	1655	−1	−1	81	46
2012	09	11	IE	OM	4	1	F	EN	8	1752	1520	0	−1	27	81
2012	09	28	OM	YE	2	1	F		3	1523	1311	0	−1	81	132
2012	10	09	QA	OM	1	1	F		-2	1488	1525	0	0	89	81
2012	10	16	OM	JO	2	1	WQ		17	1542	1562	+3	−6	75	71
2012	11	08	OM	EE	1	2	F		-14	1528	1503	−3	+2	78	87
2012	11	14	OM	JP	1	2	WQ		-10	1518	1818	−3	+1	81	20
2012	12	08	LB	OM	1	0	WAH	KW	30	1358	1488	+8	−8	120	89
2012	12	11	KW	OM	0	2	WAH		-41	1483	1529	−11	+10	90	78
2012	12	14	OM	PS	2	1	WAH	KW	9	1538	1311	+2	−2	76	132
2012	12	18	IQ	OM	2	0	WAH	KW	25	1627	1513	+3	−5	53	81
2012	12	19	OM	BJ	2	0	F		7	1520	1397	+1	0	80	109
2012	12	20	OM	BH	1	0	WAH	KW	19	1539	1486	+4	−5	76	91
2012	12	29	OM	TG	0	1	F		-16	1523	1418	−4	+2	80	106
2013	01	05	BH	OM	0	0	GLF		-4	1492	1527	−3	0	89	80
2013	01	08	QA	OM	2	1	GLF	BH	25	1471	1502	+4	−7	92	87
2013	01	11	AE	OM	2	0	GLF	BH	27	1560	1475	+7	−7	71	93
2013	01	30	OM	CN	1	0	F		12	1487	1616	+2	−2	90	54
2013	02	06	OM	SY	1	0	SQ		17	1504	1520	+5	−5	85	82
2013	03	20	OM	HT	3	0	F		10	1514	1444	+2	−2	83	99
2013	03	26	AU	OM	2	2	WQ		-15	1747	1529	−3	+5	30	78
2013	05	22	OM	IR	3	1	F		16	1545	1647	+5	−3	73	49
2013	05	29	LB	OM	1	1	F	QA	5	1354	1540	+5	−1	121	73
2013	06	04	OM	IQ	1	0	WQ		17	1557	1568	+4	−3	70	67
2013	06	18	JO	OM	1	0	WQ		15	1556	1542	+7	−6	69	76
2013	08	14	SG	OM	0	2	SQ		-17	1264	1559	−4	+7	143	69
2013	10	09	OM	MR	0	0	F		-9	1550	1181	−1	+1	69	163
2013	10	15	JO	OM	0	0	SQ		-7	1561	1557	−2	+3	67	68
2013	11	19	OM	SY	1	0	SQ	IR	16	1573	1467	+4	−2	65	93
2013	12	25	BH	OM	0	0	WAH	QA	6	1467	1567	+2	−3	94	69
2013	12	31	IQ	OM	0	0	WAH	QA	3	1520	1564	0	0	77	69
2014	01	24	OM	FI	0	0	F		0	1564	1672	0	0	68	45
2014	01	31	OM	JO	0	0	SQ		-5	1559	1584	−1	+1	69	63
2014	03	05	OM	SG	3	1	SQ		5	1564	1244	+1	0	68	145
2014	05	27	UZ	OM	0	1	F		-15	1629	1579	−3	+4	53	64
2014	05	29	UZ	OM	0	1	F		-14	1615	1593	−1	+2	54	62
2014	09	03	IE	OM	2	0	F		7	1694	1586	+1	−2	38	62
2014	09	07	KO	OM	1	0	F		13	1376	1573	+2	0	117	65
2014	10	10	OM	CR	3	4	F		-5	1568	1850	−2	+1	66	15
2014	10	13	OM	UY	0	3	F		-8	1560	1898	−1	+2	67	11
2014	11	07	OM	YE	2	0	F		2	1562	1177	0	0	68	163
2014	11	14	OM	AE	0	0	GLF	SA	4	1566	1622	+2	−2	66	56
2014	11	17	IQ	OM	1	1	GLF	SA	2	1537	1564	0	−1	78	66
2014	11	20	OM	KW	5	0	GLF	SA	38	1602	1506	+5	−12	61	85
2014	11	23	QA	OM	3	1	GLF	SA	34	1588	1568	+3	−6	65	67
2014	11	25	AE	OM	1	0	GLF	SA	17	1634	1551	+6	−1	53	68
2014	12	31	OM	QA	2	2	F	AU	2	1553	1614	+1	0	67	60
2015	01	03	CN	OM	4	1	F	AU	18	1571	1535	0	−8	67	75
2015	01	10	KR	OM	1	0	AC	AU	18	1660	1517	+3	−6	49	80
2015	01	13	AU	OM	4	0	AC		18	1687	1499	+9	−6	38	86
2015	01	17	OM	KW	1	0	AC	AU	23	1522	1452	+9	−5	77	98
2015	03	26	OM	MY	6	0	F		4	1526	1224	+1	−3	73	154
2015	03	30	DZ	OM	4	1	F	QA	11	1675	1515	+3	−4	45	78
2015	05	30	BH	OM	0	0	F		-2	1485	1517	−1	+1	88	78
2015	06	05	OM	SY	1	2	F		-13	1504	1512	−3	+2	82	81
2015	06	11	IN	OM	1	2	WQS		-5	1072	1509	−1	0	181	82
2015	08	28	OM	YE	1	0	F		2	1511	1175	+1	−2	81	166
2015	09	03	OM	TM	3	1	WQS		7	1518	1244	+3	−2	78	143
2015	09	08	GU	OM	0	0	WQS		18	895	1500	+2	−3	203	82
2015	10	02	OM	SY	2	1	F		8	1508	1518	+3	−3	80	79
2015	10	08	OM	IR	1	1	WQS		7	1515	1727	+1	−3	80	35
2015	10	13	OM	IN	3	0	WQS		2	1517	1029	0	−1	79	186
2015	11	12	OM	NZ	0	1	F		-13	1504	1520	−7	+6	85	77
2015	11	17	TM	OM	2	1	WQS		28	1277	1476	+7	−7	137	92
2016	03	24	OM	GU	1	0	WQS		1	1477	872	0	0	92	205
2016	03	29	IR	OM	2	0	WQS		7	1736	1470	+1	−2	34	94
2016	08	08	OM	TM	1	0	F		3	1473	1289	0	−2	91	135
2016	08	31	IE	OM	4	0	F		4	1762	1469	+1	0	25	91
2016	10	07	OM	JO	1	1	F		-1	1468	1524	+1	+1	88	78
2016	10	11	OM	BH	2	2	F		-3	1465	1446	−5	+1	94	96
2016	11	11	JP	OM	4	0	F		4	1747	1461	0	0	32	93
2016	11	14	MM	OM	0	3	F		-5	1063	1466	0	+4	185	90
2017	03	28	OM	BT	14	0	SQ		1	1467	613	−1	0	88	231
2017	06	02	OM	SY	1	1	F		0	1467	1565	0	+1	88	67
2017	06	13	PS	OM	2	1	SQ		19	1406	1448	+2	−3	105	92
2017	08	30	OM	AF	2	0	F		3	1451	1129	0	0	92	172
2017	09	05	OM	MV	5	0	SQ		3	1454	952	−1	−1	95	195
2017	10	04	JO	OM	1	1	F	AE	-1	1499	1455	0	0	84	95
2017	10	10	MV	OM	1	3	SQ		-5	947	1460	0	+4	195	91
2017	11	14	BT	OM	2	4	SQ		-1	597	1461	0	0	232	93
2017	12	15	OM	YE	1	0	F		3	1464	1225	+2	0	90	155
2017	12	22	AE	OM	1	0	GLF	KW	15	1562	1449	+1	−5	70	95
2017	12	25	KW	OM	0	1	GLF		-26	1423	1475	−5	+8	100	87
2017	12	28	OM	SA	2	0	GLF	KW	41	1516	1570	+9	−10	78	67
2018	01	02	OM	BH	1	0	GLF	KW	15	1531	1405	+3	−7	75	108
2018	01	05	OM	AE	0	0	GLF	KW	2	1533	1562	+1	−2	74	71
2018	03	27	OM	PS	1	0	SQ		9	1542	1405	+1	−5	71	107
2018	09	09	LB	OM	0	0	F	JO	2	1472	1540	+1	−1	86	72
2018	09	11	JO	OM	0	0	F		-1	1462	1541	0	+1	89	71
2018	10	13	OM	PH	1	1	F	QA	-8	1533	1189	−2	+1	73	165
2018	10	16	EC	OM	0	0	F	QA	-5	1741	1538	−1	+1	32	72
2018	11	16	OM	SY	1	1	F		-1	1537	1589	0	−1	72	60
2018	11	19	OM	BH	2	1	F		4	1541	1401	+1	−1	72	106
2018	12	13	OM	TJ	2	1	F		2	1543	1223	+1	0	71	152
2018	12	16	OM	TJ	1	0	F		2	1545	1221	+1	0	70	152
2018	12	27	IN	OM	0	0	F	AE	7	1221	1538	+3	−3	152	73
2018	12	30	AU	OM	5	0	F	AE	10	1736	1528	+3	−1	35	74
2019	01	02	OM	TH	2	0	F	AE	9	1537	1375	0	−4	74	113
2019	01	09	UZ	OM	2	1	AC	AE	21	1611	1516	+6	−5	55	79
2019	01	13	JP	OM	1	0	AC	AE	11	1744	1505	+1	−2	34	82
2019	01	17	OM	TM	3	1	AC	AE	13	1518	1227	+3	0	79	152
2019	01	20	IR	OM	2	0	AC	AE	11	1826	1507	0	−3	19	82
2019	03	20	OM	AF	5	0	AIM	MY	7	1514	1146	+2	−1	80	171
2019	03	23	OM	SG	1	1	AIM	MY	-12	1502	1113	0	+1	79	176
2019	08	28	OM	YE	1	0	F		2	1504	1193	+1	0	77	159
2019	09	05	IN	OM	1	2	WQS		-10	1198	1514	+1	0	157	77
2019	09	10	OM	LB	1	0	F		4	1518	1391	+1	−2	78	106
2019	10	10	OM	AF	3	0	WQS		4	1522	1138	+1	0	77	173
2019	10	15	QA	OM	2	1	WQS		6	1719	1516	+1	0	39	75
2019	11	14	OM	BD	4	1	WQS		1	1517	837	0	0	75	206
2019	11	19	OM	IN	1	0	WQS		3	1520	1193	−1	−1	76	160
2019	11	27	BH	OM	0	0	GLF	QA	1	1511	1519	+1	0	77	76
2019	11	30	OM	KW	2	1	GLF	QA	17	1536	1447	+5	−6	71	94
2019	12	02	SA	OM	3	1	GLF	QA	32	1546	1504	+8	−7	69	78
2021	03	20	JO	OM	0	0	F	AE	1	1468	1503	0	−1	89	79
2021	03	25	IN	OM	1	1	F	AE	7	1200	1496	+1	0	161	79
2021	05	25	OM	TH	1	0	F	AE	6	1502	1354	+1	−6	78	121
2021	05	29	OM	ID	3	1	F	AE	3	1505	1107	0	−1	78	179
2021	06	07	QA	OM	1	0	WQS		8	1654	1497	+1	−2	46	79
2021	06	11	OM	AF	2	1	WQS	QA	4	1501	1131	+1	0	78	176
2021	06	15	OM	BD	3	0	WQS	QA	2	1503	849	−1	0	79	207
2021	06	20	OM	SO	2	1	ARQ	QA	1	1504	908	+1	0	78	198
2021	09	02	JP	OM	0	1	WQ		-36	1735	1540	−6	+5	35	75
2021	09	07	OM	SA	0	1	WQ		-21	1519	1638	−4	+2	78	52
2021	09	26	OM	NP	7	2	F	QA	1	1520	938	0	0	77	196
2021	10	07	AU	OM	3	1	WQ	QA	12	1773	1508	+1	−2	28	79
2021	10	12	OM	VN	3	1	WQ		13	1521	1374	+1	−3	77	107
2021	11	11	CN	OM	1	1	WQ	AE	2	1493	1519	−1	−1	83	78
2021	11	16	OM	JP	0	1	WQ		-13	1506	1760	−3	+1	80	31
2021	11	30	IQ	OM	1	1	ARC	QA	-4	1569	1510	0	+1	67	79
2021	12	03	QA	OM	2	1	ARC		8	1660	1502	+2	−3	49	82
2021	12	06	OM	BH	3	0	ARC	QA	39	1541	1505	+10	−8	72	80
2021	12	10	TN	OM	2	1	ARC	QA	15	1636	1526	+4	−1	53	74
2022	01	27	SA	OM	1	0	WQ		9	1638	1517	+1	−3	53	76
2022	02	01	OM	AU	2	2	WQ		7	1524	1731	+1	−2	75	34
2022	03	24	VN	OM	0	1	WQ		-17	1354	1541	−5	+4	114	71
2022	03	29	OM	CN	2	0	WQ		16	1557	1456	+5	−2	67	88
2022	06	03	OM	NP	2	0	F	QA	1	1558	949	−1	0	68	194
2022	06	09	NZ	OM	0	0	F	QA	0	1554	1558	+1	+1	68	67
2022	09	23	IQ	OM	1	1	FT	JO	0	1564	1558	−1	−1	68	70
2022	09	26	JO	OM	1	0	FT		10	1594	1548	+1	−1	62	71
2022	11	16	OM	DE	0	1	F		-3	1545	1962	0	0	70	10
2022	11	20	OM	BY	2	0	F	AE	10	1555	1415	+2	−3	69	100
2022	12	23	OM	SY	2	1	F	AE	6	1561	1419	+1	−3	68	99
2022	12	30	OM	SY	1	0	F	AE	6	1567	1413	0	−1	68	100
2023	01	06	IQ	OM	0	0	GLF		-6	1569	1573	−2	+1	68	67
2023	01	09	OM	YE	3	2	GLF	IQ	2	1575	1095	0	0	67	177
2023	01	12	OM	SA	2	1	GLF	IQ	22	1597	1596	+4	−7	62	63
2023	01	16	OM	BH	1	0	GLF	IQ	16	1613	1511	+3	−2	59	79
2023	01	19	IQ	OM	3	2	GLF		15	1626	1598	+5	−3	55	62
2023	03	27	OM	LB	2	0	F		3	1601	1313	0	−2	62	134
2023	06	11	UZ	OM	3	0	CNU		26	1615	1575	+9	−7	57	66
2023	06	14	OM	TJ	1	1	CNU	UZ	-12	1563	1333	−1	+4	67	124
2023	06	17	OM	TM	2	0	CNU	UZ	8	1571	1237	−1	−3	68	153
2023	06	20	KG	OM	0	1	CNU	UZ	-5	1234	1576	−3	+3	155	64
2023	09	06	OM	PS	2	1	F		4	1580	1431	0	0	65	96
2023	09	12	US	OM	4	0	F		5	1815	1575	−1	0	26	66
2023	11	16	OM	TW	3	0	WQS		1	1576	932	0	0	65	194
2023	11	21	KG	OM	1	0	WQS		32	1257	1544	+4	−5	152	69
2023	12	29	OM	CN	2	0	F	AE	12	1556	1452	+2	−1	67	92
2024	01	06	AE	OM	0	1	F		-12	1518	1568	−3	+2	74	65
2024	01	16	SA	OM	2	1	AC	QA	24	1610	1544	+3	−3	59	68
2024	01	21	OM	TH	0	0	AC	QA	-9	1535	1417	−1	+2	70	102
2024	01	25	KG	OM	1	1	AC	QA	17	1254	1518	+2	−2	153	74
2024	03	21	OM	MY	2	0	WQS		8	1526	1284	+2	−3	74	144
2024	03	26	MY	OM	0	2	WQS		-18	1266	1544	−6	+2	151	72
2024	06	06	TW	OM	0	3	WQS		-3	904	1547	0	+1	198	71
2024	06	11	OM	KG	1	1	WQS		-16	1531	1282	−2	+5	75	145
2024	09	05	IQ	OM	1	0	WQ		8	1670	1523	0	−1	49	78
2024	09	10	OM	KR	1	3	WQ		-22	1501	1745	−8	+3	84	35
2024	10	10	OM	KW	4	0	WQ		15	1516	1340	+6	−7	78	126
2024	10	15	JO	OM	4	0	WQ		19	1620	1497	+4	−1	56	82
2024	11	14	OM	PS	1	0	WQ		10	1507	1391	+2	−3	80	108
2024	11	19	OM	IQ	0	1	WQ		-18	1489	1666	−3	+4	82	50
2024	12	16	OM	YE	1	0	F		1	1490	1092	+1	0	81	174
2024	12	21	KW	OM	1	1	GLF		4	1319	1486	+2	−1	131	82
2024	12	24	OM	QA	2	1	GLF	KW	24	1510	1529	+3	−4	79	76
2024	12	27	OM	AE	1	1	GLF	KW	1	1511	1533	0	0	80	75
2024	12	31	OM	SA	2	1	GLF	KW	23	1534	1536	+3	−6	76	75
2025	01	04	BH	OM	2	1	GLF	KW	21	1530	1513	+3	−4	77	80
2025	03	13	OM	SD	0	0	F		-6	1507	1394	0	+2	80	110
2025	03	20	KR	OM	1	1	WQ		-16	1758	1523	−1	+2	31	79
2025	03	25	KW	OM	0	1	WQ		-15	1323	1538	0	+6	128	74
2025	05	28	OM	LB	1	0	F		3	1541	1339	+2	−1	72	126
2025	06	05	OM	JO	0	3	WQ		-37	1504	1656	−9	+4	81	51
2025	06	10	OM	PS	1	1	WQ	JO	-3	1501	1460	0	+3	81	87
2025	08	30	UZ	OM	1	1	CNU		-14	1693	1515	−3	+2	45	79
2025	09	02	OM	KG	2	1	CNU	UZ	10	1525	1317	+4	−6	75	134
2025	09	05	OM	TM	2	1	CNU	UZ	7	1532	1247	+1	−1	75	153
2025	09	08	IN	OM	1	1	CNU	TJ	16	1181	1516	+3	−3	160	78
2025	10	08	QA	OM	0	0	WQ		-4	1483	1520	0	0	84	78
2025	10	11	AE	OM	2	1	WQ	QA	18	1567	1502	+1	−5	70	82
2025	11	14	OM	SD	2	0	F		6	1508	1362	+1	0	81	113
2025	11	18	OM	CI	0	2	F		-16	1492	1608	−2	+3	83	62
2025	11	26	OM	SO	0	0	ARQ	QA	-18	1474	961	−2	+4	85	189
2025	12	02	SA	OM	2	1	ARC	QA	14	1592	1460	+2	−2	65	88
2025	12	05	MA	OM	0	0	ARC	QA	-16	1817	1476	−2	+2	23	86
2025	12	08	OM	KM	2	1	ARC	QA	14	1490	1360	+2	−3	84	114
2026	06	05	ID	OM	3	0	GRD		31	1361	1459	+12	−3	115	87
2026	06	07	OM	MZ	4	1	GRD	ID	20	1479	1352	+4	−9	83	118