1913	02	04	PH	CN	2	1	FEG		34	1234	1566	−	−	27	18
1915	05	17	CN	PH	1	0	FEG		3	1569	1231	+1	0	19	28
1915	05	18	CN	PH	0	0	FEG		-17	1552	1248	−1	0	20	28
1915	05	20	CN	PH	1	1	FEG		-16	1536	1264	0	0	20	28
1917	05	10	JP	PH	2	15	FEG		-79	1196	1343	−1	+2	31	29
1917	05	11	CN	PH	3	0	FEG	JP	16	1577	1327	0	0	20	29
1919	05	12	PH	CN	0	2	FEG		-18	1309	1595	0	+1	30	20
1919	05	13	PH	CN	2	1	FEG		30	1339	1565	0	−1	30	21
1919	05	15	PH	CN	1	2	FEG		-13	1326	1578	0	0	30	21
1921	05	30	PH	JP	3	1	FEG	CN	19	1345	1177	0	0	35	37
1921	05	31	CN	PH	1	0	FEG		5	1583	1340	+1	0	23	35
1923	05	22	CN	PH	3	0	FEG	JP	13	1603	1327	0	0	29	47
1923	05	23	JP	PH	1	2	FEG		-17	1153	1344	0	0	49	47
1925	05	17	PH	JP	4	0	FEG		11	1355	1133	0	0	51	56
1925	05	22	PH	CN	1	5	FEG		-24	1331	1606	0	+1	51	28
1927	08	29	JP	PH	2	1	FEG	CN	31	1157	1300	0	−1	59	54
1927	08	31	CN	PH	3	1	FEG		6	1584	1294	+1	0	29	54
1930	05	25	JP	PH	7	2	FEG		44	1201	1250	0	−4	64	63
1930	05	27	CN	PH	5	0	FEG	JP	10	1594	1240	+1	0	31	63
1934	05	12	PH	CN	0	2	FEG		-12	1228	1592	0	+3	75	36
1934	05	15	PH	JP	3	4	FEG		-27	1201	1229	−1	+1	76	75
1934	05	19	PH	DI	3	2	FEG		30	1231	1468	+1	−3	75	51
1940	06	16	JP	PH	1	0	EAM		12	1292	1219	+4	0	78	89
1948	02	21	HK	PH	4	1	F		6	1413	1213	+1	−1	68	96
1948	05	05	PH	CN	0	4	F		-5	1208	1630	0	0	96	35
1950	02	19	HK	PH	6	1	F		6	1429	1202	0	−1	67	103
1953	04	04	PH	HK	1	7	F		-13	1189	1459	−1	+6	109	66
1953	06	20	SG	PH	3	1	F		6	1329	1183	+1	0	86	110
1954	05	03	PH	RV	2	3	ASG		-15	1168	1396	0	+1	121	88
1954	05	06	PH	TW	0	4	ASG		-6	1162	1712	0	+1	121	22
1956	00	00	PH	JP	0	2	SEG		-27	1135	1321	−4	+10	125	92
1956	00	00	PH	JP	0	3	SEG		-27	1108	1348	−4	+10	125	92
1956	02	25	PH	KR	0	2	SQ		-7	1101	1578	0	+2	125	44
1956	04	21	KR	PH	3	0	SQ		2	1580	1099	0	0	45	125
1956	11	10	PH	US	0	4	F		-4	1095	1559	−1	+3	130	52
1958	05	09	PH	ID	1	2	F		-3	1092	1495	0	+1	132	65
1958	05	13	PH	ID	0	3	F		-5	1087	1500	−1	+1	133	65
1958	05	23	IN	PH	4	2	F	JP	2	1548	1085	0	−1	57	134
1958	05	25	HK	PH	4	1	ASG	JP	6	1511	1079	0	0	64	134
1958	05	26	JP	PH	0	1	ASG		-36	1314	1115	−3	+4	102	130
1958	05	30	ID	PH	5	2	ASG	JP	6	1541	1109	+1	−1	57	131
1959	03	29	PH	HK	0	7	SQ		-14	1095	1522	−1	+5	134	62
1959	03	31	PH	TW	4	7	SQ		-3	1092	1734	0	0	134	24
1962	08	26	AY	PH	15	1	ASG	ID	14	1469	1078	+4	−2	77	144
1962	08	27	ID	PH	6	0	ASG		4	1514	1074	0	0	66	144
1962	08	30	RV	PH	6	0	ASG	ID	8	1480	1066	+1	0	76	144
1962	09	12	ID	PH	9	0	MRD	AY	6	1499	1060	0	−1	70	145
1962	09	13	SG	PH	5	0	MRD	AY	19	1215	1041	+3	0	127	145
1962	09	16	RV	PH	6	0	MRD	AY	7	1417	1034	+4	0	87	145
1963	12	15	PH	TW	0	7	F		-2	1032	1647	0	0	148	37
1967	07	28	TW	PH	9	0	SQ		8	1376	1024	+2	0	101	157
1967	08	01	ID	PH	6	0	SQ	TW	6	1469	1018	+2	0	73	157
1967	08	03	JP	PH	2	0	SQ	TW	2	1568	1016	0	0	51	157
1967	08	05	KR	PH	7	0	SQ	TW	7	1462	1009	+6	0	74	157
1967	09	27	JP	PH	15	0	OQ		3	1584	1006	0	−1	51	158
1967	10	01	RV	PH	10	0	OQ	JP	9	1429	997	+1	0	90	158
1967	10	03	TW	PH	7	2	OQ	JP	7	1400	990	+1	0	96	158
1967	10	06	LB	PH	11	1	OQ	JP	11	1380	979	+3	−2	100	160
1967	10	09	KR	PH	5	0	OQ	JP	2	1594	977	+1	0	50	160
1971	08	05	IN	PH	5	1	MRD	MY	4	1407	973	+1	−1	90	164
1971	08	09	HK	PH	2	1	MRD	MY	6	1207	967	0	0	134	164
1971	08	11	ID	PH	3	1	MRD	MY	3	1432	964	+2	0	82	164
1971	08	13	BU	PH	2	0	MRD	MY	1	1621	963	+1	0	43	164
1971	08	15	PH	SG	4	4	MRD	MY	7	970	1129	0	0	164	145
1971	08	17	PH	TH	3	1	MRD	MY	39	1009	1264	+4	−9	160	123
1971	08	24	TH	PH	1	0	FT	SG	6	1270	1003	0	0	123	160
1971	09	25	PH	TW	3	0	OQ	KR	60	1063	1245	+3	−17	157	129
1971	09	27	JP	PH	8	1	OQ	KR	6	1528	1057	+2	0	63	157
1971	09	29	KR	PH	6	0	OQ		2	1600	1055	0	−1	49	158
1971	10	02	MY	PH	5	0	OQ	KR	7	1460	1048	0	0	75	158
1972	06	08	PH	SG	2	0	JAT	ID	27	1075	1092	+3	−6	155	154
1972	06	12	PH	TH	1	0	JAT	ID	21	1096	1193	+1	−6	154	136
1972	06	14	KU	PH	4	0	JAT	ID	11	1358	1085	+3	−1	104	155
1972	07	14	MY	PH	1	0	MRD		2	1453	1083	+2	0	74	155
1972	07	16	KU	PH	2	2	MRD	MY	-10	1344	1093	−1	0	107	155
1972	07	18	JP	PH	5	1	MRD	MY	4	1549	1089	+1	0	61	155
1972	07	20	PH	LK	4	1	MRD	MY	18	1107	957	+3	0	152	164
1972	07	29	TH	PH	4	0	MRD	MY	20	1224	1087	+4	−2	131	155
1972	08	02	ID	PH	3	0	FT	SG	6	1447	1081	0	0	79	155
1972	08	04	JP	PH	4	1	FT	SG	4	1508	1077	0	0	64	155
1972	09	21	BU	PH	4	0	PRS	KR	2	1637	1075	0	0	40	155
1972	09	23	SG	PH	5	0	PRS	KR	28	1131	1047	+4	−2	148	157
1972	09	25	ID	PH	12	0	PRS	KR	6	1500	1041	0	−1	64	158
1972	09	27	KU	PH	1	0	PRS	KR	6	1301	1035	+1	0	113	158
1972	10	29	PH	AU	0	6	F		-2	1033	1703	0	+1	158	31
1974	09	03	JP	PH	4	0	ASG	IR	6	1471	1027	+3	0	71	158
1974	09	05	IL	PH	6	0	ASG	IR	1	1728	1026	0	0	27	158
1974	09	07	MY	PH	11	0	ASG	IR	9	1453	1017	+1	−1	78	159
1976	03	14	JP	PH	3	0	OQ		3	1472	1014	0	0	72	160
1976	03	17	JP	PH	3	0	OQ		3	1475	1011	+1	0	71	160
1976	04	07	PH	TW	1	0	FT	US	22	1033	1177	+2	−1	158	137
1977	11	20	PH	BN	4	1	SEG	MY	19	1052	846	+1	−1	157	176
1977	11	21	MY	PH	5	0	SEG		4	1472	1048	+1	0	72	157
1977	11	23	ID	PH	1	1	SEG	MY	-13	1319	1061	−2	+2	110	155
1978	12	23	PH	MO	1	2	SQ		-27	1034	1060	−7	+7	160	153
1978	12	25	PH	CN	0	3	SQ		-3	1031	1650	0	+1	160	40
1978	12	27	PH	KR	0	5	SQ		-1	1030	1821	0	0	160	17
1980	02	23	MO	PH	4	1	F		12	1065	1018	+2	−1	153	161
1980	03	21	BN	PH	2	0	OQ	MY	44	885	974	+2	−3	176	164
1980	03	24	JP	PH	10	0	OQ	MY	6	1467	968	+1	−1	78	165
1980	03	27	KR	PH	8	0	OQ	MY	1	1778	967	0	0	23	165
1980	03	31	ID	PH	4	0	OQ	MY	17	1196	950	+2	0	136	165
1980	04	02	MY	PH	8	0	OQ		2	1519	948	0	0	68	165
1981	02	26	PH	JP	0	6	F		-4	944	1464	0	0	166	77
1981	06	18	PH	TW	0	2	F		-11	933	1151	−3	+2	170	142
1981	08	14	ID	PH	3	0	JAT		6	1189	927	+2	0	137	170
1981	12	09	PH	SG	0	4	SEG		-16	911	1269	−3	+4	173	119
1981	12	11	PH	ID	0	2	SEG		-13	898	1251	−1	+2	174	124
1982	05	02	NP	PH	1	0	KNG	TH	15	923	883	+4	−3	169	178
1982	05	04	TH	PH	2	0	KNG		1	1405	882	0	0	89	178
1982	05	06	SG	PH	1	0	KNG	TH	4	1235	878	+1	0	131	178
1983	05	30	MY	PH	0	0	SEG	SG	-15	1195	893	−4	+2	139	175
1983	06	01	SG	PH	5	0	SEG		4	1300	889	+1	0	110	175
1983	09	04	JP	PH	7	0	OQ		1	1535	888	0	0	64	175
1983	09	07	JP	PH	10	1	OQ		1	1536	887	0	−2	64	176
1984	08	07	SY	PH	2	0	SQ	ID	5	1315	882	0	0	110	175
1984	08	09	TH	PH	3	0	SQ	ID	3	1400	879	0	0	90	175
1984	08	11	ID	PH	1	0	SQ		4	1142	875	0	−1	144	176
1984	08	13	BD	PH	3	2	SQ	ID	15	978	860	+1	−3	165	179
1984	08	15	IR	PH	7	1	SQ	ID	1	1729	859	0	0	31	179
1985	03	24	BN	PH	4	1	ING		15	939	844	+1	0	171	180
1985	12	10	MY	PH	6	0	SEG	TH	6	1311	838	0	0	108	182
1985	12	12	TH	PH	7	0	SEG		5	1226	833	+1	0	130	182
1986	07	20	BN	PH	2	1	ING		8	913	825	+2	0	173	183
1986	08	08	PH	RU	0	5	PRS		0	825	1960	0	0	183	7
1987	04	03	HK	PH	5	0	OQ		2	1335	823	+1	0	102	183
1987	04	10	CN	PH	9	0	OQ		1	1590	822	0	0	52	183
1987	04	13	CN	PH	10	0	OQ		1	1591	821	+1	0	51	183
1987	05	14	HK	PH	7	0	OQ		2	1345	819	+1	0	100	183
1989	08	21	MY	PH	3	0	SEG		3	1271	816	+2	0	115	186
1989	08	23	ID	PH	5	1	SEG	MY	6	1254	810	+2	0	120	186
1989	08	25	BN	PH	2	0	SEG	MY	23	910	787	+2	0	178	186
1991	05	06	PH	BN	2	1	INC		16	803	894	0	−3	188	182
1991	05	12	PH	BN	0	0	F		0	803	894	0	0	188	182
1991	11	26	PH	VN	2	2	SEG		14	817	1195	0	−2	196	147
1991	11	28	PH	MY	1	0	SEG		34	851	1189	+1	−6	195	147
1991	11	30	PH	ID	1	2	SEG		-6	845	1273	−1	+4	196	128
1991	12	02	PH	TH	2	6	SEG		-7	838	1338	0	+3	196	113
1991	12	04	PH	SG	0	2	SEG		-8	830	1277	0	+1	196	128
1993	05	15	PH	BN	1	0	INC		13	843	881	+1	−1	203	199
1993	05	17	PH	BN	0	1	INC		-18	825	899	−1	+3	204	196
1993	06	09	SG	PH	7	0	SEG		3	1302	822	0	0	129	204
1993	06	11	VN	PH	1	0	SEG	SG	7	1102	815	+1	−1	173	205
1993	06	15	ID	PH	3	1	SEG	SG	6	1211	809	+1	0	152	205
1995	12	04	MM	PH	4	1	SEG	TH	7	1195	802	+4	0	154	206
1995	12	06	LA	PH	1	0	SEG	TH	14	932	788	+1	0	195	206
1995	12	08	SG	PH	4	0	SEG	TH	4	1307	784	+1	0	126	206
1995	12	12	PH	BN	1	0	SEG	TH	23	807	816	0	−1	206	205
1996	01	30	HK	PH	8	0	SQ		5	1213	802	+2	0	151	206
1996	02	01	CN	PH	7	0	SQ	HK	1	1613	801	0	0	51	206
1996	02	04	MO	PH	5	1	SQ	HK	19	1012	782	+1	0	189	206
1996	09	02	TH	PH	5	0	SEA	SG	2	1461	780	0	0	90	206
1996	09	04	MY	PH	7	0	SEA	SG	5	1262	775	0	0	139	206
1996	09	06	SG	PH	3	0	SEA		2	1317	773	0	0	126	206
1996	09	08	BN	PH	1	0	SEA	SG	18	830	755	+2	0	203	206
1996	09	21	IN	PH	2	0	WQ	QA	9	1072	746	+1	−1	177	207
1996	09	23	QA	PH	5	0	WQ		1	1447	745	0	0	94	207
1996	09	26	LK	PH	3	0	WQ	QA	16	977	729	+1	−1	190	208
1997	02	23	PH	KH	1	1	PRS		8	737	1012	0	−1	209	188
1997	10	07	MY	PH	4	0	SEG	ID	2	1325	735	0	0	126	209
1997	10	09	LA	PH	4	1	SEG	ID	14	983	721	+3	0	190	209
1997	10	12	ID	PH	2	0	SEG		1	1324	720	0	0	126	209
1997	10	14	VN	PH	3	0	SEG	ID	5	1174	715	0	0	163	209
1997	11	27	PH	EE	0	1	F		-2	713	1185	0	0	209	160
1998	03	24	SG	PH	1	0	SEQ		1	1241	712	0	0	140	209
1998	03	26	KH	PH	1	1	SEQ	SG	-14	1016	726	−2	0	185	209
1998	08	27	ID	PH	3	0	SEA	VN	2	1339	724	+1	0	120	209
1998	08	29	TH	PH	3	1	SEA	VN	1	1430	723	0	0	99	209
1998	08	31	MM	PH	5	2	SEA	VN	6	1128	717	+1	0	168	209
1999	07	30	TH	PH	9	0	SEG	BN	2	1411	715	+1	0	102	211
1999	08	01	MM	PH	4	1	SEG	BN	6	1124	709	+1	0	166	211
1999	08	03	LA	PH	3	2	SEG	BN	8	966	701	0	0	192	211
1999	08	08	VN	PH	2	0	SEG	BN	2	1286	699	0	0	133	211
2000	01	23	CN	PH	8	0	SQ	VN	0	1696	699	−1	0	39	211
2000	01	26	VN	PH	3	0	SQ		1	1294	698	+1	−1	133	212
2000	01	29	PH	GU	2	0	SQ	VN	29	727	660	+2	−4	210	217
2000	11	06	ID	PH	3	0	SEA	TH	2	1355	725	+1	0	116	211
2000	11	08	MM	PH	3	0	SEA	TH	7	1118	718	+2	0	170	211
2000	11	12	TH	PH	2	0	SEA		0	1515	718	0	0	73	211
2001	04	25	LB	PH	3	0	F		0	1422	718	0	0	98	211
2001	04	30	SY	PH	12	0	WQ		1	1514	717	0	0	72	211
2001	05	04	SY	PH	5	1	WQ		0	1514	717	0	0	72	211
2001	05	07	OM	PH	7	0	WQ		1	1336	716	0	0	123	211
2001	05	11	OM	PH	2	0	WQ		1	1337	715	0	−1	123	212
2001	05	19	LA	PH	2	0	WQ		10	895	705	+2	0	195	212
2001	05	26	PH	LA	1	1	WQ		5	710	890	0	−1	212	196
2002	12	11	SG	PH	2	0	F		1	1222	709	0	0	153	212
2002	12	17	MM	PH	6	1	SEA	ID	7	1127	702	0	−1	167	213
2002	12	19	VN	PH	4	1	SEA	ID	3	1265	699	0	−2	142	215
2002	12	21	KH	PH	1	0	SEA	ID	12	866	687	+1	−2	203	217
2002	12	23	ID	PH	13	1	SEA		2	1337	685	0	0	127	217
2004	12	08	MM	PH	1	0	SEA	MY	3	1117	682	0	−1	170	219
2004	12	10	MY	PH	4	1	SEA		2	1202	680	0	0	154	219
2004	12	14	PH	TL	2	1	SEA	MY	20	700	663	+4	−5	215	222
2004	12	16	TH	PH	3	1	SEA	MY	2	1320	698	+1	−1	125	216
2006	03	26	TH	PH	5	0	F		1	1337	697	0	0	120	216
2006	04	01	TW	PH	1	0	ACH	BD	7	975	690	0	0	191	216
2006	04	03	IN	PH	1	1	ACH	BD	-17	1131	707	−1	+2	167	214
2006	04	05	AF	PH	1	1	ACH	BD	-6	810	713	0	0	206	214
2006	11	12	PH	LA	1	2	SEQ		-16	697	896	−2	+4	217	199
2006	11	14	PH	TL	7	0	SEQ		26	723	619	+3	−1	214	224
2006	11	18	PH	KH	1	0	SEQ		20	743	796	+1	−2	213	208
2006	11	20	PH	BN	4	1	SEQ		25	768	712	+2	−1	211	215
2007	01	07	SG	PH	4	1	F		1	1291	767	0	0	133	211
2007	01	12	MY	PH	4	0	SEA	TH	6	1187	761	+6	0	158	211
2007	01	14	TH	PH	4	0	SEA		1	1343	760	0	0	119	211
2007	01	16	MM	PH	0	0	SEA	TH	-17	1160	777	−1	+1	168	210
2008	05	13	PH	BN	1	0	SCQ		11	788	701	0	−3	210	217
2008	05	15	PH	TJ	0	0	SCQ		17	805	1295	+2	−4	208	132
2008	05	17	PH	BT	3	0	SCQ		10	815	593	+1	0	207	223
2008	10	17	PH	TL	1	0	SEQ	KH	9	824	583	0	0	206	225
2008	10	19	BN	PH	1	1	SEQ	KH	7	700	817	+2	0	217	206
2008	10	21	LA	PH	2	1	SEQ	KH	18	878	799	+1	−1	201	207
2008	10	23	KH	PH	2	3	SEQ		-25	770	824	−1	+1	210	206
2009	04	14	PH	BT	1	0	SCQ	MV	11	835	641	+2	0	204	222
2009	04	16	MV	PH	3	2	SCQ		5	1078	830	0	−1	180	205
2009	04	18	TM	PH	5	0	SCQ	MV	4	1334	826	0	0	124	205
2010	01	16	TW	PH	0	0	IPF		-8	928	834	−1	0	193	205
2010	10	10	TW	PH	1	1	LTC		-8	928	842	−1	0	193	205
2010	10	12	PH	MO	5	0	LTC	TW	18	860	673	0	−2	205	220
2010	10	22	PH	TL	5	0	SEQ	LA	12	872	555	+3	−2	201	232
2010	10	24	LA	PH	2	2	SEQ		-5	859	877	−1	0	204	201
2010	10	26	KH	PH	0	0	SEQ	LA	4	805	873	0	0	207	201
2010	12	02	PH	SG	1	1	SEA	VN	18	891	1327	+2	−4	200	123
2010	12	05	VN	PH	0	2	SEA		-57	1262	948	−14	+9	141	191
2010	12	08	MM	PH	0	0	SEA	VN	-10	1129	958	0	+1	171	190
2010	12	16	ID	PH	1	0	SEA		3	1314	955	0	−1	129	191
2010	12	19	ID	PH	1	0	SEA		3	1317	952	+1	0	128	191
2011	02	09	PH	MN	2	0	SCQ		11	963	781	+1	−1	190	209
2011	03	15	MN	PH	2	1	SCQ		25	806	938	+2	−3	207	193
2011	03	21	MM	PH	1	1	SCQ		-14	1115	952	−2	+2	175	191
2011	03	23	PS	PH	0	0	SCQ	MM	-12	1185	964	−1	0	157	191
2011	03	25	PH	BD	3	0	SCQ	MM	36	1000	935	+4	−4	187	193
2011	06	29	LK	PH	1	1	WQ		-1	917	1001	0	0	194	187
2011	07	03	PH	LK	4	0	WQ		19	1020	898	+3	−4	184	198
2011	07	23	KW	PH	3	0	WQ		1	1593	1019	0	0	60	185
2011	07	28	PH	KW	1	2	WQ		-2	1017	1595	0	0	185	60
2011	09	30	HK	PH	3	3	LTC	TW	-7	1180	1024	−1	0	161	184
2011	10	02	TW	PH	0	0	LTC		0	925	1024	0	0	194	184
2011	10	04	PH	MO	2	0	LTC	TW	5	1029	662	+1	0	183	222
2011	10	07	SG	PH	2	0	F		3	1320	1026	0	−1	129	184
2011	10	11	PH	NP	4	0	F		12	1038	980	+1	0	182	190
2012	02	29	PH	MY	1	1	F		2	1040	1206	0	−1	182	154
2012	03	09	KP	PH	2	0	SQC	NP	4	1499	1036	+1	0	89	182
2012	03	11	PH	IN	2	0	SQC	NP	41	1077	1126	+3	−11	179	173
2012	03	13	PH	TJ	2	1	SQC	NP	30	1107	1234	+4	−5	175	147
2012	03	16	TM	PH	2	1	SQC	NP	8	1369	1099	0	−2	115	177
2012	03	19	PH	PS	4	3	SQC	NP	30	1129	1253	+5	−8	172	144
2012	06	01	MY	PH	0	0	F		-5	1204	1134	−2	+2	156	170
2012	06	05	PH	ID	2	2	F		1	1135	1267	0	0	170	141
2012	06	12	PH	GU	3	0	F		1	1136	612	0	0	170	227
2012	09	05	KH	PH	0	0	F		6	787	1130	+1	−1	210	172
2012	09	07	SG	PH	0	2	F		-23	1219	1153	−4	+5	152	167
2012	09	10	LA	PH	2	1	F		15	860	1138	0	−4	208	171
2012	09	25	PH	GU	1	0	PCC		1	1139	656	0	−1	171	226
2012	09	27	PH	MO	5	0	PCC		2	1141	658	0	0	171	225
2012	09	29	PH	TW	3	1	PCC		6	1147	897	+1	0	170	201
2012	10	12	BH	PH	0	0	F		-8	1438	1155	−2	+2	100	168
2012	10	16	KW	PH	2	1	F		1	1523	1154	0	+1	80	166
2012	11	15	PH	SG	1	0	F		9	1163	1216	+3	−2	163	152
2012	11	24	TH	PH	2	1	SEA		5	1387	1158	+2	−1	111	165
2012	11	27	PH	VN	1	0	SEA	TH	27	1185	1256	+7	−4	159	144
2012	11	30	PH	MM	2	0	SEA	TH	17	1202	1006	+4	−4	155	189
2012	12	08	PH	SG	0	0	SEA		-3	1199	1249	0	0	156	144
2012	12	12	SG	PH	1	0	SEA		12	1261	1187	+1	−3	143	159
2013	02	06	MM	PH	0	1	F		-8	998	1195	0	+2	189	157
2013	03	24	PH	KH	8	0	SCQ		3	1198	677	+2	−1	156	222
2013	03	26	PH	TM	1	0	SCQ		25	1223	1354	+7	−4	149	120
2013	06	04	HK	PH	0	1	F		-12	1193	1235	−5	+2	158	147
2013	08	14	ID	PH	2	0	F		12	1229	1223	+3	−2	148	149
2013	10	11	PH	TW	1	2	PCC		-28	1195	857	−9	+2	160	206
2013	10	15	PH	PK	3	1	PCC		6	1201	947	+3	−1	156	196
2013	11	09	AE	PH	4	0	F		2	1643	1199	+1	0	49	156
2013	11	15	IN	PH	1	1	F		1	1080	1198	+1	0	180	156
2014	03	01	MY	PH	0	0	F		-2	1170	1200	0	−1	163	157
2014	03	05	AZ	PH	1	0	F	AE	4	1445	1196	0	−1	100	158
2014	04	11	PH	NP	3	0	F	QA	6	1202	900	+1	−1	157	201
2014	04	27	PH	MY	0	0	F		-3	1199	1193	0	0	158	161
2014	05	20	AF	PH	0	0	SQC	MV	7	1073	1192	0	−3	181	161
2014	05	22	PH	LA	2	0	SQC	MV	7	1199	841	+3	−1	158	207
2014	05	24	PH	TM	2	0	SQC	MV	39	1238	1269	+12	−8	146	139
2014	05	27	MV	PH	2	3	SQC		-18	1078	1256	−3	+2	182	144
2014	05	30	PS	PH	1	0	SQC	MV	15	1358	1241	+3	−3	122	147
2014	09	03	PH	TW	5	1	PCC		3	1244	843	+3	0	145	207
2014	09	06	PH	MM	2	3	PCC		-25	1219	1078	−8	+5	153	180
2014	10	12	PH	PG	5	0	F		7	1226	1050	+1	−1	152	186
2014	10	31	PH	NP	3	0	F	QA	5	1231	893	+2	−1	149	203
2014	11	09	TH	PH	3	0	F		10	1305	1221	+1	−2	131	151
2014	11	14	PH	KH	3	0	F		1	1222	721	0	0	152	217
2014	11	22	PH	LA	4	1	SEA	VN	8	1230	853	+4	0	150	207
2014	11	25	PH	ID	4	0	SEA	VN	38	1268	1197	+10	−15	140	161
2014	11	28	VN	PH	3	1	SEA		24	1265	1244	+2	−4	142	144
2014	12	06	PH	TH	0	0	SEA		1	1245	1364	0	0	144	117
2014	12	10	TH	PH	3	0	SEA		15	1379	1230	+4	−5	113	149
2015	03	30	BH	PH	2	1	F		2	1487	1228	+1	−1	88	150
2015	06	11	PH	BH	2	1	WQS		28	1256	1456	+10	−11	140	98
2015	06	16	PH	YE	2	0	WQS	QA	25	1281	1177	+5	−3	136	164
2015	09	03	PH	MV	2	0	F		4	1285	1028	+1	0	134	187
2015	09	08	PH	UZ	1	5	WQS		-18	1267	1599	−3	+4	138	60
2015	10	08	KP	PH	0	0	WQS		-16	1532	1283	−4	+5	75	134
2015	10	13	BH	PH	2	0	WQS		12	1428	1271	+5	−3	103	138
2015	11	12	PH	YE	0	1	WQS		-31	1240	1188	−9	+7	146	163
2016	03	24	UZ	PH	1	0	WQS		2	1658	1238	0	0	46	149
2016	03	29	PH	KP	3	2	WQS		30	1268	1504	+9	−7	142	82
2016	09	06	KG	PH	1	2	F		-12	1219	1280	−5	+4	157	139
2016	10	07	PH	BH	1	3	F		-13	1267	1443	−5	+3	145	98
2016	10	10	PH	KP	1	3	F		-9	1258	1514	0	+2	145	80
2016	11	09	PH	KG	1	0	F		6	1264	1224	0	0	145	153
2016	11	19	PH	SG	0	0	SEA		-12	1252	1136	−3	+4	147	171
2016	11	22	PH	ID	2	2	SEA		-9	1243	1201	−1	+1	148	164
2016	11	25	PH	TH	0	1	SEA		-17	1226	1418	−4	+5	152	103
2017	03	22	PH	MY	0	0	F		-6	1220	1115	−1	+2	155	175
2017	03	28	PH	NP	4	1	SQ		6	1226	902	+2	0	153	200
2017	06	07	CN	PH	8	1	F		4	1547	1222	+1	−2	73	157
2017	06	13	TJ	PH	3	4	SQ		-26	1209	1248	−10	+11	162	146
2017	09	05	PH	YE	2	2	SQ		-7	1241	1221	−4	+3	151	156
2017	10	10	PH	YE	1	1	SQ	QA	-1	1240	1222	0	−1	152	157
2017	11	14	NP	PH	0	0	SQ		12	905	1228	+2	−2	200	155
2017	12	01	PH	LA	3	1	FT	TW	3	1231	785	0	−1	155	212
2017	12	03	TW	PH	3	0	FT		40	967	1191	+5	−11	193	166
2017	12	05	TL	PH	1	0	FT	TW	29	638	1162	+2	−3	228	169
2018	03	22	PH	FJ	3	2	F		10	1172	1242	+1	−3	168	152
2018	03	27	PH	TJ	2	1	SQ		17	1189	1202	+2	−4	166	161
2018	09	06	BH	PH	1	1	F		-7	1410	1196	−2	+1	105	166
2018	10	03	PH	LA	3	1	BGC	BD	3	1199	757	+1	0	163	213
2018	10	05	BD	PH	0	1	BGC		-5	801	1204	0	+2	208	160
2018	10	09	TJ	PH	2	0	BGC	BD	23	1218	1181	+7	−7	157	167
2018	10	13	OM	PH	1	1	F	QA	-8	1533	1189	−2	+1	73	165
2018	11	06	PH	MN	3	1	F		1	1190	719	0	0	166	216
2018	11	13	PH	SG	1	0	SEA		10	1200	1082	+2	−2	165	179
2018	11	17	PH	TL	3	2	SEA	MY	2	1202	651	+2	0	163	228
2018	11	21	PH	TH	1	1	SEA		6	1208	1405	+4	0	158	103
2018	11	25	ID	PH	0	0	SEA		-5	1201	1213	−3	0	163	158
2018	12	02	PH	VN	1	2	SEA		-21	1192	1317	−7	+4	165	132
2018	12	06	VN	PH	2	1	SEA		9	1326	1183	+5	0	127	165
2018	12	31	VN	PH	4	2	F	QA	9	1337	1174	+3	−3	124	168
2019	01	07	KR	PH	1	0	AC	AE	1	1779	1173	+1	0	22	168
2019	01	11	CN	PH	3	0	AC	AE	10	1535	1163	+1	−1	76	169
2019	01	16	KG	PH	3	1	AC	AE	26	1303	1137	+6	−2	135	171
2019	06	07	CN	PH	2	0	F		2	1482	1135	+1	−1	87	171
2019	09	05	PH	SY	2	5	WQS		-17	1118	1455	−5	+4	177	92
2019	09	10	GU	PH	1	4	WQS		-13	746	1131	−3	+1	214	176
2019	10	15	PH	CN	0	0	WQS		13	1144	1481	+5	−4	172	87
2019	11	14	MV	PH	1	2	WQS		-15	939	1159	−1	+2	195	170
2019	11	19	SY	PH	1	0	WQS	AE	5	1484	1154	0	−2	86	172
2021	06	07	CN	PH	2	0	WQS	AE	9	1471	1145	0	−1	89	172
2021	06	11	PH	GU	3	0	WQS	AE	6	1151	727	+3	0	169	216
2021	06	15	MV	PH	1	1	WQS	AE	11	952	1140	+1	−3	194	172
2021	12	08	SG	PH	2	1	SEA		14	1158	1126	+3	−4	168	177
2021	12	11	PH	TL	7	0	SEA	SG	5	1131	628	0	0	177	228
2021	12	14	TH	PH	2	1	SEA	SG	11	1313	1120	+3	−1	130	178
2021	12	18	PH	MM	3	2	SEA	SG	12	1132	965	+1	0	177	191
2022	03	23	MY	PH	2	0	FT	SG	22	1169	1110	+4	−1	166	177
2022	03	29	SG	PH	2	0	FT		16	1130	1094	+1	−2	175	179
2022	06	08	PH	YE	0	0	SQ	MN	4	1098	1166	0	−1	177	168
2022	06	11	MN	PH	0	1	SQ		-8	754	1106	−1	+2	213	175
2022	06	14	PS	PH	4	0	SQ	MN	11	1432	1095	+4	−2	93	177
2022	07	16	PH	TL	4	1	F	ID	2	1097	622	0	0	177	229
2022	12	14	VN	PH	1	0	F		2	1395	1095	+1	0	102	178
2022	12	20	KH	PH	3	2	SEA		28	873	1067	+3	−4	203	182
2022	12	23	PH	BN	5	1	SEA		3	1070	613	+2	−1	180	231
2022	12	26	TH	PH	4	0	SEA		7	1383	1063	+4	−2	107	182
2023	01	02	PH	ID	1	2	SEA		-14	1049	1291	−1	+1	183	141
2023	03	24	KW	PH	2	0	F		3	1347	1046	+3	0	119	184
2023	03	28	JO	PH	4	0	F	QA	2	1592	1044	0	0	65	184
2023	06	15	PH	NP	1	0	F		5	1049	933	+1	−1	183	194
2023	06	19	PH	TW	2	3	F		-16	1033	925	−2	+1	185	196
2023	09	08	TW	PH	1	1	F		0	925	1033	0	+1	195	184
2023	09	12	PH	AF	2	1	F		9	1042	1075	0	−2	184	180
2023	10	15	PH	KG	1	0	F	BH	15	1057	1237	+1	−2	183	153
2023	10	17	BH	PH	1	0	F		1	1481	1056	0	0	86	182
2023	11	16	PH	VN	0	2	WQS		-12	1044	1407	−1	+4	183	102
2023	11	21	PH	ID	1	1	WQS		8	1052	1284	−1	−4	183	146
2024	03	21	IQ	PH	1	0	WQS		1	1640	1051	0	+1	51	182
2024	03	26	PH	IQ	0	5	WQS		-5	1046	1645	+1	0	181	53
2024	06	06	VN	PH	3	2	WQS		5	1275	1041	+2	−2	146	183
2024	06	11	ID	PH	2	0	WQS		6	1332	1035	0	−1	126	184
2024	09	04	MY	PH	2	1	MRD		4	1280	1031	0	0	146	184
2024	09	08	PH	TJ	0	0	MRD	MY	11	1042	1350	+1	−4	183	120
2024	10	11	TH	PH	3	1	KNG		2	1441	1040	+3	−1	95	184
2024	10	14	PH	TJ	3	0	KNG	TH	45	1085	1294	+8	−13	176	139
2024	11	14	HK	PH	3	1	F		10	1117	1075	−2	−3	172	179
2024	12	12	PH	MM	1	1	SEA		-13	1062	918	−2	+3	179	196
2024	12	15	LA	PH	1	1	SEA		13	707	1049	+2	−2	218	181
2024	12	18	PH	VN	1	1	SEA		7	1056	1268	+1	−2	180	149
2024	12	21	ID	PH	0	1	SEA		-36	1319	1092	−8	+5	131	175
2024	12	27	PH	TH	2	1	SEA		33	1125	1424	+5	−8	169	97
2024	12	30	TH	PH	3	1	SEA		5	1429	1120	0	−2	97	171
2025	03	25	PH	MV	4	1	SQ		9	1129	877	+2	0	169	203
2025	06	10	PH	TJ	2	2	SQ		3	1132	1287	−1	−3	170	143
2025	10	09	PH	TL	4	1	SQ	AU	5	1137	684	+1	0	169	223
2025	10	14	PH	TL	3	1	SQ		2	1139	682	0	0	167	223
2025	11	18	MV	PH	0	2	SQ		-16	840	1155	−2	+4	205	162
2026	03	31	TJ	PH	1	1	SQ		-12	1284	1167	−7	+1	145	161
2026	06	03	PH	GU	5	1	FT		2	1169	716	0	0	161	219
2026	06	09	PH	MM	5	1	FT		10	1179	983	+1	−1	161	188
2026	07	28	PH	MM	1	4	SEA		-60	1119	1032	−7	+8	168	182
2026	08	01	LA	PH	1	4	SEA		-11	719	1130	−4	+1	219	167
2026	08	04	PH	TH	0	1	SEA		-11	1119	1405	−1	+1	168	101
2026	08	08	MY	PH	1	0	SEA		7	1295	1112	+2	−2	136	170