1921	12	18	HU	PL	1	0	F		1	1941	1599	0	‚àí	4	25
1922	05	14	PL	HU	0	3	F		-7	1592	1942	0	0	25	4
1922	05	28	SE	PL	1	2	F		-13	1579	1605	‚àí4	0	29	25
1922	09	03	RO	PL	1	1	F		-3	1615	1608	0	0	24	25
1922	10	01	YU	PL	1	3	F		-17	1543	1625	0	+1	33	24
1923	06	03	PL	YU	1	2	F		-15	1610	1558	‚àí2	0	27	34
1923	09	02	PL	RO	1	1	F		-3	1607	1588	0	0	26	28
1923	09	23	FI	PL	5	3	F		12	1585	1595	+3	‚àí2	30	27
1923	09	25	EE	PL	1	4	F		-11	1359	1606	‚àí2	+2	46	25
1923	11	01	PL	SE	2	2	F		-1	1605	1665	0	0	26	22
1924	05	18	SE	PL	5	1	F		11	1676	1594	+1	0	23	28
1924	05	20	SE	PL	7	1	F		11	1687	1583	+1	‚àí1	22	29
1924	05	26	HU	PL	5	0	OG	FR	17	1918	1566	+1	‚àí4	5	33
1924	06	10	PL	US	2	3	F		-9	1557	1705	‚àí1	+3	36	20
1924	06	29	PL	TR	2	0	F		10	1567	1531	+1	0	34	39
1924	08	10	PL	FI	1	0	F		7	1574	1536	+2	0	31	38
1924	08	31	HU	PL	4	0	F		4	1844	1570	+1	‚àí1	9	32
1925	07	19	PL	HU	0	2	F		-9	1561	1825	‚àí1	0	33	13
1925	08	30	FI	PL	2	2	F		-2	1521	1563	0	0	38	32
1925	09	02	EE	PL	0	0	F		4	1338	1559	0	0	51	32
1925	10	02	TR	PL	1	2	F		-12	1507	1571	0	+1	39	31
1925	11	01	PL	SE	2	6	F		-9	1562	1883	‚àí1	0	32	7
1926	07	04	PL	EE	2	0	F		4	1566	1338	0	0	36	52
1926	08	08	PL	FI	7	1	F		13	1579	1508	+5	0	31	39
1926	08	20	HU	PL	4	1	F		5	1814	1574	0	0	12	31
1926	09	12	PL	TR	6	1	F		10	1584	1464	0	0	31	43
1926	10	03	SE	PL	3	1	F		3	1839	1581	‚àí1	0	10	31
1926	10	10	NO	PL	3	4	F		-13	1566	1594	‚àí4	0	36	31
1927	06	19	RO	PL	3	3	F		-2	1567	1596	‚àí2	0	36	28
1928	06	10	PL	US	3	3	F		-1	1595	1672	0	0	28	21
1928	07	01	PL	SE	2	1	F		14	1609	1821	0	‚àí2	28	13
1928	10	27	CS	PL	3	2	SLV		2	1939	1607	0	0	5	28
1930	09	28	SE	PL	0	3	F		-29	1767	1636	‚àí1	+2	14	27
1930	10	26	PL	LV	6	0	F		5	1641	1378	+1	0	26	53
1931	06	14	PL	CS	0	4	F		-11	1630	1911	‚àí1	0	28	8
1931	07	05	LV	PL	0	5	F		-11	1357	1641	0	+2	56	26
1931	08	23	PL	RO	2	3	F		-14	1627	1622	‚àí1	+2	28	29
1931	10	11	BE	PL	2	1	F		8	1611	1619	+1	‚àí1	30	28
1931	10	25	PL	YU	6	3	F		10	1629	1561	+1	0	27	36
1932	05	29	YU	PL	0	3	F		-19	1537	1648	‚àí2	+3	39	25
1932	07	10	PL	SE	2	0	F		14	1662	1712	+1	0	24	18
1932	10	02	PL	LV	2	1	F		2	1664	1343	+2	0	22	57
1932	10	02	RO	PL	0	5	F		-21	1565	1685	‚àí3	+2	35	22
1933	06	04	PL	BE	0	1	F		-15	1670	1596	‚àí2	+1	25	34
1933	09	10	PL	YU	4	3	F		5	1675	1573	+2	‚àí1	23	40
1933	10	15	PL	CS	1	2	WQ		-17	1658	1837	‚àí3	+1	27	10
1933	12	03	DE	PL	1	0	F		4	1779	1654	0	0	13	27
1934	05	21	DK	PL	4	2	F		7	1767	1647	+1	‚àí1	14	26
1934	05	23	SE	PL	4	2	F		8	1731	1639	0	‚àí1	18	27
1934	08	26	YU	PL	4	1	F		15	1597	1624	+3	‚àí4	36	32
1934	09	09	PL	DE	2	5	F		-11	1613	1864	‚àí3	+1	35	9
1934	10	14	LV	PL	2	6	F		-9	1304	1622	‚àí2	+1	66	34
1934	10	14	PL	RO	3	3	F		-3	1619	1628	+1	0	34	31
1935	05	12	AT	PL	5	2	F		3	1934	1616	0	‚àí1	6	33
1935	08	18	PL	YU	2	3	F		-12	1604	1659	0	+1	35	28
1935	09	15	DE	PL	1	0	F		2	1892	1602	0	‚àí1	9	36
1935	09	15	PL	LV	3	3	F		-8	1594	1305	‚àí1	0	36	66
1935	10	06	PL	AT	1	0	F		15	1609	1892	+1	‚àí1	35	8
1935	11	03	RO	PL	4	1	F		18	1519	1591	+6	‚àí1	43	36
1936	02	16	BE	PL	0	2	F		-17	1517	1608	‚àí1	+2	44	34
1936	08	13	NO	PL	3	2	OG	DE	16	1794	1592	0	‚àí2	14	37
1936	09	06	LV	PL	3	3	F		4	1351	1588	0	‚àí2	63	39
1936	09	06	YU	PL	9	3	F		13	1651	1575	+2	‚àí2	28	39
1936	09	13	PL	DE	1	1	F		4	1579	1827	0	0	39	11
1936	10	04	DK	PL	2	1	F		4	1724	1575	+1	0	19	39
1937	06	23	PL	SE	3	1	F		16	1591	1692	+4	‚àí1	37	21
1937	07	04	PL	RO	2	4	F		-20	1571	1599	‚àí4	+6	41	35
1937	09	12	BG	PL	3	3	F		-1	1500	1572	0	+3	50	38
1937	09	12	PL	DK	3	1	F		18	1590	1716	+3	‚àí2	38	19
1937	10	10	PL	LV	2	1	F		3	1593	1404	+6	0	32	57
1937	10	10	PL	YU	4	0	WQ		31	1624	1605	+6	‚àí4	32	35
1938	03	13	CH	PL	3	3	F		-2	1607	1626	0	0	37	35
1938	04	03	YU	PL	1	0	WQ		16	1621	1610	+4	‚àí4	36	39
1938	05	22	PL	IE	6	0	F		19	1629	1648	+1	‚àí3	37	30
1938	06	05	BR	PL	6	5	WC	FR	10	1914	1619	+1	0	7	36
1938	09	18	DE	PL	4	1	F		7	1762	1612	0	‚àí1	14	38
1938	09	25	LV	PL	2	1	F		13	1429	1599	0	‚àí2	59	40
1938	09	25	PL	YU	4	4	KPC		-4	1595	1615	‚àí2	+1	40	38
1938	10	23	PL	NO	2	2	F		1	1596	1744	0	0	40	15
1938	11	13	IE	PL	3	2	F		5	1670	1591	+2	‚àí1	25	41
1939	01	22	FR	PL	4	0	F		11	1652	1580	+1	‚àí2	32	43
1939	05	27	PL	BE	3	3	F		-4	1576	1522	0	0	43	47
1939	06	04	PL	CH	1	1	F		2	1578	1758	0	0	43	15
1939	08	27	PL	HU	4	2	F		23	1601	1858	+3	‚àí1	40	9
1947	05	04	PL	BG	0	2	F		-24	1577	1476	‚àí1	+2	42	57
1947	06	11	NO	PL	3	1	F		10	1603	1567	0	‚àí2	41	44
1947	07	19	PL	RO	1	2	F		-12	1555	1614	0	+1	43	39
1947	08	31	CS	PL	6	3	F		4	1817	1551	0	‚àí2	14	45
1947	09	14	SE	PL	5	4	F		2	1863	1549	0	0	10	45
1947	09	17	FI	PL	1	4	F		-11	1313	1560	0	+2	80	43
1947	10	19	YU	PL	7	1	F		8	1726	1552	+1	‚àí1	20	45
1947	10	26	RO	PL	0	0	F		-4	1581	1556	0	+1	40	44
1948	04	04	BG	PL	1	1	BCE		-1	1473	1557	0	0	57	46
1948	04	18	PL	CS	3	1	BCE		44	1601	1790	+7	0	39	15
1948	06	26	DK	PL	8	0	F		11	1721	1590	+1	‚àí1	21	40
1948	08	25	PL	YU	0	1	BCE		-17	1573	1757	‚àí2	+1	41	17
1948	09	19	PL	HU	2	6	BCE		-14	1559	1938	‚àí6	0	47	6
1948	10	10	PL	RO	0	0	BCE		-4	1555	1586	0	0	47	40
1948	10	17	PL	FI	1	0	F		2	1557	1299	0	0	47	85
1949	05	08	RO	PL	2	1	F		7	1579	1550	+1	‚àí1	41	49
1949	06	19	PL	DK	1	2	F		-6	1544	1793	‚àí1	+1	50	12
1949	07	10	HU	PL	8	2	F		3	1909	1541	+1	0	7	50
1949	10	02	PL	BG	3	2	F		7	1548	1530	0	0	49	53
1949	10	30	CS	PL	2	0	F		5	1737	1543	+1	0	17	49
1949	11	06	PL	AL	2	1	F		8	1551	1560	0	‚àí1	49	47
1950	05	01	AL	PL	0	0	F		-3	1537	1554	‚àí1	0	51	47
1950	05	14	PL	RO	3	3	F		-2	1552	1597	0	0	47	38
1950	06	04	PL	HU	2	5	F		-6	1546	1936	‚àí1	0	48	7
1950	10	22	PL	CS	1	4	F		-13	1533	1749	‚àí3	+2	51	15
1950	10	30	BG	PL	0	1	F		-12	1500	1545	‚àí3	+3	57	47
1951	04	21	DD	PL	0	3	F		-20	1480	1565	‚àí	+3	60	48
1951	04	25	DD	PL	1	4	F		-18	1462	1583	‚àí5	+5	65	43
1951	05	27	HU	PL	6	0	F		3	1939	1580	0	0	6	43
1952	05	11	SU	PL	0	1	F		-12	1527	1592	‚àí2	+2	52	40
1952	05	14	SU	PL	2	1	F		9	1536	1583	+2	‚àí2	50	42
1952	05	18	PL	BG	0	1	F		-15	1568	1523	‚àí3	+4	45	53
1952	05	25	RO	PL	1	0	F		6	1638	1562	+2	‚àí3	33	48
1952	06	15	PL	HU	1	5	F		-7	1555	1931	‚àí2	0	49	6
1952	07	21	DK	PL	2	0	OG	FI	25	1745	1530	+2	‚àí3	19	52
1952	09	14	CS	PL	2	2	F		-7	1713	1537	‚àí1	+2	23	50
1952	09	21	PL	DD	3	0	F		9	1546	1452	0	‚àí2	50	66
1953	05	10	PL	CS	1	1	F		2	1548	1725	+2	0	49	19
1953	09	13	BG	PL	2	2	F		-1	1471	1549	0	0	63	50
1953	11	29	AL	PL	2	0	F		11	1558	1538	+4	‚àí3	48	53
1953	12	06	AL	PL	2	0	F		10	1568	1528	+1	‚àí1	47	54
1954	08	08	PL	BG	2	2	F		-4	1524	1484	‚àí1	+3	58	66
1954	09	26	DD	PL	0	1	F		-10	1428	1534	‚àí2	+2	80	56
1955	05	29	RO	PL	2	2	F		-5	1632	1539	0	+1	37	56
1955	06	26	BG	PL	1	1	F		-2	1502	1541	0	0	64	56
1955	09	11	FI	PL	1	3	F		-13	1380	1554	‚àí1	+5	86	53
1956	05	30	NO	PL	0	0	F		-4	1613	1558	0	+2	42	53
1956	07	15	HU	PL	4	1	F		1	2090	1557	0	0	1	53
1956	07	22	PL	DD	0	2	F		-23	1534	1469	‚àí7	+7	60	71
1956	08	26	PL	BG	1	2	F		-13	1521	1535	‚àí3	+3	63	60
1956	10	28	PL	NO	5	3	F		16	1537	1619	+4	‚àí2	59	43
1956	11	04	PL	FI	5	0	F		7	1544	1363	+1	0	58	92
1956	11	16	TR	PL	1	1	F		-6	1670	1550	0	+1	31	57
1957	05	19	PL	TR	0	1	F		-8	1542	1732	‚àí1	+2	57	19
1957	06	23	SU	PL	3	0	WQ		6	1868	1536	+1	0	9	57
1957	07	05	FI	PL	1	3	WQ		-26	1358	1562	‚àí3	+5	94	52
1957	09	29	BG	PL	1	1	F		-4	1618	1566	‚àí1	+1	43	50
1957	10	20	PL	SU	2	1	WQ		32	1598	1874	+4	‚àí3	48	9
1957	11	03	PL	FI	4	0	WQ		8	1606	1318	+2	0	47	101
1957	11	24	SU	PL	2	0	WQ	DD	11	1885	1595	+1	‚àí3	9	49
1958	05	11	PL	IE	2	2	F		2	1597	1747	+1	‚àí1	48	21
1958	05	25	DK	PL	3	2	F		8	1586	1589	+1	0	49	48
1958	06	01	PL	SQ	1	2	F		-6	1583	1827	‚àí1	0	49	13
1958	06	28	DD	PL	1	1	F		0	1482	1583	0	0	70	49
1958	09	14	PL	HU	1	3	F		-4	1579	1990	‚àí2	0	50	2
1958	10	05	IE	PL	2	2	F		-6	1735	1585	0	+1	22	49
1959	05	20	WG	PL	1	1	F		-8	1853	1593	0	+4	10	45
1959	06	21	PL	IL	7	2	F		9	1602	1470	0	0	45	76
1959	06	28	PL	ES	2	4	EQ		-16	1586	1896	‚àí4	0	49	9
1959	08	30	PL	RO	2	3	F		-11	1575	1676	‚àí1	0	49	36
1959	10	14	ES	PL	3	0	EQ		6	1902	1569	0	‚àí2	9	51
1959	10	18	FI	PL	1	3	OQ		-16	1275	1585	‚àí1	+4	111	47
1959	11	08	PL	FI	6	2	OQ		6	1591	1269	+1	‚àí2	46	113
1959	11	29	IL	PL	1	1	F		0	1485	1591	+1	0	72	46
1960	05	04	SQ	PL	2	3	F		-18	1824	1609	0	+1	13	43
1960	05	19	SU	PL	7	1	F		3	1939	1606	+1	0	5	43
1960	06	26	PL	BG	4	0	F		19	1625	1699	+1	‚àí2	42	31
1960	08	26	PL	TN	6	1	OG	IT	56	1681	1544	+7	‚àí10	35	55
1960	08	29	DK	PL	2	1	OG	IT	31	1701	1650	+7	‚àí3	30	38
1960	09	28	PL	FR	2	2	F		3	1653	1873	0	0	38	11
1960	11	13	HU	PL	4	1	F		3	1956	1650	0	0	4	39
1961	05	06	PL	BG	1	1	F		0	1650	1761	0	0	36	20
1961	05	21	PL	SU	1	0	F		16	1666	1966	+3	0	35	4
1961	06	04	YU	PL	2	1	WQ		4	1937	1662	+1	0	8	36
1961	06	25	PL	YU	1	1	WQ		9	1671	1930	+2	0	34	9
1961	10	08	PL	WG	0	2	F		-11	1660	1884	‚àí2	0	37	12
1961	10	22	PL	DD	3	1	F		6	1666	1515	+2	‚àí2	36	64
1961	11	05	PL	DK	5	0	F		16	1682	1682	+5	‚àí4	32	32
1962	04	11	FR	PL	1	3	F		-23	1760	1705	‚àí4	+4	21	27
1962	04	15	MA	PL	1	3	F		-18	1664	1723	‚àí4	+3	36	24
1962	05	23	PL	BE	2	0	F		9	1732	1657	+1	‚àí2	23	38
1962	09	02	PL	HU	0	2	F		-9	1723	1978	‚àí1	0	24	4
1962	09	30	BG	PL	2	1	F		6	1757	1717	+1	0	21	24
1962	10	10	PL	EI	0	2	EQ		-47	1670	1633	‚àí8	+8	32	40
1962	10	11	PL	MA	1	1	F		-3	1667	1654	0	0	32	36
1962	10	28	CS	PL	2	1	F		1	2005	1666	0	0	3	32
1962	11	28	EI	PL	2	0	EQ		26	1636	1640	+6	‚àí5	38	37
1963	05	15	NO	PL	2	5	F		-17	1508	1657	‚àí2	+2	68	37
1963	05	22	PL	GR	4	0	F		6	1663	1471	+1	0	36	76
1963	06	02	PL	RO	1	1	F		-2	1661	1700	0	0	36	29
1963	09	04	PL	NO	9	0	F		9	1670	1497	0	‚àí3	35	70
1963	09	22	PL	TR	0	0	F		-2	1668	1705	0	0	35	29
1963	10	16	GR	PL	3	1	F		19	1490	1649	+6	‚àí2	70	38
1964	05	10	PL	IE	3	1	F		12	1661	1657	+1	‚àí2	35	36
1964	09	13	PL	CS	2	1	F		14	1675	1882	+2	0	33	11
1964	09	27	TR	PL	2	3	F		-13	1685	1688	‚àí3	+2	32	31
1964	10	07	SE	PL	3	3	F		-7	1856	1695	‚àí1	+1	13	30
1964	10	25	IE	PL	3	2	F		8	1672	1687	0	0	35	30
1965	04	07	BE	PL	0	0	F		-4	1736	1691	0	0	25	31
1965	04	18	PL	IT	0	0	WQ		8	1699	1920	0	‚àí1	31	6
1965	05	16	PL	BG	1	1	F		-2	1697	1743	0	0	31	25
1965	05	23	PL	SQ	1	1	WQ		7	1704	1908	+1	0	30	8
1965	09	26	FI	PL	2	0	WQ		45	1460	1659	+8	‚àí9	81	37
1965	10	13	SQ	PL	1	2	WQ		-35	1847	1694	‚àí3	+8	13	30
1965	10	24	PL	FI	7	0	WQ		11	1705	1449	+1	‚àí1	29	82
1965	11	01	IT	PL	6	1	WQ		11	1936	1694	+1	‚àí1	5	31
1965	12	21	BG	PL	1	0	F		5	1768	1689	0	‚àí1	25	32
1966	01	05	EN	PL	1	1	F		-8	1943	1697	0	+2	5	30
1966	05	03	PL	HU	1	1	F		5	1702	1970	0	0	31	4
1966	05	18	PL	SE	1	1	F		-1	1701	1777	0	0	31	20
1966	06	05	BR	PL	4	1	F		3	2004	1698	+1	0	1	30
1966	06	08	BR	PL	2	1	F		2	2006	1696	0	‚àí1	1	31
1966	06	11	AR	PL	1	1	F		-8	1988	1704	0	+2	3	29
1966	07	05	PL	EN	0	1	F		-5	1699	1993	0	0	30	3
1966	09	11	DD	PL	2	0	F		9	1766	1690	+2	‚àí3	20	34
1966	10	02	PL	LU	4	0	EQ		5	1695	1321	0	0	33	112
1966	10	22	FR	PL	2	1	EQ		13	1744	1682	0	‚àí1	26	34
1966	11	17	RO	PL	4	3	F		3	1858	1679	+1	‚àí2	11	36
1966	12	03	IL	PL	0	0	F		2	1523	1677	0	0	63	37
1967	04	16	LU	PL	0	0	EQ		13	1329	1664	+6	‚àí1	107	35
1967	05	21	PL	BE	3	1	EQ		32	1696	1750	+2	‚àí3	33	23
1967	07	28	PL	SU	0	1	OQ		-10	1686	1992	0	+2	33	4
1967	08	04	SU	PL	2	1	OQ		4	1996	1682	0	0	4	33
1967	09	17	PL	FR	1	4	EQ		-41	1641	1762	‚àí4	+7	38	22
1967	10	08	BE	PL	2	4	EQ		-46	1704	1687	‚àí5	+5	29	33
1967	10	29	PL	RO	0	0	F		0	1687	1793	0	0	32	16
1968	04	24	PL	TR	8	0	F		16	1703	1657	+3	‚àí1	30	37
1968	05	01	PL	NL	0	0	F		-3	1700	1685	‚àí2	0	32	34
1968	05	15	IE	PL	2	2	F		-2	1674	1702	0	+2	35	30
1968	06	09	NO	PL	1	6	F		-17	1530	1719	‚àí2	+2	64	29
1968	06	20	PL	BR	3	6	F		-11	1708	1969	‚àí1	+2	30	4
1968	10	20	PL	DD	1	1	F		2	1710	1859	+1	0	28	14
1968	10	30	PL	IE	1	0	F		6	1716	1668	0	0	29	34
1968	12	17	AR	PL	1	0	F		3	1900	1713	+1	0	8	28
1969	04	20	PL	LU	8	1	WQ		5	1718	1321	0	‚àí3	28	112
1969	04	30	TR	PL	1	3	F		-14	1583	1732	‚àí2	+2	50	26
1969	05	07	NL	PL	1	0	WQ		15	1727	1717	+2	‚àí3	27	29
1969	06	15	BG	PL	4	1	WQ		11	1911	1706	0	0	7	29
1969	07	19	GE	PL	0	1	F		-10	1599	1716	‚àí	0	‚àí	29
1969	08	27	PL	NO	6	1	F		7	1723	1527	+1	‚àí1	28	67
1969	08	31	SU	PL	0	0	F		-7	1920	1730	0	+2	6	26
1969	09	07	PL	NL	2	1	WQ		14	1744	1713	+1	‚àí1	25	29
1969	10	12	LU	PL	1	5	WQ		-10	1310	1754	‚àí1	+1	110	24
1969	11	09	PL	BG	3	0	WQ		39	1793	1857	+6	‚àí2	18	10
1970	05	02	HU	PL	2	0	F		6	1937	1787	+1	0	6	18
1970	05	06	PL	IE	2	1	F		3	1790	1602	0	0	18	51
1970	05	16	PL	DD	1	1	F		0	1790	1890	0	0	18	8
1970	05	19	DK	PL	0	2	F		-14	1645	1804	‚àí1	+2	41	16
1970	07	15	RU	PL	3	2	F		4	1931	1800	0	0	5	16
1970	07	19	UA	PL	1	1	F		2	1644	1798	‚àí	0	‚àí	16
1970	07	22	PL	IQ	2	0	F		4	1802	1556	0	‚àí1	16	58
1970	09	02	PL	DK	5	0	F		7	1809	1636	+1	‚àí1	15	40
1970	09	06	DD	PL	5	0	F		10	1903	1799	0	‚àí1	7	16
1970	09	23	IE	PL	0	2	F		-11	1590	1810	0	+1	52	15
1970	10	14	PL	AL	3	0	EQ		5	1815	1460	0	‚àí3	15	77
1970	10	25	CS	PL	2	2	F		-3	1821	1818	0	0	14	15
1971	05	05	CH	PL	2	4	F		-14	1676	1832	0	0	36	14
1971	05	12	AL	PL	1	1	EQ		13	1461	1819	+5	0	74	14
1971	09	22	PL	TR	5	1	EQ		12	1831	1622	+1	‚àí2	14	43
1971	10	10	PL	WG	1	3	EQ		-21	1810	2065	‚àí2	0	16	2
1971	11	17	WG	PL	0	0	EQ		-15	2050	1825	0	+1	2	13
1971	12	05	TR	PL	1	0	EQ		28	1599	1797	+7	‚àí3	50	16
1972	04	16	BG	PL	3	1	OQ		22	1818	1775	+4	‚àí5	14	21
1972	05	07	PL	BG	3	0	OQ		29	1804	1789	+5	‚àí4	16	19
1972	05	10	PL	CH	0	0	F		-5	1799	1713	‚àí1	0	17	31
1972	08	30	PL	GH	4	0	OG	WG	37	1836	1636	+2	‚àí4	14	40
1972	09	01	PL	DD	2	1	OG	WG	37	1873	1880	+4	‚àí2	10	9
1972	09	03	DK	PL	1	1	OG	WG	15	1704	1858	+1	‚àí1	33	11
1972	09	05	PL	SU	2	1	OG	WG	38	1896	1921	+2	‚àí1	9	6
1972	09	08	PL	MA	5	0	OG	WG	26	1922	1645	+2	‚àí2	7	37
1972	09	10	PL	HU	2	1	OG	WG	34	1956	1940	+3	‚àí3	4	7
1972	10	15	PL	CS	3	0	F		8	1964	1845	+1	0	4	14
1973	03	20	PL	US	4	0	F		1	1965	1421	0	0	4	88
1973	03	28	WA	PL	2	0	WQ		46	1709	1919	+8	‚àí3	31	7
1973	05	13	PL	YU	2	2	F		-2	1917	1944	0	0	8	5
1973	05	16	PL	IE	2	0	F		2	1919	1580	+1	‚àí1	7	53
1973	06	06	PL	EN	2	0	WQ		30	1949	1994	+3	0	4	3
1973	08	01	CA	PL	1	3	F		-4	1541	1953	0	0	59	5
1973	08	03	US	PL	0	1	F		-2	1417	1955	0	0	87	5
1973	08	05	PL	MX	1	0	F	US	6	1961	1818	0	0	5	19
1973	08	08	MX	PL	1	2	F		-9	1809	1970	‚àí1	0	20	5
1973	08	10	US	PL	0	4	F		-3	1438	1973	‚àí3	0	80	5
1973	08	12	US	PL	1	0	F		18	1456	1955	+8	0	72	5
1973	08	19	BG	PL	0	2	F		-14	1815	1969	‚àí1	0	18	5
1973	09	26	PL	WA	3	0	WQ		6	1975	1653	0	0	5	37
1973	10	10	NL	PL	1	1	F		1	1838	1974	0	0	15	5
1973	10	17	EN	PL	1	1	WQ		-7	1994	1981	0	0	3	5
1973	10	21	IE	PL	1	0	F		17	1609	1964	+5	0	45	5
1974	04	13	HT	PL	2	1	F		16	1624	1948	+4	‚àí1	41	6
1974	04	15	HT	PL	1	3	F		-6	1618	1954	‚àí1	0	42	6
1974	04	17	BE	PL	1	1	F		-1	1873	1955	0	+1	13	5
1974	05	15	PL	GR	2	0	F		2	1957	1588	0	0	5	50
1974	06	15	PL	AR	3	2	WC	WG	25	1982	1870	+1	‚àí5	4	14
1974	06	19	PL	HT	7	0	WC	WG	14	1996	1588	+1	‚àí5	4	50
1974	06	23	PL	IT	2	1	WC	WG	30	2026	1969	+1	‚àí4	3	7
1974	06	26	PL	SE	1	0	WC	WG	21	2047	1893	0	‚àí1	3	10
1974	06	30	PL	YU	2	1	WC	WG	22	2069	1933	0	+1	3	7
1974	07	03	WG	PL	1	0	WC		19	2126	2050	+1	‚àí1	1	4
1974	07	06	PL	BR	1	0	WC	WG	32	2082	2036	+2	‚àí1	2	4
1974	09	01	FI	PL	1	2	EQ		-2	1423	2084	‚àí1	0	89	2
1974	09	04	PL	DD	1	3	F		-25	2059	1943	‚àí1	0	3	7
1974	09	07	PL	FR	0	2	F		-27	2032	1799	‚àí1	+3	4	20
1974	10	09	PL	FI	3	0	EQ		1	2033	1420	0	0	4	89
1974	10	31	PL	CA	2	0	F		1	2034	1514	0	0	4	66
1974	11	13	CS	PL	2	2	F		2	1866	2032	+2	0	12	4
1975	03	26	PL	US	7	0	F		1	2033	1434	0	‚àí1	4	86
1975	04	19	IT	PL	0	0	EQ		-1	1942	2034	0	0	6	4
1975	05	28	DD	PL	1	2	F		-9	1876	2043	0	+1	12	3
1975	06	24	US	PL	0	4	F		-2	1430	2045	‚àí1	0	88	3
1975	07	06	CA	PL	1	8	F		-3	1497	2048	0	0	67	3
1975	07	09	CA	PL	1	4	F		-2	1495	2050	0	0	67	3
1975	09	10	PL	NL	4	1	EQ		26	2076	2036	+2	‚àí1	2	4
1975	10	08	PL	HU	4	2	F		3	2079	1821	0	0	2	18
1975	10	15	NL	PL	3	0	EQ		29	2065	2050	+1	‚àí1	2	3
1975	10	26	PL	IT	0	0	EQ		-12	2038	1929	0	0	3	7
1976	03	24	PL	AR	1	2	F		-16	2022	1901	0	+4	4	9
1976	04	24	FR	PL	2	0	F		21	1787	2001	+6	0	20	4
1976	05	06	GR	PL	1	0	F		16	1651	1985	+2	0	40	4
1976	05	11	CH	PL	2	1	F		16	1666	1969	+4	0	37	5
1976	05	26	PL	IE	0	2	F		-27	1942	1727	‚àí3	+1	8	29
1976	07	18	CU	PL	0	0	OG	CA	24	1581	1918	+1	‚àí1	51	8
1976	07	22	PL	IR	3	2	OG	CA	16	1934	1722	0	‚àí1	8	30
1976	07	25	PL	KP	5	0	OG	CA	17	1951	1607	+2	‚àí4	6	49
1976	07	31	DD	PL	3	1	OG	CA	48	1974	1903	+3	‚àí4	6	10
1976	10	16	PT	PL	0	2	WQ		-33	1806	1936	‚àí2	+2	18	8
1976	10	31	PL	CY	5	0	WQ		1	1937	1275	0	0	8	118
1977	04	13	HU	PL	2	1	F		9	1877	1928	0	‚àí1	13	9
1977	04	24	IE	PL	0	0	F		3	1735	1925	0	‚àí1	27	10
1977	05	01	DK	PL	1	2	WQ		-11	1636	1936	0	+1	40	9
1977	05	15	CY	PL	1	3	WQ		-2	1268	1938	0	0	119	9
1977	05	29	AR	PL	3	1	F		11	1937	1927	+1	‚àí1	8	9
1977	06	10	PE	PL	1	3	F		-13	1757	1940	‚àí1	0	24	7
1977	06	12	BO	PL	1	2	F		-3	1560	1943	‚àí2	0	55	7
1977	06	19	BR	PL	3	1	F		7	2068	1936	0	0	3	7
1977	08	24	AT	PL	2	1	F		10	1845	1926	+1	‚àí1	16	8
1977	09	07	SU	PL	4	1	F		15	1896	1911	+1	‚àí1	13	8
1977	09	21	PL	DK	4	1	WQ		9	1920	1669	0	‚àí2	8	37
1977	10	29	PL	PT	1	1	WQ		-9	1911	1864	0	+1	8	15
1977	11	12	PL	SE	2	1	F		4	1915	1752	0	0	8	26
1978	03	22	LU	PL	1	3	F		-1	1248	1916	0	+1	127	9
1978	04	05	PL	GR	5	2	F		4	1920	1649	0	+1	10	40
1978	04	12	PL	IE	3	0	F		5	1925	1722	0	‚àí1	10	29
1978	04	26	PL	BG	1	0	F		3	1928	1744	+1	0	8	26
1978	06	01	PL	WG	0	0	WC	AR	14	1942	2084	+1	‚àí1	8	2
1978	06	06	PL	TN	1	0	WC	AR	13	1955	1710	+1	‚àí3	7	32
1978	06	10	PL	MX	3	1	WC	AR	18	1973	1701	+1	‚àí4	6	33
1978	06	14	AR	PL	2	0	WC		38	1966	1935	+3	‚àí3	6	9
1978	06	18	PL	PE	1	0	WC	AR	24	1959	1836	+2	‚àí2	7	17
1978	06	21	BR	PL	3	1	WC	AR	28	2121	1931	0	‚àí2	1	9
1978	08	30	FI	PL	0	1	F		-2	1480	1933	‚àí1	0	69	9
1978	09	06	IS	PL	0	2	EQ		-5	1398	1938	‚àí1	0	92	9
1978	10	11	RO	PL	1	0	F		10	1837	1928	0	+1	16	9
1978	11	15	PL	CH	2	0	EQ		5	1933	1602	0	‚àí2	9	47
1979	02	18	TN	PL	0	2	F		-10	1706	1943	0	0	31	8
1979	03	21	DZ	PL	0	1	F		-4	1615	1947	0	0	46	8
1979	04	04	PL	HU	1	1	F		-6	1941	1803	0	0	8	21
1979	04	18	DD	PL	2	1	EQ		18	1902	1923	+3	‚àí2	11	10
1979	05	02	PL	NL	2	0	EQ		33	1956	2023	+3	‚àí2	7	4
1979	08	19	PL	LY	5	0	F		1	1957	1486	0	0	7	72
1979	08	29	PL	RO	3	0	F		7	1964	1798	0	‚àí2	7	21
1979	09	12	CH	PL	0	2	EQ		-11	1598	1975	‚àí1	0	49	7
1979	09	26	PL	DD	1	1	EQ		-8	1967	1927	0	0	7	9
1979	10	10	PL	IS	2	0	EQ		1	1968	1362	0	0	7	99
1979	10	17	NL	PL	1	1	EQ		-9	2021	1977	0	+1	4	6
1980	02	17	MA	PL	1	0	F		18	1548	1959	+2	‚àí1	63	7
1980	02	27	IQ	PL	1	1	F		4	1696	1955	+1	0	31	7
1980	02	29	IQ	PL	1	0	F		14	1710	1941	+2	0	29	7
1980	03	26	HU	PL	2	1	F		12	1796	1929	0	‚àí1	19	8
1980	04	02	BE	PL	2	1	F		8	1909	1921	0	‚àí2	12	10
1980	04	19	IT	PL	2	2	F		-5	1991	1926	0	+1	5	9
1980	04	26	YU	PL	2	1	F		8	1919	1918	+1	‚àí2	10	11
1980	05	13	WG	PL	3	1	F		6	2080	1912	0	0	1	11
1980	05	28	PL	SQ	1	0	F		4	1916	1793	+1	0	10	18
1980	06	22	PL	IQ	3	0	F		4	1920	1674	+2	0	11	34
1980	06	29	BR	PL	1	1	F		-6	2032	1926	0	+1	2	10
1980	07	02	BO	PL	0	1	F		-5	1618	1931	‚àí2	+1	48	9
1980	07	09	CO	PL	1	4	F		-7	1578	1938	‚àí1	+1	52	8
1980	09	24	PL	CS	1	1	F		-3	1935	1935	0	+1	9	9
1980	10	12	AR	PL	2	1	F		6	1998	1929	0	0	4	10
1980	11	12	ES	PL	1	2	F		-11	1846	1940	0	+3	15	8
1980	11	19	PL	DZ	5	1	F		4	1944	1670	‚àí1	‚àí1	9	36
1980	12	07	MT	PL	0	2	WQ		-3	1341	1947	0	0	103	9
1981	01	25	JP	PL	0	2	F		-3	1489	1950	‚àí1	0	72	8
1981	01	27	JP	PL	2	4	F		-3	1486	1953	‚àí1	+1	73	7
1981	01	30	JP	PL	1	4	F		-4	1482	1957	0	+1	73	6
1981	02	01	JP	PL	0	3	F		-4	1478	1961	‚àí3	0	76	6
1981	03	25	RO	PL	2	0	F		16	1844	1945	+1	‚àí2	17	8
1981	05	02	PL	DD	1	0	WQ		14	1959	1932	+2	‚àí3	6	10
1981	05	24	PL	IE	3	0	F		5	1964	1743	0	0	5	25
1981	09	02	PL	WG	0	2	F		-15	1949	2079	‚àí1	0	5	2
1981	09	23	PT	PL	2	0	F		18	1806	1931	+3	‚àí1	18	7
1981	10	10	DD	PL	2	3	WQ		-26	1910	1957	‚àí3	+1	9	6
1981	10	28	AR	PL	1	2	F		-15	2014	1972	0	0	3	5
1981	11	15	PL	MT	6	0	WQ		2	1974	1384	0	‚àí1	5	92
1981	11	18	PL	ES	2	3	F		-16	1958	1867	0	+2	5	15
1982	06	14	IT	PL	0	0	WC	ES	6	1898	1952	+2	‚àí1	11	7
1982	06	19	CM	PL	0	0	WC	ES	22	1661	1930	+2	‚àí1	39	8
1982	06	22	PL	PE	5	1	WC	ES	33	1963	1742	+2	‚àí5	6	25
1982	06	28	PL	BE	3	0	WC	ES	50	2013	1897	+2	‚àí3	4	10
1982	07	04	PL	SU	0	0	WC	ES	-1	2012	2008	0	0	4	5
1982	07	08	IT	PL	2	0	WC	ES	52	2012	1960	+2	‚àí2	4	6
1982	07	10	PL	FR	3	2	WC	ES	30	1990	1926	0	‚àí1	6	8
1982	08	31	FR	PL	0	4	F		-21	1905	2011	‚àí1	+1	9	5
1982	09	08	FI	PL	2	3	EQ		-3	1478	2014	‚àí2	0	77	5
1982	10	10	PT	PL	2	1	EQ		28	1788	1986	+1	‚àí1	21	6
1983	03	23	PL	BG	3	1	F		3	1989	1705	0	0	6	32
1983	04	17	PL	FI	1	1	EQ		-19	1970	1478	‚àí1	+5	6	74
1983	05	22	PL	SU	1	1	EQ		-3	1967	2029	0	0	6	2
1983	09	07	PL	RO	2	2	F		-6	1961	1831	0	0	5	18
1983	10	09	SU	PL	2	0	EQ		16	2052	1945	0	0	2	5
1983	10	28	PL	PT	0	1	EQ		-33	1912	1807	‚àí3	+2	8	21
1984	01	11	IN	PL	1	2	NGC		-2	1259	1914	0	0	125	7
1984	01	15	PL	CN	1	0	NGC	IN	5	1919	1564	+1	0	6	57
1984	01	17	AR	PL	1	1	NGC	IN	0	1919	1919	0	0	6	6
1984	01	27	PL	CN	1	0	NGC	IN	6	1925	1607	0	‚àí2	6	45
1984	03	27	CH	PL	1	1	F		2	1766	1923	+1	0	25	6
1984	04	17	PL	BE	0	1	F		-14	1909	1904	0	+2	6	7
1984	05	23	IE	PL	0	0	F		2	1724	1907	0	0	30	6
1984	08	29	NO	PL	1	1	F		5	1629	1902	0	0	41	6
1984	09	12	FI	PL	0	2	F		-4	1467	1906	‚àí2	‚àí1	80	7
1984	09	26	PL	TR	2	0	F		2	1908	1573	0	‚àí1	7	55
1984	10	17	PL	GR	3	1	WQ		5	1913	1592	0	‚àí1	7	47
1984	10	31	PL	AL	2	2	WQ		-19	1894	1443	‚àí2	+2	8	85
1984	12	08	IT	PL	2	0	F		12	1879	1882	+1	‚àí3	11	10
1985	02	05	MX	PL	5	0	FT		30	1816	1852	+2	‚àí3	21	12
1985	02	06	BG	PL	2	2	FT	MX	3	1773	1849	+2	‚àí1	26	13
1985	02	10	CO	PL	1	2	F		-6	1583	1855	0	+1	49	12
1985	02	14	CO	PL	1	0	F		15	1598	1840	+2	‚àí3	47	15
1985	03	27	RO	PL	0	0	F		-1	1781	1841	‚àí1	+2	26	13
1985	04	17	PL	FI	2	1	F		1	1842	1476	0	0	14	80
1985	05	01	BE	PL	2	0	WQ		24	1836	1818	+3	‚àí4	15	18
1985	05	19	GR	PL	1	4	WQ		-27	1612	1845	‚àí3	+5	46	14
1985	05	30	AL	PL	0	1	WQ		-7	1474	1852	0	+2	77	13
1985	08	21	SE	PL	1	0	F		7	1862	1845	+2	0	11	15
1985	09	04	CS	PL	3	1	F		14	1787	1831	+1	‚àí4	25	19
1985	09	11	PL	BE	0	0	WQ		-5	1826	1841	‚àí1	0	20	16
1985	11	16	PL	IT	1	0	F		9	1835	1883	+3	‚àí1	18	8
1985	12	08	TN	PL	1	0	F		14	1592	1821	+4	‚àí3	51	21
1985	12	11	TR	PL	1	1	F		6	1504	1815	+1	‚àí1	72	22
1986	02	16	UY	PL	2	2	F		-4	1861	1819	0	+2	15	21
1986	03	26	ES	PL	3	0	F		9	1902	1810	+2	‚àí2	6	22
1986	05	16	DK	PL	1	0	F		5	1906	1805	+1	‚àí1	6	23
1986	06	02	MA	PL	0	0	WC	MX	13	1655	1792	+2	‚àí2	36	27
1986	06	07	PL	PT	1	0	WC	MX	35	1827	1815	+6	‚àí7	21	22
1986	06	11	EN	PL	3	0	WC	MX	38	1963	1789	+3	‚àí9	4	26
1986	06	16	BR	PL	4	0	WC	MX	27	2013	1762	+1	‚àí2	2	26
1986	10	07	PL	KP	2	2	F		-7	1755	1568	‚àí1	+1	27	58
1986	10	15	PL	GR	2	1	EQ		9	1764	1619	+2	‚àí2	25	45
1986	11	12	PL	IE	1	0	F		7	1771	1732	0	‚àí1	25	31
1986	11	19	NL	PL	0	0	EQ		-11	1879	1782	‚àí1	+3	10	22
1987	03	18	PL	FI	3	1	F		4	1786	1558	+1	‚àí2	21	58
1987	03	24	PL	NO	4	1	F		10	1796	1705	+1	0	20	33
1987	04	12	PL	CY	0	0	EQ		-19	1777	1281	‚àí3	+6	24	117
1987	04	29	GR	PL	1	0	EQ		20	1702	1757	0	‚àí3	35	27
1987	05	17	HU	PL	5	3	EQ		21	1788	1736	+1	‚àí1	22	28
1987	08	19	PL	DD	2	0	F		15	1751	1816	+2	‚àí1	28	19
1987	09	02	PL	RO	3	1	F		16	1767	1861	+5	‚àí1	23	13
1987	09	23	PL	HU	3	2	EQ		15	1782	1765	+1	‚àí2	22	24
1987	10	14	PL	NL	0	2	EQ		-30	1752	1913	‚àí6	+4	28	7
1987	10	27	CS	PL	3	1	F		8	1822	1744	+2	‚àí1	17	29
1987	11	11	CY	PL	0	1	EQ		-4	1276	1748	‚àí1	0	119	29
1988	02	06	PL	RO	2	2	FT	IL	5	1753	1866	+1	0	27	13
1988	02	10	IL	PL	1	3	FT		-16	1537	1769	‚àí2	+2	63	25
1988	03	23	EI	PL	1	1	F		-1	1700	1770	0	0	32	25
1988	05	22	IE	PL	3	1	F		9	1833	1761	+1	0	17	25
1988	06	01	SU	PL	2	1	F		3	1976	1758	0	‚àí1	2	26
1988	07	13	US	PL	0	2	F		-11	1561	1769	‚àí4	+1	57	25
1988	07	15	CA	PL	1	2	F		-7	1554	1776	‚àí3	0	60	25
1988	08	24	PL	BG	3	2	F		8	1784	1796	+1	‚àí1	24	22
1988	09	21	DD	PL	1	2	F		-14	1808	1798	‚àí1	+3	20	22
1988	10	19	PL	AL	1	0	WQ		3	1801	1435	+1	‚àí2	22	82
1989	02	07	CR	PL	2	4	F		-9	1555	1810	‚àí3	+2	60	19
1989	02	12	GT	PL	0	1	F		-5	1499	1815	0	+1	66	18
1989	02	14	MX	PL	3	1	F		9	1885	1806	0	‚àí2	11	20
1989	04	12	PL	RO	2	1	F		10	1816	1897	+2	‚àí2	19	10
1989	05	02	NO	PL	0	3	F		-15	1643	1831	‚àí1	+3	40	18
1989	05	07	SE	PL	2	1	WQ		8	1971	1823	0	‚àí2	6	20
1989	06	03	EN	PL	3	0	WQ		17	1935	1806	0	‚àí1	7	21
1989	08	23	PL	SU	1	1	F		2	1808	1985	0	0	20	3
1989	09	05	PL	GR	3	0	F		7	1815	1657	+1	‚àí2	19	39
1989	09	20	ES	PL	1	0	F		5	1912	1810	+1	0	9	19
1989	10	11	PL	EN	0	0	WQ		2	1812	1939	0	0	19	6
1989	10	25	PL	SE	0	2	WQ		-28	1784	1959	‚àí1	+3	20	5
1989	11	15	AL	PL	1	2	WQ		-7	1418	1791	‚àí2	0	87	20
1990	02	02	IR	PL	0	2	F		-11	1574	1802	‚àí1	0	50	19
1990	02	04	IR	PL	0	1	F		-6	1568	1808	‚àí4	+1	54	18
1990	02	11	KW	PL	1	1	F	EG	7	1496	1801	0	0	68	18
1990	03	28	PL	YU	0	0	F		1	1802	1921	0	+1	19	9
1990	05	04	CO	PL	2	1	FT	US	15	1819	1787	0	0	18	19
1990	05	06	PL	CR	2	0	FT	US	13	1800	1616	0	‚àí2	19	45
1990	05	09	US	PL	3	1	F		20	1593	1780	+1	‚àí1	49	20
1990	05	19	SQ	PL	1	1	F		-2	1734	1782	0	0	29	20
1990	05	21	PL	AE	4	0	F	FR	5	1787	1462	+1	‚àí2	19	73
1990	06	06	BE	PL	1	1	F		-4	1844	1791	0	0	17	20
1990	08	15	FR	PL	0	0	F		-6	1904	1797	0	0	8	19
1990	09	26	RO	PL	2	1	F		5	1881	1792	+2	0	11	19
1990	10	10	PL	US	2	3	F		-17	1775	1576	‚àí2	+3	21	52
1990	10	17	EN	PL	2	0	EQ		9	1989	1766	0	‚àí2	3	23
1990	11	14	TR	PL	0	1	EQ		-18	1611	1784	‚àí3	+1	49	22
1990	12	19	GR	PL	1	2	F		-11	1692	1795	0	+1	33	21
1991	02	05	EI	PL	3	1	F		17	1670	1778	+2	‚àí2	36	22
1991	03	13	PL	FI	1	1	F		-6	1772	1626	0	+1	22	45
1991	03	27	CS	PL	4	0	F		8	1911	1764	0	‚àí1	9	23
1991	04	17	PL	TR	3	0	EQ		14	1778	1603	+1	‚àí2	22	49
1991	05	01	IE	PL	0	0	EQ		-12	1901	1790	‚àí2	+1	10	21
1991	05	29	PL	WA	0	0	F		-4	1786	1762	0	+2	22	24
1991	08	14	PL	FR	1	5	F		-15	1771	1967	‚àí1	0	23	5
1991	08	21	PL	SE	2	0	F		14	1785	1832	+1	‚àí1	22	16
1991	09	11	NL	PL	1	1	F		-6	1937	1791	‚àí1	0	8	22
1991	10	16	PL	IE	3	3	EQ		1	1792	1899	+1	0	21	11
1991	11	13	PL	EN	1	1	EQ		6	1798	1987	+1	0	20	3
1991	12	03	EG	PL	4	0	F		22	1660	1776	+2	‚àí2	42	22
1991	12	05	EG	PL	0	0	F		0	1660	1776	0	0	42	22
1991	12	09	KW	PL	0	2	F		-7	1478	1783	‚àí3	0	77	22
1992	05	07	SE	PL	5	0	F		13	1823	1770	+1	0	17	22
1992	05	19	AT	PL	2	4	F		-13	1603	1783	‚àí1	0	49	23
1992	05	27	PL	CS	1	0	F		9	1792	1854	+1	0	21	13
1992	07	05	GT	PL	2	2	F		6	1463	1786	+2	‚àí1	85	22
1992	08	26	FI	PL	0	0	F		3	1585	1783	0	+1	61	21
1992	09	09	PL	IL	1	1	F		-6	1777	1630	‚àí3	+2	24	47
1992	09	23	PL	TR	1	0	WQ		7	1784	1588	+1	‚àí5	23	60
1992	10	14	NL	PL	2	2	WQ		-14	1956	1798	0	+2	5	21
1992	11	18	PL	LV	1	0	F		1	1799	1382	0	+1	21	106
1992	11	26	AR	PL	2	0	F		4	2029	1795	0	0	1	21
1992	11	29	UY	PL	0	1	F		-15	1867	1810	‚àí2	+1	15	20
1993	02	01	CY	PL	0	0	F		8	1341	1802	+2	‚àí1	116	20
1993	02	03	IL	PL	0	0	F		4	1573	1798	0	‚àí1	61	21
1993	03	17	BR	PL	2	2	F		-7	1994	1805	0	+1	3	19
1993	03	31	PL	LT	1	1	F		-9	1796	1374	‚àí2	+2	21	111
1993	04	13	PL	FI	2	1	F		2	1798	1520	0	‚àí1	20	75
1993	04	28	PL	SM	1	0	WQ		0	1798	1015	‚àí2	0	23	186
1993	05	19	SM	PL	0	3	WQ		-1	1014	1799	0	+1	185	22
1993	05	29	PL	EN	1	1	WQ		3	1802	1946	+1	0	21	6
1993	09	08	EN	PL	3	0	WQ		19	1891	1783	+4	0	10	24
1993	09	22	NO	PL	1	0	WQ		12	1846	1771	+1	‚àí1	19	25
1993	10	13	PL	NO	0	3	WQ		-38	1733	1884	‚àí3	+6	28	13
1993	10	27	TR	PL	2	1	WQ		25	1561	1708	+4	‚àí2	65	30
1993	11	17	PL	NL	1	3	WQ		-16	1692	1993	‚àí3	0	33	3
1994	02	09	ES	PL	1	1	F		-7	1901	1699	0	+2	9	31
1994	03	23	GR	PL	0	0	F		-4	1735	1703	‚àí1	0	28	30
1994	04	13	PL	SA	1	0	F	FR	9	1712	1646	0	‚àí4	32	45
1994	05	04	PL	HU	3	2	F		5	1717	1620	0	‚àí1	31	51
1994	05	17	PL	AT	3	4	F		-15	1702	1647	0	+4	31	44
1994	08	17	PL	BY	1	1	F		-8	1694	1419	‚àí1	+2	31	96
1994	09	04	IL	PL	2	1	EQ		22	1584	1672	+3	‚àí5	61	36
1994	10	12	PL	AZ	1	0	EQ		7	1679	1508	0	‚àí2	37	78
1994	11	16	PL	FR	0	0	EQ		7	1686	1903	+4	‚àí1	31	11
1994	12	08	SA	PL	0	2	F		-19	1663	1705	‚àí3	+1	36	30
1994	12	10	SA	PL	1	2	F		-12	1651	1717	‚àí2	0	38	30
1995	03	15	PL	LT	4	1	F		4	1721	1452	0	0	29	89
1995	03	29	RO	PL	2	1	EQ		7	1891	1714	+2	‚àí1	12	30
1995	04	25	PL	IL	4	3	EQ		10	1724	1616	+2	‚àí5	28	51
1995	06	07	PL	SK	5	0	EQ		25	1749	1659	+1	‚àí1	28	34
1995	06	29	BR	PL	2	1	F		1	2090	1748	0	0	1	28
1995	08	16	FR	PL	1	1	EQ		-13	1910	1761	0	+1	6	28
1995	09	06	PL	RO	0	0	EQ		2	1763	1899	0	0	28	8
1995	10	11	SK	PL	4	1	EQ		33	1714	1730	+2	‚àí1	31	30
1995	11	15	AZ	PL	0	0	EQ	TR	14	1453	1716	0	‚àí1	94	30
1996	02	19	JP	PL	5	0	CBG	HK	36	1681	1680	+7	‚àí5	36	37
1996	02	28	HR	PL	2	1	F		3	1887	1677	0	0	12	37
1996	03	27	PL	SI	0	0	F		-4	1673	1615	‚àí1	0	38	49
1996	05	01	PL	BY	1	1	F		-7	1666	1462	‚àí2	+2	40	89
1996	06	02	RU	PL	2	0	F		3	1931	1663	0	0	7	38
1996	06	26	BR	PL	3	1	F		2	2068	1661	0	0	2	39
1996	08	27	PL	CY	2	2	F		-8	1653	1392	0	+4	40	109
1996	09	04	PL	DE	0	2	F		-4	1649	2105	0	0	41	1
1996	09	25	PL	AE	1	0	F		5	1654	1564	0	0	41	64
1996	10	09	EN	PL	2	1	WQ		4	1943	1650	0	‚àí1	7	43
1996	11	10	PL	MD	2	1	WQ		6	1656	1452	+1	0	42	91
1997	02	15	CY	PL	2	3	FT		-10	1431	1666	‚àí1	+2	94	40
1997	02	17	PL	LV	3	2	FT	CY	5	1671	1373	+2	‚àí1	38	118
1997	02	26	BR	PL	4	2	F		2	2069	1669	0	‚àí1	2	39
1997	03	12	CZ	PL	2	1	F		2	1926	1667	+1	0	9	38
1997	04	02	PL	IT	0	0	WQ		12	1679	1991	0	0	39	5
1997	04	30	IT	PL	3	0	WQ		6	1997	1673	0	‚àí1	5	42
1997	05	22	SE	PL	2	2	F		-6	1831	1679	‚àí1	+1	17	40
1997	05	31	PL	EN	0	2	WQ		-17	1662	1963	‚àí3	+1	43	7
1997	06	14	PL	GE	4	1	WQ		19	1681	1571	+2	‚àí5	41	63
1997	09	06	PL	HU	1	0	F		5	1686	1607	+1	‚àí2	40	54
1997	09	24	PL	LT	2	0	F		6	1692	1522	+1	‚àí1	39	74
1997	10	07	MD	PL	0	3	WQ		-19	1396	1711	‚àí5	+3	107	36
1997	10	11	GE	PL	3	0	WQ		36	1638	1675	+5	‚àí6	48	42
1998	02	08	PY	PL	4	0	F		10	1760	1665	+4	‚àí4	26	45
1998	02	25	IL	PL	2	0	F		12	1643	1653	+3	‚àí3	48	47
1998	03	25	PL	SI	2	0	F		7	1660	1528	0	‚àí2	48	69
1998	04	22	HR	PL	4	1	F		5	1874	1655	0	0	14	46
1998	05	27	PL	RU	3	1	F		20	1675	1865	+4	‚àí3	42	16
1998	07	15	UA	PL	1	2	F		-13	1677	1688	‚àí3	+3	42	39
1998	08	18	PL	IL	2	0	F		11	1699	1672	+4	‚àí4	35	44
1998	09	06	BG	PL	0	3	EQ		-48	1690	1747	‚àí12	+10	40	27
1998	10	10	PL	LU	3	0	EQ		2	1749	1201	0	‚àí3	26	156
1998	11	10	SK	PL	1	3	F		-17	1688	1766	‚àí4	+4	39	22
1999	02	03	MT	PL	0	1	F		-1	1221	1767	0	0	149	21
1999	02	10	FI	PL	1	1	F	MT	5	1570	1762	+1	0	61	21
1999	03	03	PL	AM	1	0	F		1	1763	1380	0	0	22	113
1999	03	27	EN	PL	3	1	EQ		11	1943	1752	+2	‚àí4	8	26
1999	03	31	PL	SE	0	1	EQ		-18	1734	1908	‚àí5	0	30	13
1999	04	28	PL	CZ	2	1	F		13	1747	1913	+2	0	28	11
1999	06	04	PL	BG	2	0	EQ		16	1763	1655	+4	‚àí4	22	48
1999	06	09	LU	PL	2	3	EQ		-3	1194	1766	0	+1	156	21
1999	06	19	NZ	PL	0	0	FT	TH	9	1542	1757	+4	‚àí3	69	25
1999	08	18	PL	ES	1	2	F		-6	1751	2006	‚àí1	+1	26	3
1999	09	08	PL	EN	0	0	EQ		4	1755	1918	+1	‚àí1	26	10
1999	10	09	SE	PL	2	0	EQ		12	1913	1743	+3	‚àí4	12	30
2000	01	26	ES	PL	3	0	F		4	2010	1739	0	‚àí2	3	30
2000	02	23	FR	PL	1	0	F		2	2042	1737	0	+1	2	28
2000	03	29	HU	PL	0	0	F		1	1604	1736	0	‚àí2	57	30
2000	04	26	PL	FI	0	0	F		-6	1730	1581	‚àí1	0	29	60
2000	06	04	NL	PL	3	1	F	CH	6	1963	1724	0	‚àí6	4	37
2000	08	16	RO	PL	1	1	F		-6	1839	1730	0	+2	14	32
2000	09	02	UA	PL	1	3	WQ		-38	1687	1768	‚àí8	+7	42	25
2000	10	07	PL	BY	3	1	WQ		4	1772	1407	+1	0	24	105
2000	10	11	PL	WA	0	0	WQ		-15	1757	1556	‚àí5	+4	29	65
2000	11	15	PL	IS	1	0	F		4	1761	1595	+4	0	26	59
2001	02	28	PL	CH	4	0	F	CY	16	1777	1697	+4	‚àí4	23	40
2001	03	24	NO	PL	2	3	WQ		-28	1798	1805	‚àí5	+4	21	19
2001	03	28	PL	AM	4	0	WQ		4	1809	1412	+1	‚àí1	19	101
2001	04	25	PL	SQ	1	1	F		-4	1805	1746	0	+4	19	30
2001	06	02	WA	PL	1	2	WQ		-12	1544	1817	‚àí1	‚àí2	67	22
2001	06	06	AM	PL	1	1	WQ		14	1424	1803	+8	‚àí1	95	23
2001	08	15	IS	PL	1	1	F		3	1611	1800	0	+1	55	23
2001	09	01	PL	NO	3	0	WQ		21	1821	1731	+4	‚àí3	19	32
2001	09	05	BY	PL	4	1	WQ		57	1522	1764	+17	‚àí7	71	26
2001	10	06	PL	UA	1	1	WQ		-9	1755	1713	‚àí2	+4	28	38
2001	11	14	PL	CM	0	0	F		-4	1751	1711	‚àí2	+1	30	40
2002	02	10	PL	FO	2	1	F	CY	1	1752	1241	0	0	30	147
2002	02	13	PL	EI	4	1	F	CY	8	1760	1536	+1	‚àí1	29	66
2002	03	27	PL	JP	0	2	F		-15	1745	1878	‚àí4	+1	32	12
2002	04	17	PL	RO	1	2	F		-11	1734	1832	‚àí2	+2	34	17
2002	05	18	PL	EE	1	0	F		1	1735	1390	0	‚àí2	36	112
2002	06	04	KR	PL	2	0	WC		32	1767	1703	+7	‚àí5	27	39
2002	06	10	PT	PL	4	0	WC	KR	24	1958	1679	+1	‚àí5	6	42
2002	06	14	PL	US	3	1	WC	KR	66	1745	1787	+5	‚àí9	35	25
2002	08	21	PL	BE	1	1	F		-1	1744	1823	‚àí1	+1	35	20
2002	09	07	SM	PL	0	2	EQ		-1	950	1745	0	0	191	34
2002	10	12	PL	LV	0	1	EQ		-37	1708	1464	‚àí4	+14	37	86
2002	10	16	PL	NZ	2	0	F		6	1714	1566	+1	‚àí1	36	62
2002	11	20	DK	PL	2	0	F		5	1896	1709	+1	‚àí1	9	37
2003	02	12	HR	PL	0	0	MJT		-7	1783	1716	‚àí1	+1	25	37
2003	02	14	PL	MK	3	0	MJT	HR	11	1727	1466	+1	‚àí3	36	87
2003	03	29	PL	HU	0	0	EQ		-12	1715	1600	‚àí1	+1	36	57
2003	04	02	PL	SM	5	0	EQ		1	1716	945	0	0	36	193
2003	04	30	BE	PL	3	1	F		9	1772	1707	+2	‚àí3	24	39
2003	06	06	PL	KZ	3	0	F		3	1710	1420	+1	‚àí2	37	104
2003	06	11	SE	PL	3	0	EQ		16	1840	1694	+2	‚àí1	15	39
2003	08	20	EE	PL	1	2	F		-5	1412	1699	‚àí1	+2	104	37
2003	09	06	LV	PL	0	2	EQ		-18	1436	1717	‚àí5	+3	95	35
2003	09	10	PL	SE	0	2	EQ		-29	1688	1854	‚àí4	+3	39	15
2003	10	11	HU	PL	1	2	EQ		-19	1545	1707	‚àí2	0	67	38
2003	11	12	PL	IT	3	1	F		21	1728	1920	+4	‚àí1	34	9
2003	11	16	PL	RM	4	3	F		8	1736	1737	+3	0	30	29
2003	12	11	MT	PL	0	4	F		-3	1232	1739	0	+1	148	29
2003	12	14	PL	LT	3	1	F	MT	4	1743	1426	0	‚àí2	29	101
2004	02	18	PL	SI	2	0	F	ES	12	1755	1652	+1	‚àí2	28	50
2004	02	21	PL	FO	6	0	F	ES	2	1757	1229	+1	‚àí1	27	149
2004	03	31	PL	US	0	1	F		-11	1746	1830	‚àí2	+2	29	15
2004	04	28	PL	IE	0	0	F		0	1746	1846	‚àí1	0	30	13
2004	05	29	PL	GR	1	0	F		9	1755	1795	+1	‚àí3	29	21
2004	06	05	SE	PL	3	1	F		9	1800	1746	+1	0	21	28
2004	07	11	US	PL	1	1	F		-5	1844	1751	0	0	15	28
2004	08	18	PL	DK	1	5	F		-18	1733	1881	‚àí1	+1	31	11
2004	09	04	EI	PL	0	3	WQ		-24	1491	1757	‚àí3	+1	82	30
2004	09	08	PL	EN	1	2	WQ		-14	1743	1978	0	+2	30	4
2004	10	09	AT	PL	1	3	WQ		-34	1651	1777	‚àí13	+1	49	29
2004	10	13	WA	PL	2	3	WQ		-18	1626	1795	‚àí3	+3	54	26
2004	11	17	FR	PL	0	0	F		-7	1986	1802	+1	+3	2	22
2005	02	09	PL	BY	1	3	F		-25	1777	1640	‚àí3	+6	27	50
2005	03	26	PL	AZ	8	0	WQ		5	1782	1373	+1	‚àí2	26	108
2005	03	30	PL	EI	1	0	WQ		4	1786	1488	+1	‚àí2	25	85
2005	04	27	MX	PL	1	1	F	US	-3	1893	1789	0	+2	11	24
2005	05	29	PL	AL	1	0	F		2	1791	1508	0	0	24	79
2005	06	04	AZ	PL	0	3	WQ		-10	1361	1801	‚àí1	+2	110	23
2005	08	15	PL	RM	3	2	VLM	UA	14	1815	1762	+4	0	20	26
2005	08	17	PL	IL	3	2	VLM	UA	11	1826	1711	+3	‚àí1	17	38
2005	09	03	PL	AT	3	2	WQ		8	1834	1673	0	‚àí3	17	48
2005	09	07	PL	WA	1	0	WQ		5	1839	1575	+1	+1	16	62
2005	10	07	PL	IS	3	2	F		2	1841	1510	0	0	16	83
2005	10	12	EN	PL	2	1	WQ		9	1954	1832	+1	‚àí2	5	19
2005	11	13	PL	EC	3	0	F	ES	15	1847	1759	+3	‚àí3	15	31
2005	11	16	PL	EE	3	1	F		1	1848	1425	+1	+1	14	98
2006	03	01	US	PL	1	0	F	DE	10	1849	1838	+2	‚àí4	14	18
2006	03	28	SA	PL	1	2	F		-5	1559	1843	‚àí1	+1	68	16
2006	05	02	PL	LT	0	1	F		-19	1824	1497	‚àí5	+7	20	82
2006	05	14	PL	FO	4	0	F		1	1825	1212	0	‚àí1	20	154
2006	05	30	PL	CO	1	2	F		-14	1811	1777	‚àí3	+2	21	29
2006	06	03	PL	HR	1	0	F	DE	11	1822	1845	+1	0	20	13
2006	06	09	EC	PL	2	0	WC	DE	60	1760	1762	+12	‚àí12	33	32
2006	06	14	DE	PL	1	0	WC		12	1923	1750	+1	‚àí3	9	33
2006	06	20	PL	CR	2	1	WC	DE	23	1773	1640	+4	‚àí1	28	51
2006	08	16	DK	PL	2	0	F		7	1893	1766	0	‚àí1	10	27
2006	09	02	PL	FI	1	3	EQ		-48	1718	1667	‚àí14	+7	41	48
2006	09	06	PL	RS	1	1	EQ		-4	1714	1748	‚àí1	‚àí1	42	33
2006	10	07	KZ	PL	0	1	EQ		-8	1361	1722	‚àí1	+1	113	40
2006	10	11	PL	PT	2	1	EQ		25	1747	1894	+4	‚àí2	35	10
2006	11	15	BE	PL	0	1	EQ		-23	1672	1770	‚àí3	+8	47	27
2006	12	06	AE	PL	2	5	F		-10	1496	1780	‚àí3	+2	85	25
2007	02	03	PL	EE	4	0	F	ES	4	1784	1402	+2	0	23	102
2007	02	07	PL	SK	2	2	F	ES	-2	1782	1719	+1	0	22	42
2007	03	24	PL	AZ	5	0	EQ		4	1786	1372	+1	‚àí3	21	112
2007	03	28	PL	AM	1	0	EQ		2	1788	1382	+2	0	21	107
2007	06	02	AZ	PL	1	3	EQ		-10	1393	1798	‚àí4	0	106	21
2007	06	06	AM	PL	1	0	EQ		34	1442	1764	+6	‚àí9	95	30
2007	08	22	RU	PL	2	2	F		-4	1790	1768	‚àí1	0	22	29
2007	09	08	PT	PL	2	2	EQ		-12	1896	1780	‚àí2	+4	12	25
2007	09	12	FI	PL	0	0	EQ		1	1659	1779	‚àí1	‚àí1	47	26
2007	10	13	PL	KZ	3	1	EQ		3	1782	1355	+1	0	25	115
2007	10	17	PL	HU	0	1	F		-17	1765	1624	‚àí3	+1	28	57
2007	11	17	PL	BE	2	0	EQ		13	1778	1628	+4	‚àí2	24	56
2007	11	21	RS	PL	2	2	EQ		-4	1749	1782	‚àí1	‚àí1	34	25
2008	02	06	PL	CZ	2	0	FT	CY	32	1814	1911	+7	‚àí2	19	9
2008	02	27	PL	EE	2	0	F		1	1815	1399	0	‚àí1	19	106
2008	03	26	PL	US	0	3	F		-24	1791	1796	‚àí5	+7	24	21
2008	05	26	MK	PL	1	1	F	DE	6	1567	1785	+2	0	68	25
2008	05	27	PL	AL	1	0	F	DE	3	1788	1485	0	0	25	91
2008	06	01	PL	DK	1	1	F		-2	1786	1835	0	+1	26	14
2008	06	08	DE	PL	2	0	EC	AT	20	1980	1766	+1	‚àí6	6	29
2008	06	12	AT	PL	1	1	EC		6	1591	1760	+2	‚àí1	59	29
2008	06	16	HR	PL	1	0	EC	AT	14	1930	1746	+2	‚àí5	8	34
2008	08	20	UA	PL	1	0	F		7	1755	1739	+3	0	30	34
2008	09	06	PL	SI	1	1	WQ		-14	1725	1558	‚àí1	+6	35	69
2008	09	10	SM	PL	0	2	WQ		-1	925	1726	‚àí2	‚àí2	195	37
2008	10	11	PL	CZ	2	1	WQ		22	1748	1840	+5	‚àí3	32	15
2008	10	15	SK	PL	2	1	WQ		22	1628	1726	+3	‚àí3	53	36
2008	11	19	IE	PL	2	3	F		-14	1772	1740	‚àí4	+1	28	35
2008	12	14	PL	RS	1	0	F	TR	11	1751	1773	+3	‚àí3	32	25
2009	02	07	LT	PL	1	1	F	PT	3	1633	1748	+1	0	52	31
2009	02	11	PL	WA	1	0	F	PT	7	1755	1646	+1	0	30	50
2009	03	28	EI	PL	3	2	WQ		26	1576	1729	+7	‚àí5	64	35
2009	04	01	PL	SM	10	0	WQ		1	1730	917	+1	0	33	197
2009	06	06	ZA	PL	1	0	F		12	1556	1718	+3	‚àí4	70	37
2009	06	09	IQ	PL	1	1	F	ZA	5	1527	1713	+1	‚àí2	80	39
2009	08	12	PL	GR	2	0	F		14	1727	1775	+2	‚àí1	39	25
2009	09	05	PL	EI	1	1	WQ		-12	1715	1602	0	0	39	61
2009	09	09	SI	PL	3	0	WQ		40	1604	1675	+11	‚àí7	57	46
2009	10	10	CZ	PL	2	0	WQ		13	1813	1662	+1	‚àí2	20	48
2009	10	14	PL	SK	0	1	WQ		-27	1635	1659	‚àí4	+4	52	48
2009	11	14	PL	RO	0	1	F		-9	1626	1773	+1	+1	51	25
2009	11	18	PL	CA	1	0	F		7	1633	1606	0	‚àí2	51	56
2010	01	20	TH	PL	1	3	KNG		-19	1458	1652	‚àí5	+1	96	50
2010	01	23	PL	SG	6	1	KNG	TH	10	1662	1364	+1	‚àí1	49	117
2010	03	03	PL	BG	2	0	F		15	1677	1739	+3	‚àí2	46	32
2010	05	29	PL	FI	0	0	F		-4	1673	1653	0	+1	46	49
2010	06	02	PL	RS	0	0	F	AT	4	1677	1836	0	0	46	15
2010	06	08	ES	PL	6	0	F		2	2111	1675	0	0	1	46
2010	08	11	PL	CM	0	3	F		-24	1651	1660	‚àí4	+3	49	47
2010	09	04	PL	UA	1	1	F		2	1653	1810	0	0	48	17
2010	09	07	PL	AU	1	2	F		-9	1644	1781	‚àí2	+3	50	20
2010	10	09	US	PL	2	2	F		-6	1756	1650	‚àí1	+1	26	48
2010	10	12	EC	PL	2	2	F	CA	-2	1714	1652	‚àí2	+1	36	47
2010	11	17	PL	CI	3	1	F		16	1668	1765	+3	‚àí4	44	24
2010	12	10	BA	PL	2	2	F	TR	1	1628	1667	0	‚àí1	54	44
2011	02	06	PL	MD	1	0	F	PT	5	1672	1464	0	0	43	95
2011	02	09	PL	NO	1	0	F	PT	14	1686	1794	+1	‚àí2	42	18
2011	03	25	LT	PL	2	0	F		15	1603	1671	+4	‚àí1	57	43
2011	03	29	GR	PL	0	0	F		-5	1750	1676	0	+1	28	43
2011	06	05	PL	AR	2	1	F		15	1691	1949	+3	0	42	5
2011	06	09	PL	FR	0	1	F		-9	1682	1843	0	0	42	14
2011	08	10	PL	GE	1	0	F		4	1686	1532	0	0	43	78
2011	09	02	PL	MX	1	1	F		2	1688	1854	+3	+1	40	12
2011	09	06	PL	DE	2	2	F		7	1695	2056	0	0	39	3
2011	10	07	KR	PL	2	2	F		-5	1793	1700	‚àí2	+1	21	38
2011	10	11	PL	BY	2	0	F	DE	11	1711	1591	+1	‚àí3	37	62
2011	11	11	PL	IT	0	2	F		-12	1699	1894	‚àí3	+1	40	9
2011	11	15	PL	HU	2	1	F		7	1706	1676	+1	‚àí1	39	43
2012	02	29	PL	PT	0	0	F		3	1709	1898	0	0	37	8
2012	05	22	PL	LV	1	0	F	AT	5	1714	1511	0	0	37	84
2012	05	26	PL	SK	1	0	F	AT	7	1721	1588	+3	‚àí2	34	61
2012	06	02	PL	AD	4	0	F		0	1721	1006	0	0	35	188
2012	06	08	PL	GR	1	1	EC		-3	1718	1781	0	0	35	24
2012	06	12	PL	RU	1	1	EC		5	1723	1880	+1	0	34	11
2012	06	16	PL	CZ	0	1	EC		-28	1695	1806	‚àí3	+6	37	17
2012	08	15	EE	PL	1	0	F		12	1533	1683	+2	‚àí6	79	42
2012	09	07	ME	PL	2	2	WQ		-4	1644	1687	0	+2	48	40
2012	09	11	PL	MD	2	0	WQ		6	1693	1394	+1	‚àí2	39	111
2012	10	12	PL	ZA	1	0	F		4	1697	1573	+2	‚àí2	37	68
2012	10	17	PL	EN	1	1	WQ		9	1706	1966	+3	0	36	6
2012	11	14	PL	UY	1	3	F		-13	1693	1855	‚àí1	+1	37	15
2012	12	14	PL	MK	4	1	F	TR	10	1703	1528	+1	‚àí3	36	79
2013	02	06	IE	PL	2	0	F		10	1737	1693	+1	‚àí1	31	38
2013	03	22	PL	UA	1	3	WQ		-35	1658	1765	‚àí10	+6	47	26
2013	03	26	PL	SM	5	0	WQ		1	1659	883	0	0	47	202
2013	06	04	PL	LI	2	0	F		1	1660	1189	‚àí1	0	46	159
2013	06	07	MD	PL	1	1	WQ		9	1390	1651	+2	‚àí2	112	48
2013	08	14	PL	DK	3	2	F		9	1660	1711	+2	‚àí1	46	33
2013	09	06	PL	ME	1	1	WQ		-6	1654	1661	‚àí3	0	49	47
2013	09	10	SM	PL	1	5	WQ		-2	881	1656	0	‚àí1	202	49
2013	10	11	UA	PL	1	0	WQ		8	1818	1648	0	‚àí2	21	51
2013	10	15	EN	PL	2	0	WQ		5	1964	1643	0	+3	6	48
2013	11	15	PL	SK	0	2	F		-21	1622	1614	‚àí6	+2	55	56
2013	11	19	PL	IE	0	0	F		0	1622	1712	0	+1	55	34
2014	01	18	PL	NO	3	0	F	AE	18	1640	1612	+3	‚àí2	52	55
2014	01	20	PL	MD	1	0	F	AE	5	1645	1432	+1	0	51	104
2014	03	05	PL	SQ	0	1	F		-11	1634	1709	‚àí1	+4	52	36
2014	05	13	DE	PL	0	0	F		-9	2081	1643	0	0	3	52
2014	06	06	PL	LT	2	1	F		3	1646	1465	0	‚àí1	49	95
2014	09	07	PL	GI	7	0	EQ	PT	5	1651	1141	+2	‚àí2	46	173
2014	10	11	PL	DE	2	0	EQ		56	1707	2143	+11	0	35	1
2014	10	14	PL	SQ	2	2	EQ		-5	1702	1719	‚àí1	0	37	33
2014	11	14	GE	PL	0	4	EQ		-26	1466	1728	‚àí7	+8	96	28
2014	11	18	PL	CH	2	2	F		-1	1727	1791	‚àí2	0	30	21
2015	03	29	IE	PL	1	1	EQ		-6	1726	1733	‚àí3	+3	35	32
2015	06	13	PL	GE	4	0	EQ		8	1741	1458	+1	‚àí4	30	97
2015	06	16	PL	GR	0	0	F		-5	1736	1646	0	+1	30	51
2015	09	04	DE	PL	3	1	EQ		4	2112	1732	0	‚àí2	1	32
2015	09	07	PL	GI	8	1	EQ		2	1734	1126	+1	0	31	174
2015	10	08	SQ	PL	2	2	EQ		-4	1695	1738	‚àí2	‚àí2	42	34
2015	10	11	PL	IE	2	1	EQ		15	1753	1743	+6	‚àí5	27	30
2015	11	13	PL	IS	4	2	F		8	1761	1682	+2	‚àí2	26	43
2015	11	17	PL	CZ	3	1	F		11	1772	1765	+3	‚àí3	24	27
2016	03	23	PL	RS	1	0	F		6	1778	1709	0	0	24	38
2016	03	26	PL	FI	5	0	F		6	1784	1578	0	‚àí2	22	64
2016	06	01	PL	NL	1	2	F		-10	1774	1910	‚àí1	0	23	13
2016	06	06	PL	LT	0	0	F		-9	1765	1443	‚àí2	+2	25	99
2016	06	12	PL	EI	1	0	EC	FR	15	1780	1609	+2	‚àí3	24	56
2016	06	16	DE	PL	0	0	EC	FR	-16	2036	1796	0	+3	2	21
2016	06	21	PL	UA	1	0	EC	FR	22	1818	1738	+3	‚àí5	18	31
2016	06	25	PL	CH	1	1	EC	FR	-1	1817	1802	0	0	18	20
2016	06	30	PL	PT	1	1	EC	FR	6	1823	1892	0	‚àí1	18	14
2016	09	04	KZ	PL	2	2	WQ		15	1415	1808	+3	‚àí1	106	18
2016	10	08	PL	DK	3	2	WQ		11	1819	1739	0	‚àí2	19	31
2016	10	11	PL	AM	2	1	WQ		3	1822	1479	+1	‚àí2	18	88
2016	11	11	RO	PL	0	3	WQ		-35	1687	1857	‚àí7	+3	43	16
2016	11	14	PL	SI	1	1	F		-7	1850	1653	‚àí2	+1	18	51
2017	03	26	ME	PL	1	2	WQ		-12	1583	1862	‚àí1	+1	63	15
2017	06	10	PL	RO	3	1	WQ		10	1872	1666	+2	0	13	48
2017	09	01	DK	PL	4	0	WQ		41	1778	1831	+7	‚àí6	26	18
2017	09	04	PL	KZ	3	0	WQ		2	1833	1343	0	0	18	121
2017	10	05	AM	PL	1	6	WQ		-15	1460	1848	‚àí4	+1	94	16
2017	10	08	PL	ME	4	2	WQ		8	1856	1612	+1	‚àí1	16	59
2017	11	10	PL	UY	0	0	F		-2	1854	1878	0	0	17	14
2017	11	13	PL	MX	0	1	F		-13	1841	1847	‚àí1	+1	18	17
2018	03	23	PL	NG	0	1	F		-16	1825	1712	0	+5	19	38
2018	03	27	PL	KR	3	2	F		5	1830	1744	0	‚àí1	19	29
2018	06	08	PL	CL	2	2	F		-2	1828	1869	0	0	19	15
2018	06	12	PL	LT	4	0	F		2	1830	1390	0	0	19	109
2018	06	19	SN	PL	2	1	WC	RU	37	1783	1793	+5	‚àí3	23	22
2018	06	24	CO	PL	3	0	WC	RU	40	1919	1753	+5	‚àí4	10	25
2018	06	28	PL	JP	1	0	WC	RU	29	1782	1707	+5	‚àí10	21	43
2018	09	07	IT	PL	1	1	ENA		-11	1879	1793	‚àí1	0	14	22
2018	09	11	PL	IE	1	1	F		-5	1788	1713	0	+2	21	39
2018	10	11	PL	PT	2	3	ENA		-17	1771	1965	‚àí3	+1	25	6
2018	10	14	PL	IT	0	1	ENA		-21	1750	1883	‚àí3	+1	29	15
2018	11	15	PL	CZ	0	1	F		-14	1736	1711	‚àí3	+2	32	39
2018	11	20	PT	PL	1	1	ENA		-15	1959	1751	‚àí1	+1	7	32
2019	03	21	AT	PL	0	1	EQ		-26	1739	1777	‚àí8	+11	36	24
2019	03	24	PL	LV	2	0	EQ		2	1779	1288	+1	‚àí1	24	141
2019	06	07	NM	PL	0	1	EQ		-12	1522	1791	‚àí4	+2	77	23
2019	06	10	PL	IL	4	0	EQ		12	1803	1597	+2	‚àí3	21	59
2019	09	06	SI	PL	2	0	EQ		41	1613	1762	+12	‚àí5	53	26
2019	09	09	PL	AT	0	0	EQ		-7	1755	1746	‚àí1	0	27	32
2019	10	10	LV	PL	0	3	EQ		-6	1224	1761	‚àí2	+1	151	27
2019	10	13	PL	NM	2	0	EQ		8	1769	1535	0	‚àí1	28	71
2019	11	16	IL	PL	1	2	EQ		-14	1554	1783	0	+3	66	24
2019	11	19	PL	SI	3	2	EQ		6	1789	1586	0	0	24	60
2020	09	04	NL	PL	1	0	ENA		5	2022	1784	0	0	5	24
2020	09	07	BA	PL	1	2	ENA		-21	1678	1805	‚àí4	0	43	24
2020	10	07	PL	FI	5	1	F		7	1812	1652	+2	‚àí1	22	48
2020	10	11	PL	IT	0	0	ENA		4	1816	1977	+1	‚àí1	21	8
2020	10	14	PL	BA	3	0	ENA		14	1830	1667	+1	‚àí2	19	44
2020	11	11	PL	UA	2	0	F		12	1842	1848	0	0	19	17
2020	11	15	IT	PL	2	0	ENA		13	1985	1829	+2	‚àí2	6	19
2020	11	18	PL	NL	1	2	ENA		-17	1812	1994	‚àí4	+1	22	7
2021	03	25	HU	PL	3	3	WQ		-2	1742	1814	0	+1	37	21
2021	03	28	PL	AD	3	0	WQ		0	1814	1033	0	0	23	185
2021	03	31	EN	PL	2	1	WQ		7	1977	1807	+1	0	8	22
2021	06	01	PL	RU	1	1	F		-5	1802	1743	0	+1	22	36
2021	06	08	PL	IS	2	2	F		-7	1795	1612	0	+1	22	57
2021	06	14	SK	PL	2	1	EC	RU	35	1691	1760	+4	‚àí11	41	33
2021	06	19	ES	PL	1	1	EC		-19	1997	1779	0	+5	6	27
2021	06	23	SE	PL	3	2	EC	RU	18	1896	1761	+3	‚àí5	13	33
2021	09	02	PL	AL	4	1	WQ		10	1771	1546	+3	‚àí4	29	73
2021	09	05	SM	PL	1	7	WQ		-1	817	1772	0	0	209	28
2021	09	08	PL	EN	1	1	WQ		10	1782	2045	0	‚àí1	28	6
2021	10	09	PL	SM	5	0	WQ		0	1782	816	0	0	27	209
2021	10	12	AL	PL	0	1	WQ		-16	1588	1798	‚àí3	+2	62	25
2021	11	12	AD	PL	1	4	WQ		-2	1058	1800	0	0	184	26
2021	11	15	PL	HU	1	2	WQ		-31	1769	1726	‚àí2	+4	28	38
2022	03	24	SQ	PL	1	1	F		-2	1726	1771	0	0	36	30
2022	03	29	PL	SE	2	0	WQ		27	1798	1809	+2	‚àí5	28	26
2022	06	01	PL	WA	2	1	ENA		17	1815	1824	+2	‚àí3	25	22
2022	06	08	BE	PL	6	1	ENA		12	2025	1803	0	‚àí4	5	28
2022	06	11	NL	PL	2	2	ENA		-14	1996	1817	0	+1	8	25
2022	06	14	PL	BE	0	1	ENA		-14	1803	2033	‚àí4	+1	28	4
2022	09	22	PL	NL	0	2	ENA		-22	1781	2025	‚àí1	0	28	6
2022	09	25	WA	PL	0	1	ENA		-27	1789	1808	‚àí4	+4	27	23
2022	11	16	PL	CL	1	0	F		5	1813	1697	+2	‚àí3	21	43
2022	11	22	MX	PL	0	0	WC	QA	0	1808	1813	0	0	22	21
2022	11	26	PL	SA	2	0	WC	QA	30	1843	1663	+3	‚àí6	19	50
2022	11	30	AR	PL	2	0	WC	QA	17	2118	1826	0	‚àí2	2	21
2022	12	04	FR	PL	3	1	WC	QA	25	2017	1801	+1	‚àí4	4	25
2023	03	24	CZ	PL	3	1	EQ		23	1802	1778	+2	‚àí3	25	28
2023	03	27	PL	AL	1	0	EQ		5	1783	1538	0	‚àí2	28	73
2023	06	16	PL	DE	1	0	F		12	1795	1932	+1	0	25	10
2023	06	20	MD	PL	3	2	EQ		37	1280	1758	+10	‚àí8	140	33
2023	09	07	PL	FO	2	0	EQ		2	1760	1279	+1	‚àí3	32	143
2023	09	10	AL	PL	2	0	EQ		37	1614	1723	+9	‚àí6	57	37
2023	10	12	FO	PL	0	2	EQ		-6	1248	1729	‚àí2	‚àí1	153	37
2023	10	15	PL	MD	1	1	EQ		-18	1711	1330	‚àí5	+8	42	125
2023	11	17	PL	CZ	1	1	EQ		-4	1707	1753	‚àí1	0	42	32
2023	11	21	PL	LV	2	0	F		2	1709	1347	+2	0	41	119
2024	03	21	PL	EE	5	1	EQ		5	1714	1357	0	‚àí2	39	115
2024	03	26	WA	PL	0	0	EQ		-6	1709	1720	‚àí4	+1	41	38
2024	06	07	PL	UA	3	1	F		17	1737	1850	+2	‚àí2	36	17
2024	06	10	PL	TR	2	1	F		8	1745	1749	+2	0	32	31
2024	06	16	NL	PL	2	1	EC	DE	11	1985	1734	0	‚àí5	10	37
2024	06	21	AT	PL	3	1	EC	DE	25	1877	1709	+2	‚àí5	14	42
2024	06	25	FR	PL	1	1	EC	DE	-20	2060	1729	‚àí1	+2	3	38
2024	09	05	SQ	PL	2	3	ENA		-26	1708	1755	‚àí6	+9	41	30
2024	09	08	HR	PL	1	0	ENA		8	1911	1747	0	‚àí2	13	32
2024	10	12	PL	PT	1	3	ENA		-19	1728	1994	‚àí4	0	38	6
2024	10	15	PL	HR	3	3	ENA		5	1733	1912	0	0	37	12
2024	11	15	PT	PL	5	1	ENA		9	1993	1724	0	‚àí2	7	39
2024	11	18	PL	SQ	1	2	ENA		-25	1699	1759	‚àí4	+5	45	33
2025	03	21	PL	LT	1	0	WQ		2	1701	1282	+1	‚àí3	45	143
2025	03	24	PL	MT	2	0	WQ		3	1704	1255	0	‚àí2	45	152
2025	06	06	PL	MD	2	0	F		2	1706	1320	+1	‚àí2	45	132
2025	06	10	FI	PL	2	1	WQ		24	1556	1682	+4	‚àí2	71	47
2025	09	04	NL	PL	1	1	WQ		-16	1959	1698	0	+4	7	44
2025	09	07	PL	FI	3	1	WQ		12	1710	1542	+3	‚àí2	42	74
2025	10	09	PL	NZ	1	0	F		4	1714	1583	0	‚àí4	42	67
2025	10	12	LT	PL	0	2	WQ		-8	1272	1722	‚àí2	+3	146	37
2025	11	14	PL	NL	1	1	WQ		8	1730	1958	+1	0	37	8
2025	11	17	MT	PL	2	3	WQ		-5	1278	1735	0	+1	145	35
2026	03	26	PL	AL	2	1	WQ		11	1746	1653	+1	‚àí3	35	54
2026	03	31	SE	PL	3	2	WQ		17	1719	1729	+3	‚àí3	43	37
2026	05	31	PL	UA	0	2	F		-18	1711	1785	‚àí6	+5	43	25
2026	06	03	PL	NG	2	2	F		-1	1710	1770	0	+1	43	28