1912	06	30	FI	RU	2	1	OG	SE	29	1637	1571	+1	−	14	17
1912	07	01	DE	RU	16	0	OG	SE	81	1723	1490	+1	−3	12	20
1912	07	05	NO	RU	2	1	F	SE	13	1377	1477	0	−1	24	21
1912	07	14	RU	HU	0	12	F		-6	1471	1949	−1	+1	22	4
1913	05	04	RU	SE	1	4	F		-14	1457	1663	0	0	23	13
1913	09	14	RU	NO	1	1	F		-5	1452	1374	0	0	23	25
1914	07	05	SE	RU	2	2	F		-7	1641	1459	0	0	13	23
1914	07	10	NO	RU	2	1	F		10	1383	1449	0	0	25	23
1914	07	12	NO	RU	1	1	F		-1	1382	1450	0	0	25	23
1923	09	19	EE	RU	2	4	F		-17	1370	1467	−1	0	44	40
1924	11	16	SU	TR	3	0	F		16	1483	1515	0	0	43	39
1925	05	15	TR	SU	1	2	F		-14	1519	1497	0	+1	39	41
1931	08	20	SU	TR	3	2	F		6	1503	1427	+1	0	43	50
1932	10	21	TR	SU	2	2	F		-1	1431	1504	0	+1	53	41
1932	10	23	TR	SU	0	4	F		-20	1411	1524	−2	+1	55	40
1932	10	27	TR	SU	0	1	F		-10	1401	1534	−1	0	56	40
1932	10	30	TR	SU	2	3	F		-9	1392	1543	0	0	56	40
1933	07	30	SU	TR	1	2	F		-16	1527	1398	0	0	42	59
1934	08	07	SU	TR	2	1	F		4	1531	1394	+1	0	43	61
1935	10	13	TR	SU	1	2	F		-9	1382	1540	−1	0	61	42
1935	10	15	TR	SU	2	2	F		2	1384	1538	0	0	61	42
1935	10	19	TR	SU	3	3	F		2	1386	1536	0	0	61	42
1935	10	21	TR	SU	2	3	F		-9	1377	1545	−1	+1	62	41
1935	10	25	TR	SU	1	2	F		-8	1369	1553	0	0	62	41
1935	10	27	TR	SU	3	3	F		2	1371	1551	0	0	62	41
1952	05	11	SU	PL	0	1	F		-12	1539	1592	−1	+2	49	40
1952	05	14	SU	PL	2	1	F		9	1548	1583	+1	−2	48	42
1952	05	24	SU	HU	1	1	F		7	1555	1941	+1	−2	47	6
1952	05	27	SU	HU	2	1	F		17	1572	1924	+4	0	43	6
1952	07	15	SU	BG	2	1	OG	FI	26	1598	1497	+4	−6	39	59
1952	07	20	SU	YU	5	5	OG	FI	22	1620	1914	+4	−2	35	8
1952	07	22	YU	SU	3	1	OG	FI	14	1928	1606	+1	−2	6	37
1954	09	08	SU	SE	7	0	F		31	1637	1805	+6	−1	36	12
1954	09	26	SU	HU	1	1	F		9	1646	2182	+3	0	32	1
1955	02	06	IN	SU	0	4	F		-21	1566	1667	−5	+6	49	26
1955	02	27	IN	SU	0	3	F		-17	1549	1684	−5	+1	54	25
1955	03	06	IN	SU	0	3	F		-16	1533	1700	−3	+2	57	23
1955	06	26	SE	SU	0	6	F		-33	1781	1733	−1	+4	14	21
1955	08	21	SU	WG	3	2	F		15	1748	2008	+3	−1	18	4
1955	09	16	SU	IN	11	1	F		7	1755	1510	+1	−3	16	63
1955	09	25	HU	SU	1	1	F		-9	2194	1764	0	0	1	17
1955	10	23	SU	FR	2	2	F		0	1764	1849	0	0	17	9
1956	05	23	SU	DK	5	1	F		9	1773	1645	+1	−2	16	35
1956	07	01	DK	SU	2	5	F		-15	1609	1788	−3	+1	43	15
1956	07	11	SU	IL	5	0	OQ		6	1794	1437	0	−1	15	81
1956	07	31	IL	SU	1	2	OQ		-7	1430	1801	0	0	81	15
1956	08	05	RU	CN	1	0	F		2	1803	1546	0	0	15	56
1956	09	15	WG	SU	1	2	F		-16	1938	1819	0	+3	6	12
1956	09	23	SU	HU	0	1	F		-5	1814	2123	−1	0	13	1
1956	10	21	FR	SU	2	1	F		7	1844	1807	0	−1	11	14
1956	11	15	AU	SU	1	15	F		-26	1619	1833	−4	+2	42	12
1956	11	29	ID	SU	0	0	OG	AU	23	1501	1810	+3	−1	67	14
1956	12	01	SU	ID	4	0	OG	AU	16	1826	1485	+1	−2	13	69
1956	12	05	SU	BG	2	1	OG	AU	11	1837	1548	0	−5	13	57
1956	12	08	SU	YU	1	0	OG	AU	38	1875	1894	+4	−1	9	7
1957	06	01	SU	RO	1	1	F		-8	1867	1630	0	+1	9	40
1957	06	23	SU	PL	3	0	WQ		6	1873	1536	0	0	9	57
1957	07	21	BG	SU	0	4	F		-12	1627	1885	0	0	41	9
1957	07	27	SU	FI	2	1	WQ		1	1886	1357	0	0	9	94
1957	08	15	FI	SU	0	10	WQ		-8	1349	1894	−2	+1	96	8
1957	09	22	HU	SU	1	2	F		-17	2085	1911	−1	+3	2	5
1957	10	20	PL	SU	2	1	WQ		32	1597	1879	+4	−4	48	9
1957	11	24	SU	PL	2	0	WQ	DD	10	1889	1595	0	−3	9	49
1958	05	11	SU	DD	4	0	F		2	1891	1482	0	0	10	71
1958	05	18	SU	EN	1	1	F		1	1892	2014	0	0	10	3
1958	06	08	EN	SU	2	2	WC	SE	-10	2004	1902	0	+2	3	8
1958	06	11	SU	AT	2	0	WC	SE	40	1942	1824	+2	−2	6	13
1958	06	15	BR	SU	2	0	WC	SE	35	2053	1907	0	−3	1	9
1958	06	17	SU	EN	1	0	WC	SE	37	1944	1954	+4	−1	5	4
1958	06	19	SE	SU	2	0	WC		43	1902	1901	+4	−4	8	9
1958	08	30	CS	SU	1	2	F		-13	1888	1914	−2	+2	10	6
1958	09	28	SU	HU	3	1	EQ		28	1942	1963	+2	0	5	2
1958	10	22	EN	SU	5	0	F		14	1963	1928	0	0	4	5
1959	07	18	RU	CN	0	1	F		-19	1909	1509	−3	+7	8	65
1959	09	06	SU	CS	3	1	F		9	1918	1843	+2	−2	6	12
1959	09	27	HU	SU	0	1	EQ		-29	1966	1947	0	+2	3	4
1959	10	03	CN	SU	0	1	FT		-4	1505	1951	−2	0	67	4
1959	11	29	KH	RU	0	7	F		-1	1086	1952	0	0	137	4
1959	12	04	BU	RU	2	6	F		-1	1266	1953	0	0	114	4
1960	03	04	DD	SU	1	2	F		-2	1468	1955	0	0	75	4
1960	03	06	DD	SU	1	0	F		18	1486	1937	+2	−1	73	5
1960	03	09	DD	SU	1	2	F		-2	1484	1939	0	+1	73	4
1960	05	19	SU	PL	7	1	F		3	1942	1606	0	0	5	43
1960	07	06	SU	CS	3	0	EC	FR	39	1981	1863	+1	−2	4	11
1960	07	10	SU	YU	2	1	EC	FR	21	2002	1901	+1	−1	3	9
1960	08	17	DD	SU	0	1	F		-2	1478	2004	−1	−1	73	3
1960	09	04	AT	SU	3	1	F		19	1825	1985	+1	0	13	3
1961	05	21	PL	SU	1	0	F		16	1666	1969	+3	0	35	4
1961	06	18	SU	TR	1	0	WQ		5	1974	1722	0	0	4	22
1961	06	24	SU	AR	0	0	F		-3	1971	1985	0	0	4	3
1961	07	01	SU	NO	5	2	WQ		2	1973	1487	0	0	4	72
1961	08	23	NO	SU	0	3	WQ		-7	1480	1980	−2	0	74	4
1961	09	10	SU	AT	0	1	F		-15	1965	1909	0	0	4	11
1961	11	12	TR	SU	1	2	WQ		-12	1705	1977	−3	0	26	4
1961	11	18	AR	SU	1	2	F		-13	1975	1990	−2	+2	4	2
1961	11	22	CL	SU	0	1	F		-5	1710	1995	0	0	23	2
1961	11	29	UY	SU	1	2	F		-11	1924	2006	0	0	9	2
1962	04	11	LU	SU	1	3	F		-1	1313	2007	−1	0	110	2
1962	04	18	SE	SU	0	2	F		-14	1878	2021	−1	0	13	2
1962	04	27	SU	UY	5	0	F		9	2030	1893	0	−2	2	11
1962	05	03	SU	DD	2	1	F		1	2031	1508	0	0	2	68
1962	05	31	SU	YU	2	0	WC	CL	39	2070	1944	0	−2	2	6
1962	06	03	CO	SU	4	4	WC	CL	28	1464	2042	+5	0	79	2
1962	06	06	SU	UY	2	1	WC	CL	16	2058	1853	0	0	2	13
1962	06	10	CL	SU	2	1	WC		45	1814	2013	+1	−1	16	3
1962	06	18	RU	ID	3	1	F		1	2014	1501	0	0	2	70
1963	05	22	SU	SE	0	1	F		-16	1998	1902	0	+1	1	10
1963	09	22	SU	HU	1	1	F		-3	1995	1987	0	0	1	2
1963	10	13	SU	IT	2	0	EQ		17	2012	1913	0	−1	1	8
1963	11	10	IT	SU	1	1	EQ		0	1913	2012	0	0	8	1
1963	12	01	MA	SU	1	1	F		6	1649	2006	+2	0	36	1
1964	05	13	SE	SU	1	1	EQ		0	1910	2006	0	0	9	1
1964	05	20	SU	UY	1	0	F		4	2010	1863	0	0	1	13
1964	05	27	SU	SE	3	1	EQ		14	2024	1896	0	−1	1	10
1964	06	17	SU	DK	3	0	EC	ES	10	2034	1666	0	−1	1	34
1964	06	21	ES	SU	2	1	EC		27	1940	2007	+5	0	4	1
1964	07	13	RU	DZ	3	1	F		3	2010	1749	0	−1	1	24
1964	07	24	RU	JP	0	0	F		-10	2000	1410	0	+6	1	89
1964	08	02	RU	IR	1	0	F		1	2001	1614	0	0	1	44
1964	10	11	AT	SU	1	0	F		13	1818	1988	+1	0	14	2
1964	11	04	DZ	SU	2	2	F		4	1753	1984	0	0	23	2
1964	11	22	YU	SU	1	1	F		1	1859	1983	0	0	15	2
1964	11	29	BG	SU	0	0	F		4	1723	1979	+1	0	24	1
1965	05	16	SU	AT	0	0	F		-6	1973	1817	−1	0	2	17
1965	05	23	SU	GR	3	1	WQ		3	1976	1531	+1	0	1	61
1965	05	30	SU	WA	2	1	WQ		5	1981	1732	0	−1	1	27
1965	06	27	SU	DK	6	0	WQ		7	1988	1648	0	−1	1	36
1965	07	04	SU	BR	0	3	F		-23	1965	1996	−3	+2	4	1
1965	07	20	RU	JP	2	1	F		1	1966	1439	0	0	4	83
1965	09	04	SU	YU	0	0	F		-6	1960	1818	0	+1	4	14
1965	10	03	GR	SU	1	4	WQ		-9	1522	1969	−1	0	63	4
1965	10	17	DK	SU	1	3	WQ		-13	1640	1982	0	0	39	4
1965	10	27	WA	SU	2	1	WQ		28	1766	1954	+4	0	22	4
1965	11	11	IN	RU	1	2	F		-3	1516	1957	−1	0	66	4
1965	11	14	IN	RU	0	2	F		-4	1512	1961	−1	0	67	4
1965	11	21	BR	SU	2	2	F		-4	2000	1965	0	0	1	4
1965	11	28	IN	RU	1	3	F		-3	1509	1968	−1	0	65	4
1965	12	01	AR	SU	1	1	F		-4	1996	1972	0	0	2	4
1965	12	04	UY	SU	1	3	F		-15	1849	1987	0	+1	13	3
1965	12	12	IN	RU	0	1	F		-2	1507	1989	0	0	65	3
1965	12	14	IN	RU	0	3	F		-3	1504	1992	0	0	65	3
1966	02	23	CL	SU	0	2	F		-10	1763	2002	−2	+1	25	2
1966	03	31	YU	SU	1	0	F		13	1805	1989	+1	−1	16	3
1966	04	01	ME	SU	0	1	F		-4	1667	1993	−	0	−	3
1966	04	20	CH	SU	2	2	F		6	1655	1987	+2	0	37	3
1966	04	24	AT	SU	0	1	F		-7	1767	1994	−1	0	24	3
1966	05	18	CS	SU	1	2	F		-10	1898	2004	−1	+1	9	1
1966	05	22	BE	SU	0	1	F		-6	1764	2010	−1	0	23	1
1966	06	05	SU	FR	3	3	F		-8	2002	1759	−1	+2	2	23
1966	07	12	SU	KP	3	0	WC	EN	23	2025	1755	0	−4	2	23
1966	07	16	SU	IT	1	0	WC	EN	27	2052	1966	0	−3	1	6
1966	07	20	RU	JP	4	2	F		0	2052	1439	0	0	1	85
1966	07	20	SU	CL	2	1	WC	EN	8	2060	1725	0	0	1	28
1966	07	23	SU	HU	2	1	WC	EN	23	2083	1955	0	−1	1	6
1966	07	25	WG	SU	2	1	WC	EN	34	2072	2049	+1	−1	1	2
1966	07	28	PT	SU	2	1	WC	EN	36	2018	2013	+2	−2	3	4
1966	09	18	YU	SU	1	2	F		-7	1787	2020	−1	+1	17	3
1966	10	16	SU	TR	0	2	F		-28	1992	1653	−1	+2	4	38
1966	10	23	SU	DD	2	2	F		-7	1985	1788	0	+1	4	17
1966	11	01	IT	SU	1	0	F		9	1929	1976	0	−1	7	5
1966	11	18	DZ	RU	4	1	F		27	1702	1949	+7	−1	30	6
1966	11	20	DZ	RU	0	3	F		-11	1691	1960	−3	+1	33	5
1967	05	10	SQ	SU	0	2	F		-14	1832	1974	−1	0	14	6
1967	05	28	SU	MX	2	0	F		6	1980	1823	0	−1	6	15
1967	06	01	RU	MX	0	1	F		-16	1964	1839	0	+1	6	14
1967	06	03	FR	SU	2	4	F		-10	1721	1974	−2	0	29	6
1967	06	11	SU	AT	4	3	EQ		5	1979	1737	0	0	6	26
1967	07	16	SU	GR	4	0	EQ		3	1982	1549	0	−1	6	56
1967	07	28	PL	SU	0	1	OQ		-10	1685	1992	0	+2	33	4
1967	08	04	SU	PL	2	1	OQ		4	1996	1681	0	0	4	33
1967	08	22	RU	TN	3	0	F		2	1998	1592	0	−1	3	48
1967	08	30	SU	FI	2	0	EQ		1	1999	1442	0	0	3	84
1967	09	06	FI	SU	2	5	EQ		-5	1437	2004	0	0	84	3
1967	10	01	SU	CH	2	2	F		-9	1995	1654	−1	+3	4	34
1967	10	08	BG	SU	1	2	F		-7	1779	2002	0	0	18	4
1967	10	15	AT	SU	1	0	EQ		31	1720	1971	+4	−1	28	5
1967	10	31	GR	SU	0	1	EQ		-7	1585	1978	−1	+1	53	4
1967	11	29	NL	SU	3	1	F		23	1694	1955	+5	−2	32	5
1967	12	06	EN	SU	2	2	F		-6	2075	1961	0	0	1	5
1967	12	17	CL	SU	1	4	F		-13	1757	1974	−1	+1	20	4
1968	03	03	MX	SU	0	0	F		1	1850	1973	0	0	14	4
1968	03	07	MX	SU	1	1	F		1	1851	1972	0	0	14	4
1968	03	10	MX	SU	0	0	F		1	1852	1971	0	0	14	4
1968	04	24	SU	BE	1	0	F		2	1973	1729	0	0	4	26
1968	05	04	HU	SU	2	0	EQ		20	2009	1953	+1	−1	2	5
1968	05	11	SU	HU	3	0	EQ		31	1984	1978	+2	−2	3	4
1968	06	05	IT	SU	0	0	EC		-5	1953	1989	0	0	5	3
1968	06	08	EN	SU	2	0	EC	IT	32	2072	1957	0	−1	1	4
1968	06	16	SU	AT	3	1	F		4	1961	1704	+1	0	5	31
1968	07	18	RU	JP	2	0	F		2	1963	1612	+1	0	5	45
1968	08	01	SE	SU	2	2	F		4	1735	1959	+1	−1	27	6
1968	11	01	DZ	RU	0	0	N1C		8	1648	1951	+1	0	39	6
1968	11	06	DZ	RU	0	0	F		5	1653	1946	+2	−1	37	7
1969	02	20	CO	SU	1	3	F		-3	1429	1949	0	0	85	6
1969	07	21	RU	EG	2	2	F		-7	1942	1730	0	+2	6	25
1969	07	25	DD	SU	2	2	F		-1	1867	1943	0	0	11	6
1969	08	06	SU	SE	0	1	F		-16	1927	1830	0	+4	6	12
1969	08	31	SU	PL	0	0	F		-7	1920	1729	0	+1	6	27
1969	09	10	EI	SU	0	0	WQ		4	1749	1916	0	0	24	6
1969	09	24	YU	SU	1	3	F		-15	1809	1931	−2	0	16	6
1969	10	15	SU	TR	3	0	WQ		6	1937	1623	0	−1	6	46
1969	10	22	SU	EI	2	0	WQ		10	1947	1739	0	0	6	25
1969	11	00	SN	RU	0	4	F		-6	1559	1953	−1	0	57	6
1969	11	16	TR	SU	1	3	WQ		-13	1610	1966	−3	0	48	6
1970	00	00	KW	RU	3	1	F		29	1273	1937	+6	−1	120	6
1970	00	00	SY	RU	1	2	F		-2	1413	1939	−1	−1	91	6
1970	01	30	ME	SU	1	1	F		5	1672	1934	−	0	−	6
1970	02	14	PE	SU	0	0	F		3	1711	1931	+1	0	30	6
1970	02	20	PE	SU	0	2	F		-10	1701	1941	−1	0	30	6
1970	02	22	SV	SU	0	2	F		-5	1548	1946	−4	0	63	6
1970	02	26	MX	SU	0	0	F		4	1702	1942	+1	0	31	6
1970	04	30	CH	SU	0	0	F		6	1631	1936	+2	0	42	6
1970	05	05	BG	SU	3	3	F		0	1823	1936	0	0	15	7
1970	05	06	BG	SU	0	0	F		0	1823	1936	0	0	15	7
1970	05	31	MX	SU	0	0	WC		11	1717	1925	+2	0	28	6
1970	06	06	SU	BE	4	1	WC	MX	35	1960	1766	0	−6	5	22
1970	06	10	SU	SV	2	0	WC	MX	6	1966	1491	0	0	5	71
1970	06	14	UY	SU	1	0	WC	MX	38	1904	1928	+1	0	7	5
1970	07	15	RU	PL	3	2	F		4	1932	1799	0	0	5	16
1970	10	28	SU	YU	4	0	F		9	1941	1834	0	−2	5	13
1970	11	15	CY	SU	1	3	EQ		-4	1356	1945	−3	0	103	5
1971	02	17	MX	SU	0	0	F		3	1737	1942	0	0	28	5
1971	02	19	MX	SU	0	0	F		3	1740	1939	0	0	28	5
1971	02	28	SV	SU	0	1	F		-2	1489	1941	−1	0	68	5
1971	04	28	BG	SU	1	1	F		3	1746	1938	0	0	25	5
1971	05	23	SU	DZ	7	0	F		3	1941	1575	0	−3	5	55
1971	05	30	SU	ES	2	1	EQ		11	1952	1862	0	0	5	9
1971	06	07	SU	CY	6	1	EQ		1	1953	1333	0	0	5	108
1971	06	14	SU	SQ	1	0	F		3	1956	1726	0	−1	5	30
1971	09	18	SU	IN	5	0	F		1	1957	1356	0	0	5	102
1971	09	21	RU	IN	2	0	F		1	1958	1355	0	0	5	102
1971	09	22	SU	EI	1	0	EQ		5	1963	1734	0	0	5	25
1971	10	13	EI	SU	1	1	EQ		7	1741	1956	−1	0	27	5
1971	10	27	ES	SU	0	0	EQ		0	1862	1956	0	0	11	5
1972	03	29	BG	SU	1	1	F		2	1795	1954	0	0	18	5
1972	04	19	SU	PE	2	0	F		4	1958	1717	0	0	5	30
1972	04	30	YU	SU	0	0	EQ		0	1865	1958	0	0	10	5
1972	05	13	SU	YU	3	0	EQ		17	1975	1848	+1	−1	4	11
1972	05	26	WG	SU	4	1	F		8	2099	1967	0	0	2	4
1972	06	07	SU	BG	1	0	F		3	1970	1785	0	−1	4	20
1972	06	14	SU	HU	1	0	EC	BE	23	1993	1913	0	0	4	6
1972	06	18	WG	SU	3	0	EC	BE	29	2143	1964	+1	0	1	4
1972	06	29	SU	UY	1	0	BRI	BR	12	1976	1801	0	−2	4	16
1972	07	02	AR	SU	1	0	BRI	BR	27	1877	1949	+3	−1	10	5
1972	07	06	PT	SU	1	0	BRI	BR	23	1914	1926	0	0	6	5
1972	07	16	FI	SU	1	1	F		8	1409	1918	+3	0	88	5
1972	08	06	SE	SU	4	4	F		0	1817	1918	0	0	14	5
1972	08	28	SU	BU	1	0	OG	WG	8	1926	1596	0	−3	5	51
1972	08	30	SU	SD	2	1	OG	WG	6	1932	1553	0	0	5	57
1972	09	03	SU	MA	3	0	OG	WG	27	1959	1718	+1	−2	5	29
1972	09	05	PL	SU	2	1	OG	WG	38	1896	1921	+2	−1	9	6
1972	09	08	SU	DK	4	0	OG	WG	31	1952	1720	+1	−1	5	28
1972	09	10	DD	SU	2	2	OG	WG	9	1851	1943	0	−1	14	6
1972	10	13	FR	SU	1	0	WQ		23	1821	1920	+3	−1	16	7
1972	10	18	IE	SU	1	2	WQ		-7	1556	1927	−2	0	57	7
1973	03	28	BG	SU	1	0	F		9	1864	1918	+1	−1	13	8
1973	04	18	SU	RO	2	0	F		6	1924	1781	+1	−1	7	23
1973	05	13	SU	IE	1	0	WQ		3	1927	1582	0	0	7	52
1973	05	26	SU	FR	2	0	WQ		11	1938	1757	0	−2	6	26
1973	06	10	SU	EN	1	2	F		-11	1927	2005	0	0	7	3
1973	06	21	SU	BR	0	1	F		-7	1920	2144	0	0	7	1
1973	08	05	SU	SE	0	0	F		-4	1916	1867	0	0	7	12
1973	09	05	SU	WG	0	1	F		-8	1908	2112	−1	0	8	2
1973	09	26	SU	CL	0	0	WQ		-12	1896	1788	0	+1	8	22
1973	10	17	DD	SU	1	0	F		8	1889	1888	+2	−2	9	10
1974	04	17	YU	SU	0	1	F		-15	1946	1903	−1	+2	6	8
1974	05	20	SU	CS	0	1	F		-14	1889	1852	−1	0	10	15
1974	10	30	IE	SU	3	0	EQ		51	1670	1838	+5	−3	36	16
1975	01	22	ME	SU	2	3	F		-8	1664	1846	−	+1	−	16
1975	04	02	SU	TR	3	0	EQ		12	1858	1654	+2	0	14	38
1975	05	18	SU	IE	2	1	EQ		7	1865	1683	0	0	13	32
1975	06	08	SU	IT	1	0	F		9	1874	1936	0	0	12	6
1975	09	03	SU	DD	0	0	F		-3	1871	1860	−1	0	13	14
1975	10	12	CH	SU	0	1	EQ		-15	1670	1886	−3	+1	35	13
1975	11	12	SU	CH	4	1	EQ		10	1896	1660	+1	−1	12	37
1975	11	23	TR	SU	1	0	EQ		28	1669	1868	+4	−2	36	14
1975	11	29	RO	SU	2	2	F		-2	1837	1870	0	0	16	14
1976	02	07	ME	SU	2	1	F		13	1677	1857	−	0	−	14
1976	03	10	CS	SU	2	2	F		-4	1901	1861	0	0	9	14
1976	03	20	SU	AR	0	1	F		-13	1848	1885	0	0	14	13
1976	03	24	BG	SU	0	3	F		-20	1782	1868	−3	0	22	14
1976	04	24	CS	SU	2	0	EQ		19	1924	1849	+1	0	8	14
1976	05	22	SU	CS	2	2	EQ		-1	1848	1925	−1	0	15	9
1976	05	26	HU	SU	1	1	F		-3	1846	1851	−1	+1	15	14
1976	06	23	AT	SU	1	2	F		-11	1785	1862	0	+2	20	13
1976	07	23	SU	KP	3	0	OG	CA	24	1886	1624	0	−2	13	45
1976	07	25	SU	IR	2	1	OG	CA	17	1903	1705	+3	−1	10	31
1976	07	27	DD	SU	2	1	OG	CA	31	1926	1872	+2	−3	9	13
1976	08	21	MN	RU	0	4	F		0	894	1872	0	0	173	13
1976	08	22	MN	RU	1	5	F		0	894	1872	0	0	173	13
1976	11	28	AR	SU	0	0	F		-4	1923	1876	0	+2	10	12
1976	12	01	BR	SU	2	0	F		4	2092	1872	0	−2	2	14
1977	03	20	TN	SU	0	3	F		-10	1602	1882	−3	0	48	12
1977	03	23	YU	SU	2	4	F		-18	1842	1900	0	0	15	12
1977	04	24	SU	GR	2	0	WQ		6	1906	1624	+1	0	11	42
1977	04	30	HU	SU	2	1	WQ		15	1906	1891	+2	−2	11	13
1977	05	10	GR	SU	1	0	WQ		29	1653	1862	+1	0	40	14
1977	05	18	SU	HU	2	0	WQ		25	1887	1881	+1	−3	13	14
1977	07	28	DD	SU	2	1	F		6	1961	1881	0	0	6	14
1977	09	07	SU	PL	4	1	F		15	1896	1911	+1	−1	13	8
1977	10	05	NL	SU	0	0	F		-7	2064	1903	0	+1	3	11
1977	10	08	FR	SU	0	0	F		-1	1836	1904	0	0	17	11
1978	02	26	MA	SU	2	3	F		-6	1659	1910	−2	+1	38	11
1978	03	08	WG	SU	1	0	F		3	2137	1907	0	−1	1	12
1978	04	05	SU	FI	10	2	F		2	1909	1448	0	−1	12	79
1978	05	14	RO	SU	0	1	F		-11	1843	1920	−1	0	17	12
1978	09	06	IR	SU	0	1	F		-8	1741	1928	0	0	26	10
1978	09	20	SU	GR	2	0	EQ		6	1934	1628	0	0	10	42
1978	10	05	TR	SU	0	2	F		-8	1639	1942	0	+1	41	9
1978	10	11	HU	SU	2	0	EQ		36	1811	1906	+5	−2	17	11
1978	11	19	JP	SU	1	4	F		-4	1421	1910	−1	0	89	11
1978	11	23	JP	SU	1	4	F		-3	1418	1913	0	+1	89	10
1978	11	26	JP	SU	0	3	F		-3	1415	1916	0	0	89	10
1979	03	28	SU	BG	3	1	F		5	1921	1732	0	0	9	27
1979	04	06	GE	SU	0	3	F		-8	1591	1929	−	0	−	10
1979	04	19	SU	SE	2	0	F		5	1934	1735	0	0	9	26
1979	05	05	SU	CS	3	0	F		13	1947	1924	+1	−1	9	10
1979	05	19	SU	HU	2	2	EQ		-13	1934	1804	0	+1	9	21
1979	06	27	DK	SU	1	2	F		-5	1660	1939	−1	0	38	9
1979	07	04	FI	SU	1	1	EQ		15	1498	1924	+2	0	67	9
1979	09	05	SU	DD	1	0	F		7	1931	1914	0	0	9	11
1979	09	12	GR	SU	1	0	EQ		28	1706	1903	+3	−4	31	13
1979	10	14	SU	RO	3	1	F		7	1910	1790	+1	0	12	21
1979	10	31	SU	FI	2	2	EQ		-18	1892	1508	−2	+5	14	66
1979	11	21	SU	WG	1	3	F		-12	1880	2066	−1	0	14	1
1980	03	26	BG	SU	1	3	F		-12	1693	1892	0	+1	32	14
1980	04	29	SE	SU	1	5	F		-13	1665	1905	−5	+1	39	13
1980	05	23	SU	FR	1	0	F		8	1913	1920	+4	−1	10	8
1980	06	15	BR	SU	1	2	F		-16	2037	1929	0	+5	2	8
1980	07	12	SU	DK	2	0	F		4	1933	1690	+1	0	9	33
1980	08	27	HU	SU	1	4	F		-16	1792	1949	−2	+2	20	7
1980	09	03	IS	SU	1	2	WQ		-2	1362	1951	−1	0	98	7
1980	10	15	SU	IS	5	0	WQ		2	1953	1415	0	0	7	88
1980	12	04	AR	SU	1	1	F		-4	1999	1957	−1	0	4	7
1981	05	30	WA	SU	0	0	WQ		-3	1906	1960	0	0	12	6
1981	09	23	SU	TR	4	0	WQ		3	1963	1531	+1	−1	4	62
1981	10	07	TR	SU	0	3	WQ		-9	1522	1972	−3	0	65	4
1981	10	28	SU	CS	2	0	WQ		16	1988	1884	0	−2	4	13
1981	11	18	SU	WA	3	0	WQ		15	2003	1850	0	0	4	16
1981	11	29	CS	SU	1	1	WQ		1	1891	2002	0	0	14	4
1982	03	10	GR	SU	0	2	F		-6	1645	2008	0	+1	40	3
1982	04	14	AR	SU	1	1	F		-3	2000	2011	0	0	4	3
1982	05	05	SU	DD	1	0	F		5	2016	1911	0	−1	3	10
1982	06	03	SE	SU	1	1	F		5	1717	2011	0	0	31	3
1982	06	14	BR	SU	2	1	WC	ES	23	2116	1988	+1	0	1	3
1982	06	19	SU	NZ	3	0	WC	ES	9	1997	1566	0	−2	5	56
1982	06	22	SQ	SU	2	2	WC	ES	13	1854	1984	+2	0	15	5
1982	07	01	SU	BE	1	0	WC	ES	23	2007	1874	0	−2	5	13
1982	07	04	PL	SU	0	0	WC	ES	-1	2012	2008	0	0	4	5
1982	10	13	SU	FI	2	0	EQ		1	2009	1460	+1	0	4	80
1983	03	23	FR	SU	1	1	F		-1	1937	2010	0	0	8	3
1983	04	13	CH	SU	0	1	F		-6	1756	2016	−1	0	24	2
1983	04	27	SU	PT	5	0	EQ		10	2026	1774	0	−1	2	22
1983	05	17	AT	SU	2	2	F		0	1910	2026	0	0	10	2
1983	05	22	PL	SU	1	1	EQ		-3	1967	2029	0	0	6	2
1983	06	01	FI	SU	0	1	EQ		-3	1475	2032	−1	0	78	2
1983	07	26	DD	SU	1	3	F		-12	1846	2044	−1	0	16	2
1983	08	25	JP	RU	1	1	F		8	1532	2036	0	0	64	2
1983	10	09	SU	PL	2	0	EQ		16	2052	1945	0	0	2	5
1983	11	13	PT	SU	1	0	EQ		28	1835	2024	+1	−1	20	2
1984	03	28	WG	SU	2	1	F		8	2020	2016	+1	−1	1	2
1984	05	15	FI	SU	1	3	F		-2	1449	2018	0	0	82	1
1984	06	02	EN	SU	0	2	F		-17	1952	2035	−2	0	5	1
1984	08	19	SU	MX	3	0	F		3	2038	1725	0	0	1	32
1984	09	12	IE	SU	1	0	WQ		31	1761	2007	+3	−1	27	2
1984	10	10	NO	SU	1	1	WQ		14	1618	1993	+1	0	43	2
1985	01	25	YU	SU	2	1	NGC	IN	29	1853	1964	+6	−2	13	4
1985	01	28	SU	IR	2	0	NGC	IN	9	1973	1664	+2	−2	2	36
1985	02	02	SU	MA	1	0	NGC	IN	6	1979	1670	0	0	2	34
1985	02	04	SU	YU	2	1	NGC	IN	13	1992	1840	0	−3	2	16
1985	03	27	SU	AT	2	0	F		5	1997	1793	0	−2	2	25
1985	04	17	CH	SU	2	2	WQ		6	1786	1991	+2	0	26	2
1985	05	02	SU	CH	4	0	WQ		11	2002	1775	+1	−1	2	27
1985	06	05	DK	SU	4	2	WQ		31	1918	1971	+3	−1	6	3
1985	08	07	SU	RO	2	0	F		5	1976	1779	0	0	2	25
1985	08	28	SU	WG	1	0	F		7	1983	1947	0	0	2	4
1985	09	25	SU	DK	1	0	WQ		10	1993	1883	0	−1	1	8
1985	10	16	SU	IE	2	0	WQ		7	2000	1739	0	−1	1	30
1985	10	30	SU	NO	1	0	WQ		3	2003	1673	0	0	1	35
1986	01	22	ES	SU	2	0	F		17	1882	1986	+4	−1	9	2
1986	02	19	MX	SU	1	0	F		12	1836	1974	+2	0	17	2
1986	03	26	SU	EN	0	1	F		-13	1961	1961	0	+1	2	2
1986	04	23	RO	SU	2	1	F		12	1797	1949	+1	−1	26	3
1986	05	07	SU	FI	0	0	F		-9	1940	1556	0	+1	3	61
1986	06	02	SU	HU	6	0	WC	MX	55	1995	1836	+2	−10	2	17
1986	06	05	FR	SU	1	1	WC	MX	-1	2001	1996	0	0	1	2
1986	06	09	SU	CA	2	0	WC	MX	9	2005	1609	0	−2	2	47
1986	06	15	BE	SU	4	3	WC	MX	45	1863	1960	+7	−2	12	5
1986	08	08	PH	RU	0	5	PRS		0	828	1960	0	0	183	7
1986	08	20	SE	SU	0	0	F		0	1859	1960	0	0	12	7
1986	09	24	IS	SU	1	1	EQ		16	1495	1944	+2	−1	73	7
1986	10	11	FR	SU	0	2	EQ		-41	1941	1985	−3	+4	7	3
1986	10	29	SU	NO	4	0	EQ		8	1993	1714	0	−1	3	33
1987	02	18	WA	SU	0	0	F		3	1801	1990	+2	−1	17	4
1987	04	18	SU	SE	1	3	F		-23	1967	1910	−1	+1	5	9
1987	04	29	SU	DD	2	0	EQ		11	1978	1801	+1	−1	4	18
1987	06	03	NO	SU	0	1	EQ		-11	1696	1989	−1	0	35	4
1987	08	29	YU	SU	0	1	F		-9	1850	1998	−2	+1	17	1
1987	09	09	SU	FR	1	1	EQ		-10	1988	1906	0	+2	1	8
1987	09	23	SU	GR	3	0	F		3	1991	1699	0	0	1	34
1987	10	10	DD	SU	1	1	EQ		4	1822	1987	+1	0	18	1
1987	10	28	SU	IS	2	0	EQ		3	1990	1548	0	0	1	63
1988	02	20	IT	SU	4	1	F		15	1952	1975	0	0	6	2
1988	03	23	GR	SU	0	4	F		-9	1662	1984	−2	0	39	2
1988	03	31	SU	AR	4	2	FT	WG	18	2002	1888	+1	−1	1	11
1988	04	02	SE	SU	2	0	FT	WG	28	1947	1974	+2	−1	6	2
1988	04	27	CS	SU	1	1	F		1	1826	1973	0	0	17	2
1988	06	01	SU	PL	2	1	F		3	1976	1757	0	−1	2	27
1988	06	12	SU	NL	1	0	EC	WG	22	1998	1912	+1	−1	1	8
1988	06	15	IE	SU	1	1	EC	WG	9	1876	1989	+1	0	11	1
1988	06	18	SU	EN	3	1	EC	WG	30	2019	1889	+2	0	1	7
1988	06	22	SU	IT	2	0	EC	WG	35	2054	1959	0	−3	1	6
1988	06	25	NL	SU	2	0	EC	WG	43	2050	2011	+1	−1	1	2
1988	08	17	FI	SU	0	0	F		7	1613	2004	+1	0	45	2
1988	08	31	IS	SU	1	1	WQ		16	1556	1988	+4	−1	58	3
1988	09	21	WG	SU	1	0	F		7	1984	1981	+1	−1	3	4
1988	10	19	SU	AT	2	0	WQ		7	1988	1725	+1	0	3	31
1988	11	21	SY	SU	0	2	F		-3	1510	1991	0	0	64	3
1988	11	23	KW	SU	0	1	F		-2	1501	1993	−1	0	66	3
1989	02	21	BG	SU	1	2	F		-7	1769	2000	0	+1	25	2
1989	03	22	NL	SU	2	0	F		9	2060	1991	0	−1	1	3
1989	04	26	SU	DD	3	0	WQ		8	1999	1715	0	0	3	31
1989	05	10	TR	SU	0	1	WQ		-7	1637	2006	−3	+1	42	2
1989	05	31	SU	IS	1	1	WQ		-19	1987	1560	−2	+6	4	57
1989	08	23	PL	SU	1	1	F		2	1808	1985	0	0	20	3
1989	09	06	AT	SU	0	0	WQ		9	1720	1976	−1	0	31	4
1989	10	08	DD	SU	2	1	WQ		28	1765	1948	+4	0	24	5
1989	11	15	SU	TR	2	0	WQ		6	1954	1646	0	−3	6	41
1990	02	20	CO	SU	0	0	FT	US	6	1807	1948	0	0	18	5
1990	02	22	SU	CR	2	1	FT	US	4	1952	1629	0	−1	5	45
1990	02	24	US	SU	1	3	F		-5	1586	1957	0	0	49	5
1990	03	28	SU	NL	2	1	F		10	1967	2033	0	0	5	1
1990	04	25	IE	SU	1	0	F		9	1900	1958	+2	−1	12	6
1990	05	16	IL	SU	3	2	F		16	1633	1942	+4	−1	41	7
1990	06	09	RO	SU	2	0	WC	IT	51	1945	1891	+4	−6	6	13
1990	06	13	AR	SU	2	0	WC	IT	62	1813	1829	+8	−4	18	17
1990	06	18	SU	CM	4	0	WC	IT	40	1869	1684	+1	−4	16	35
1990	08	29	SU	RO	1	2	F		-12	1857	1900	0	+1	16	9
1990	09	12	SU	NO	2	0	EQ		9	1866	1644	+1	−2	15	41
1990	10	09	SU	IL	3	0	F		4	1870	1620	0	−2	15	48
1990	11	03	IT	SU	0	0	EQ		-13	2015	1883	0	+2	2	12
1990	11	21	US	SU	0	0	FT	TT	11	1587	1872	+2	−2	51	14
1990	11	23	TT	SU	0	2	FT		-9	1514	1881	−1	+2	65	12
1990	11	30	GT	SU	0	3	F		-5	1454	1886	0	+2	74	10
1991	02	06	SQ	SU	0	1	F		-10	1765	1896	−1	+1	24	11
1991	03	27	DE	SU	2	1	F		3	2084	1893	0	+1	1	10
1991	04	17	HU	SU	0	1	EQ		-19	1760	1912	−2	+1	24	9
1991	05	21	EN	SU	3	1	CLG		12	2000	1900	0	−1	3	10
1991	05	23	AR	SU	1	1	CLG	EN	1	1884	1899	0	0	13	9
1991	05	29	SU	CY	4	0	EQ		1	1900	1253	0	−1	9	128
1991	06	13	SE	SU	2	3	SCN		-16	1811	1916	−1	0	18	9
1991	06	16	IT	SU	1	1	SCN	SE	-4	1999	1920	−1	0	3	9
1991	08	28	NO	SU	0	1	EQ		-14	1706	1934	−3	0	34	9
1991	09	25	SU	HU	2	2	EQ		-14	1920	1758	0	+1	9	28
1991	10	12	SU	IT	0	0	EQ		-2	1918	1986	0	+1	9	4
1991	11	13	CY	SU	0	3	EQ		-3	1256	1921	−2	0	132	9
1992	01	25	US	DS	0	1	F		-7	1690	1928	+1	0	34	9
1992	01	29	SV	DS	0	3	F		-3	1403	1931	−1	0	90	9
1992	02	02	US	DS	2	1	F		14	1704	1917	0	0	34	9
1992	02	12	IL	DS	1	2	F		-5	1615	1922	0	0	48	9
1992	02	19	ES	DS	1	1	F		0	1829	1922	0	0	16	9
1992	04	29	DS	EN	2	2	F		-1	1921	1999	0	0	9	2
1992	06	03	DK	DS	1	1	F		-1	1871	1922	0	0	12	9
1992	06	12	DS	DE	1	1	EC	SE	10	1932	2057	+1	0	8	1
1992	06	15	DS	NL	0	0	EC	SE	3	1935	1975	0	0	8	5
1992	06	18	SQ	DS	3	0	EC	SE	65	1816	1870	+8	−5	20	13
1992	08	16	RU	MX	2	0	F		9	1879	1803	+1	0	10	20
1992	10	14	RU	IS	1	0	WQ		3	1882	1564	0	0	12	63
1992	10	28	RU	LU	2	0	WQ		1	1883	1169	0	0	12	160
1993	02	13	US	RU	0	1	F		-7	1683	1890	−1	+1	33	11
1993	02	17	RU	SV	2	1	F	US	2	1892	1534	−1	−1	12	67
1993	02	21	US	RU	0	0	F		3	1686	1889	0	0	32	12
1993	03	24	IL	RU	2	2	F		6	1563	1883	0	0	62	12
1993	04	14	LU	RU	0	4	WQ		-2	1165	1885	0	0	162	12
1993	04	28	RU	HU	3	0	WQ		11	1896	1674	0	0	12	32
1993	05	23	RU	GR	1	1	WQ		-14	1882	1711	0	0	12	31
1993	06	02	IS	RU	1	1	WQ		11	1566	1871	0	−1	65	12
1993	07	28	FR	RU	3	1	F		8	1946	1863	+1	0	5	14
1993	09	08	HU	RU	1	3	WQ		-22	1645	1885	−6	+1	41	14
1993	10	06	SA	RU	4	2	F		22	1644	1863	+5	−1	43	15
1993	11	17	GR	RU	1	0	WQ		23	1739	1840	+1	−4	28	19
1994	01	29	US	RU	1	1	F		3	1641	1837	+1	0	47	18
1994	02	02	RU	MX	4	1	F	US	19	1856	1849	+3	−2	15	16
1994	03	23	IE	RU	0	0	F		-2	1840	1858	+1	0	19	16
1994	04	20	TR	RU	0	1	F		-5	1577	1863	−2	+1	62	15
1994	05	29	RU	SK	2	1	F		3	1866	1672	0	0	15	37
1994	06	20	BR	RU	2	0	WC	US	33	1996	1833	0	−5	3	21
1994	06	24	SE	RU	3	1	WC	US	38	1927	1795	+3	−2	8	23
1994	06	28	RU	CM	6	1	WC	US	42	1837	1643	+2	−13	21	45
1994	08	17	AT	RU	0	3	F		-13	1627	1850	−2	0	48	18
1994	09	07	RU	DE	0	1	F		-9	1841	1994	−1	0	19	3
1994	10	12	RU	SM	4	0	EQ		0	1841	1013	−2	0	21	187
1994	11	16	SQ	RU	1	1	EQ		-3	1782	1844	0	0	25	21
1995	03	08	SK	RU	2	1	F		12	1679	1832	0	0	33	22
1995	03	29	RU	SQ	0	0	EQ		-9	1823	1768	0	+1	22	26
1995	04	26	GR	RU	0	3	EQ		-30	1638	1853	−7	+1	41	21
1995	05	06	RU	FO	3	0	EQ		1	1854	1163	0	0	21	161
1995	05	31	YU	RU	1	2	F		-14	1908	1868	−1	+3	7	18
1995	06	07	SM	RU	0	7	EQ		-1	990	1869	0	+1	190	15
1995	08	16	FI	RU	0	6	EQ		-19	1535	1888	−4	+4	70	9
1995	09	06	FO	RU	2	5	EQ		-2	1170	1890	0	0	161	9
1995	10	11	RU	GR	2	1	EQ		4	1894	1592	+2	0	8	53
1995	11	15	RU	FI	3	1	EQ		4	1898	1529	0	0	8	71
1996	02	07	MT	RU	0	2	FT		-3	1312	1901	−1	0	123	9
1996	02	09	RU	IS	3	0	FT	MT	6	1907	1540	0	0	9	68
1996	02	11	RU	SI	3	1	FT	MT	7	1914	1611	0	−2	9	51
1996	03	27	IE	RU	0	2	F		-12	1727	1926	−2	+1	30	8
1996	04	24	BE	RU	0	0	F		2	1768	1924	0	0	25	8
1996	05	25	QA	RU	2	5	F		-3	1428	1927	−3	0	101	8
1996	05	29	RU	AE	1	0	F		1	1928	1558	0	0	7	64
1996	06	02	RU	PL	2	0	F		3	1931	1663	0	0	7	38
1996	06	11	IT	RU	2	1	EC	EN	21	2010	1910	+1	−2	3	9
1996	06	16	DE	RU	3	0	EC	EN	26	2084	1884	+1	−2	1	13
1996	06	19	CZ	RU	3	3	EC	EN	-2	1914	1886	−1	0	10	13
1996	08	28	RU	BR	2	2	F		2	1888	2066	+1	0	13	2
1996	09	01	RU	CY	4	0	WQ		2	1890	1390	−1	−2	14	111
1996	10	09	IL	RU	1	1	WQ		8	1653	1882	+2	0	41	13
1996	11	10	LU	RU	0	4	WQ		-4	1258	1886	−2	0	138	13
1997	02	07	RU	YU	1	1	CBG	HK	2	1888	1930	0	0	13	9
1997	02	10	RU	CH	2	1	CBG	HK	8	1896	1713	+1	0	12	32
1997	03	12	YU	RU	0	0	F		-4	1926	1900	0	0	9	11
1997	03	29	CY	RU	1	1	WQ		16	1435	1884	+7	−2	94	13
1997	04	30	RU	LU	3	0	WQ		1	1885	1240	−1	0	12	141
1997	06	08	RU	IL	2	0	WQ		7	1892	1620	+2	−1	10	52
1997	08	20	RU	YU	0	1	F		-11	1881	1954	−1	+1	11	7
1997	09	10	BG	RU	1	0	WQ		18	1842	1863	+1	−3	17	13
1997	10	11	RU	BG	4	2	WQ		20	1883	1822	+1	0	12	18
1997	10	29	RU	IT	1	1	WQ		-1	1882	1965	0	−1	12	7
1997	11	15	IT	RU	1	0	WQ		10	1975	1872	+1	−1	6	13
1998	02	18	GR	RU	1	1	F		1	1732	1871	0	0	34	12
1998	03	25	RU	FR	1	0	F		11	1882	2003	0	0	11	4
1998	04	22	RU	TR	1	0	F		3	1885	1662	0	−1	11	44
1998	05	27	PL	RU	3	1	F		20	1675	1865	+4	−3	42	16
1998	05	30	GE	RU	1	1	F		3	1667	1862	0	0	44	15
1998	08	19	SE	RU	1	0	F		8	1845	1854	0	0	18	17
1998	09	05	UA	RU	3	2	EQ		24	1713	1830	+8	−1	32	18
1998	09	23	ES	RU	1	0	F		4	1964	1826	+1	0	6	18
1998	10	10	RU	FR	2	3	EQ		-12	1814	2075	−1	0	19	1
1998	10	14	IS	RU	1	0	EQ		31	1537	1783	+9	−1	66	20
1998	11	18	BR	RU	5	1	F		4	2051	1779	0	0	2	20
1999	03	27	AM	RU	0	3	EQ		-11	1369	1790	−2	+1	115	19
1999	03	31	RU	AD	6	1	EQ		1	1791	1053	0	0	19	182
1999	05	19	RU	BY	1	1	F		-9	1782	1427	0	+3	19	99
1999	06	05	FR	RU	2	3	EQ		-36	2039	1818	0	+2	1	17
1999	06	09	RU	IS	1	0	EQ		5	1823	1569	−1	0	18	62
1999	08	18	BY	RU	0	2	F		-5	1420	1828	−2	0	104	18
1999	09	04	RU	AM	2	0	EQ		2	1830	1355	0	0	18	115
1999	09	08	AD	RU	1	2	EQ		-1	1049	1831	0	0	182	18
1999	10	09	RU	UA	1	1	EQ		-10	1821	1755	0	+4	18	26
2000	02	23	IL	RU	4	1	F		20	1687	1801	+3	−2	42	20
2000	04	26	RU	US	2	0	F		11	1812	1800	0	−2	19	20
2000	05	31	RU	SK	1	1	F		-6	1806	1695	0	+1	19	40
2000	06	04	MD	RU	0	1	F		-3	1425	1809	−1	+1	99	20
2000	08	16	RU	IL	1	0	F		4	1813	1664	0	−2	17	47
2000	09	02	CH	RU	0	1	WQ		-21	1707	1834	−5	+1	38	16
2000	10	11	RU	LU	3	0	WQ		1	1835	1177	+1	−1	15	161
2001	02	28	GR	RU	3	3	F		1	1708	1834	+3	0	37	15
2001	03	24	RU	SI	1	1	WQ		-14	1820	1661	0	+1	15	49
2001	03	28	RU	FO	1	0	WQ		1	1821	1249	−2	0	17	144
2001	04	25	YU	RU	0	1	WQ		-28	1848	1849	−2	+4	14	13
2001	06	02	RU	YU	1	1	WQ		-6	1843	1854	−2	+1	16	14
2001	06	06	LU	RU	1	2	WQ		-1	1135	1844	−1	0	167	15
2001	08	15	RU	GR	0	0	F		-6	1838	1682	−2	0	18	44
2001	09	01	SI	RU	2	1	WQ		23	1716	1815	+6	−2	35	20
2001	09	05	FO	RU	0	3	WQ		-4	1244	1819	−1	0	146	20
2001	10	06	RU	CH	4	0	WQ		15	1834	1661	+2	−3	18	48
2001	11	14	LV	RU	1	3	F		-4	1416	1838	−2	+1	103	16
2002	02	13	IE	RU	2	0	F		10	1872	1828	0	−3	12	19
2002	03	27	EE	RU	2	1	F		18	1391	1810	+4	−3	109	22
2002	04	17	FR	RU	0	0	F		-8	2107	1818	0	+1	1	22
2002	05	17	RU	BY	1	1	LGC		-12	1806	1546	−1	+2	23	65
2002	05	19	RU	YU	1	1	LGC		-5	1801	1799	0	0	23	25
2002	06	05	RU	TN	2	0	WC	JP	23	1824	1595	+2	−3	21	56
2002	06	09	JP	RU	1	0	WC		20	1859	1804	+3	−1	16	23
2002	06	14	BE	RU	3	2	WC	JP	28	1855	1776	+4	−5	16	27
2002	08	21	RU	SE	1	1	F		-1	1775	1859	0	0	28	14
2002	09	07	RU	IE	4	2	EQ		34	1809	1884	+7	−3	21	12
2002	10	12	GE	RU	0	0	EQ		7	1585	1802	+3	0	59	21
2002	10	16	RU	AL	4	1	EQ		5	1807	1448	+1	−3	20	94
2003	02	12	CY	RU	0	1	FT		-7	1487	1814	−1	+1	80	18
2003	02	13	RU	RO	4	2	FT	CY	22	1836	1782	+3	−4	15	25
2003	03	29	AL	RU	3	1	EQ		50	1509	1786	+18	−7	74	22
2003	04	30	GE	RU	1	0	EQ		26	1598	1760	+1	−5	59	27
2003	06	07	CH	RU	2	2	EQ		-3	1716	1763	−1	+1	36	28
2003	08	20	RU	IL	1	2	F		-15	1748	1695	−3	+4	29	38
2003	09	06	IE	RU	1	1	EQ		-12	1866	1760	−1	+2	14	27
2003	09	10	RU	CH	4	1	EQ		21	1781	1693	+4	−1	23	38
2003	10	11	RU	GE	3	1	EQ		9	1790	1567	+1	−1	22	64
2003	11	15	RU	WA	0	0	EQ		-13	1777	1638	−3	+1	25	52
2003	11	19	WA	RU	0	1	EQ		-18	1620	1795	−3	+5	55	21
2004	03	31	BG	RU	2	2	F		-2	1751	1797	+1	+1	28	20
2004	04	28	NO	RU	3	2	F		8	1793	1789	+1	−3	21	23
2004	05	25	AT	RU	0	0	F		0	1680	1789	0	0	43	23
2004	06	12	ES	RU	1	0	EC	PT	11	2026	1778	0	−4	2	26
2004	06	16	PT	RU	2	0	EC		19	1880	1759	+3	−1	9	27
2004	06	20	RU	GR	2	1	EC	PT	31	1790	1816	+5	−4	22	19
2004	08	18	RU	LT	4	3	F		1	1791	1417	−1	0	24	103
2004	09	04	RU	SK	1	1	WQ		-12	1779	1650	−2	+1	26	50
2004	10	09	LU	RU	0	4	WQ		-2	1061	1781	−2	+1	180	26
2004	10	13	PT	RU	7	1	WQ		20	1903	1761	0	−4	9	30
2004	11	17	RU	EE	4	0	WQ		5	1766	1394	+1	−2	29	105
2005	02	09	IT	RU	2	0	F		6	1913	1760	0	−1	8	30
2005	03	26	LI	RU	1	2	WQ		-2	1104	1762	0	0	172	30
2005	03	30	EE	RU	1	1	WQ		14	1381	1748	+4	−2	105	31
2005	06	04	RU	LV	2	0	WQ		6	1754	1470	−1	−3	31	91
2005	06	08	DE	RU	2	2	F		-6	1888	1760	+1	+1	12	29
2005	08	17	LV	RU	1	1	WQ		10	1482	1750	+3	−2	88	29
2005	09	03	RU	LI	2	0	WQ		1	1751	1113	−1	−1	30	170
2005	09	07	RU	PT	0	0	WQ		3	1754	1905	−1	−1	30	10
2005	10	08	RU	LU	5	1	WQ		1	1755	990	−2	0	32	189
2005	10	12	SK	RU	0	0	WQ		-2	1680	1757	0	+1	44	32
2006	03	01	RU	BR	0	1	F		-5	1752	2033	0	0	33	1
2006	05	27	ES	RU	0	0	F		-7	1954	1759	−1	0	6	33
2006	08	16	RU	LV	1	0	F		2	1761	1480	+1	−3	30	91
2006	09	06	RU	HR	0	0	EQ		-1	1760	1844	+1	−1	29	16
2006	10	07	RU	IL	1	1	EQ		-8	1752	1731	−3	+1	33	38
2006	10	11	RU	EE	2	0	EQ		4	1756	1394	+1	−1	32	104
2006	11	15	MK	RU	0	2	EQ		-21	1532	1777	−5	+7	78	25
2007	02	07	NL	RU	4	1	F		5	1994	1772	0	0	4	26
2007	03	24	EE	RU	0	2	EQ		-10	1388	1782	−1	+4	105	22
2007	06	02	RU	AD	4	0	EQ		1	1783	1095	0	0	25	174
2007	06	06	HR	RU	0	0	EQ		-11	1895	1794	−1	+3	11	22
2007	08	22	RU	PL	2	2	F		-4	1790	1768	−1	0	22	29
2007	09	08	RU	MK	3	0	EQ		8	1798	1521	+3	−3	19	78
2007	09	12	EN	RU	3	0	EQ		14	1957	1784	0	−4	7	23
2007	10	17	RU	EN	2	1	EQ		24	1808	1934	+5	−1	19	8
2007	11	17	IL	RU	2	1	EQ		19	1737	1789	+3	−3	35	22
2007	11	21	AD	RU	0	1	EQ		-1	1069	1790	0	0	178	22
2008	03	26	RO	RU	3	0	F		8	1903	1782	0	−1	10	27
2008	05	23	RU	KZ	6	0	F		2	1784	1362	+1	0	26	113
2008	05	28	RU	RS	2	1	F	DE	9	1793	1731	+3	−5	23	38
2008	06	04	RU	LT	4	1	F	DE	8	1801	1567	+2	−1	21	68
2008	06	10	ES	RU	4	1	EC	AT	23	2008	1778	+1	−5	4	25
2008	06	14	RU	GR	1	0	EC	AT	26	1804	1766	+6	−4	19	26
2008	06	18	RU	SE	2	0	EC	AT	38	1842	1773	+6	−6	14	24
2008	06	21	RU	NL	3	1	EC	CH	60	1902	2026	+5	−1	10	2
2008	06	26	ES	RU	3	0	EC	AT	28	2057	1874	0	−2	1	12
2008	08	20	RU	NL	1	1	F		1	1875	2025	0	0	12	2
2008	09	10	RU	WA	2	1	WQ		5	1880	1637	0	−3	11	52
2008	10	11	DE	RU	2	1	WQ		10	1976	1870	0	+1	6	10
2008	10	15	RU	FI	3	0	WQ		11	1881	1676	0	−1	10	45
2009	03	28	RU	AZ	2	0	WQ		2	1883	1375	−1	0	10	117
2009	04	01	LI	RU	0	1	WQ		-1	1178	1884	0	0	160	10
2009	06	10	FI	RU	0	3	WQ		-26	1663	1910	−1	+1	47	7
2009	08	12	RU	AR	2	3	F		-13	1897	1908	−2	+1	9	7
2009	09	05	RU	LI	3	0	WQ		1	1898	1175	0	0	9	162
2009	09	09	WA	RU	1	3	WQ		-15	1591	1913	0	+1	59	8
2009	10	10	RU	DE	0	1	WQ		-23	1890	1985	−1	0	8	5
2009	10	14	AZ	RU	1	1	WQ		17	1388	1873	+5	−3	113	11
2009	11	14	RU	SI	2	1	WQ		5	1878	1645	+1	0	11	50
2009	11	18	SI	RU	1	0	WQ		27	1672	1851	+4	−1	46	13
2010	03	03	HU	RU	1	1	F		4	1615	1847	0	0	54	13
2010	08	11	RU	BG	1	0	F		4	1851	1721	0	0	12	34
2010	09	03	AD	RU	0	2	EQ		-1	1021	1852	0	0	185	12
2010	09	07	RU	SK	0	1	EQ		-33	1819	1719	−3	+7	14	35
2010	10	08	IE	RU	2	3	EQ		-23	1750	1842	−4	+2	27	12
2010	10	12	MK	RU	0	1	EQ		-11	1569	1853	0	+1	69	11
2010	11	17	RU	BE	0	2	F		-27	1826	1619	−2	+6	13	55
2011	02	09	IR	RU	1	0	F	AE	13	1732	1813	+3	−2	32	16
2011	03	26	AM	RU	0	0	EQ		13	1445	1800	+4	−2	101	18
2011	03	29	QA	RU	1	1	F		4	1546	1796	+1	0	74	18
2011	06	04	RU	AM	3	1	EQ		4	1800	1441	0	+1	18	99
2011	06	07	CM	RU	0	0	F	AT	4	1637	1796	0	−1	53	19
2011	08	10	RU	RS	1	0	F		6	1802	1746	+1	−2	18	32
2011	09	02	RU	MK	1	0	EQ		4	1806	1533	+1	−2	17	77
2011	09	06	RU	IE	0	0	EQ		-7	1799	1794	−1	+2	18	20
2011	10	07	SK	RU	0	1	EQ		-14	1577	1813	−6	+1	66	17
2011	10	11	RU	AD	6	0	EQ		0	1813	998	−1	0	18	188
2011	11	11	GR	RU	1	1	F		-3	1803	1816	−3	0	22	18
2012	02	29	DK	RU	0	2	F		-20	1811	1836	−2	+2	17	15
2012	05	25	RU	UY	1	1	F		1	1837	1986	0	0	15	5
2012	05	29	LT	RU	0	0	F	CH	7	1509	1830	+3	0	85	15
2012	06	01	RU	IT	3	0	F	CH	19	1849	1849	+1	−2	14	14
2012	06	08	RU	CZ	4	1	EC	PL	36	1885	1751	+3	−9	11	31
2012	06	12	PL	RU	1	1	EC		5	1723	1880	+1	0	34	11
2012	06	16	GR	RU	1	0	EC	PL	34	1788	1846	+6	−2	23	14
2012	08	15	RU	CI	1	1	F		-4	1842	1799	0	+1	15	18
2012	09	07	RU	EI	2	0	WQ		3	1845	1448	0	0	15	97
2012	09	11	IL	RU	0	4	WQ		-27	1619	1872	−7	+1	54	14
2012	10	12	RU	PT	1	0	WQ		19	1891	1930	+2	0	12	7
2012	10	16	RU	AZ	1	0	WQ		1	1892	1401	0	0	12	109
2012	11	14	RU	US	2	2	F		-6	1886	1770	−1	+1	13	26
2013	02	06	RU	IS	2	0	F	ES	3	1889	1482	0	−1	13	92
2013	03	25	BR	RU	1	1	F	EN	-4	2043	1893	0	+1	3	10
2013	06	07	PT	RU	1	0	WQ		15	1902	1878	+2	−1	8	10
2013	08	14	EI	RU	1	0	WQ		36	1454	1842	+8	−7	97	17
2013	09	06	RU	LU	4	1	WQ		1	1843	1190	+1	0	16	161
2013	09	10	RU	IL	3	1	WQ		9	1852	1640	−1	−3	17	52
2013	10	11	LU	RU	0	4	WQ		-3	1215	1855	+1	0	152	17
2013	10	15	AZ	RU	1	1	WQ		14	1454	1841	+6	0	96	17
2013	11	15	RU	RS	1	1	F	AE	-3	1838	1753	−3	0	20	26
2013	11	19	RU	KR	2	1	F	AE	6	1844	1686	+5	−1	15	42
2014	03	05	RU	AM	2	0	F		3	1847	1576	+1	+1	14	63
2014	05	26	RU	SK	1	0	F		3	1850	1633	+1	0	13	53
2014	05	31	NO	RU	1	1	F		4	1618	1846	+1	−2	54	15
2014	06	06	RU	MA	2	0	F		2	1848	1516	0	−2	16	80
2014	06	17	RU	KR	1	1	WC	BR	-14	1834	1681	−2	+4	18	42
2014	06	22	BE	RU	1	0	WC	BR	27	1891	1807	+3	−2	10	21
2014	06	26	DZ	RU	1	1	WC	BR	11	1678	1796	+3	0	41	21
2014	09	03	RU	AZ	4	0	F		3	1799	1442	0	0	21	102
2014	09	08	RU	LI	4	0	EQ		1	1800	1170	0	0	20	163
2014	10	09	SE	RU	1	1	EQ		-5	1791	1805	0	+1	21	19
2014	10	12	RU	MD	1	1	EQ		-18	1787	1446	−1	+3	21	99
2014	11	15	AT	RU	1	0	EQ		19	1718	1768	+3	−2	33	24
2014	11	18	HU	RU	1	2	F		-10	1657	1778	−2	0	47	24
2015	03	27	ME	RU	0	0	EQ		5	1598	1773	0	0	63	24
2015	03	31	RU	KZ	0	0	F		-9	1764	1348	−1	+2	25	123
2015	06	07	RU	BY	4	2	F		5	1769	1563	0	−1	25	65
2015	06	14	RU	AT	0	1	EQ		-28	1741	1747	−5	+7	30	29
2015	09	05	RU	SE	1	0	EQ		18	1759	1787	+3	−3	26	21
2015	09	08	LI	RU	0	7	EQ		-6	1208	1765	0	+1	159	25
2015	10	09	MD	RU	1	2	EQ		-6	1360	1771	0	+1	117	23
2015	10	12	RU	ME	2	0	EQ		10	1781	1586	+2	−1	22	63
2015	11	14	RU	PT	1	0	F		11	1792	1918	+1	−1	22	10
2015	11	17	RU	HR	1	3	F		-19	1773	1813	−2	+4	24	17
2016	03	26	RU	LT	3	0	F		2	1775	1423	+2	−1	24	104
2016	03	29	FR	RU	4	2	F		5	1969	1770	0	−1	6	25
2016	06	01	CZ	RU	2	1	F	AT	10	1766	1760	+3	−3	26	28
2016	06	05	RU	RS	1	1	F	MC	-1	1759	1725	0	0	28	37
2016	06	11	EN	RU	1	1	EC	FR	-14	1956	1773	0	+3	8	25
2016	06	15	SK	RU	2	1	EC	FR	28	1760	1745	+8	−6	27	31
2016	06	20	WA	RU	3	0	EC	FR	52	1730	1693	+10	−12	34	42
2016	08	31	TR	RU	0	0	F		-6	1809	1699	0	0	19	43
2016	09	06	RU	GH	1	0	F		5	1704	1618	0	−2	43	56
2016	10	09	RU	CR	3	4	F		-10	1694	1818	−1	0	42	20
2016	11	10	QA	RU	2	1	F		11	1554	1683	+3	−3	70	44
2016	11	15	RU	RO	1	0	F		7	1690	1680	+4	−3	39	44
2017	03	24	RU	CI	0	2	F		-20	1670	1695	−7	+6	46	39
2017	03	28	RU	BE	3	3	F		3	1673	1886	−1	0	48	12
2017	06	05	HU	RU	0	3	F		-23	1658	1696	−8	+9	51	39
2017	06	09	RU	CL	1	1	F		5	1701	1976	+2	+1	37	5
2017	06	17	RU	NZ	2	0	CC		15	1716	1538	+2	−3	36	74
2017	06	21	RU	PT	0	1	CC		-17	1699	1945	−3	0	38	9
2017	06	24	RU	MX	1	2	CC		-16	1683	1944	−5	0	43	10
2017	10	07	RU	KR	4	2	F		13	1696	1717	+2	−3	41	37
2017	10	10	RU	IR	1	1	F		0	1696	1784	0	0	42	22
2017	11	11	RU	AR	0	1	F		-5	1691	2009	0	0	44	4
2017	11	14	RU	ES	3	3	F		6	1697	2030	+1	0	43	3
2018	03	23	RU	BR	0	3	F		-5	1692	2118	−2	0	45	1
2018	03	27	RU	FR	1	3	F		-8	1684	1982	0	0	45	5
2018	05	30	AT	RU	1	0	F		6	1732	1678	+1	+1	34	45
2018	06	05	RU	TR	1	1	F		-1	1677	1727	0	0	44	38
2018	06	14	RU	SA	5	0	WC		30	1707	1558	+2	−5	43	69
2018	06	19	RU	EG	3	1	WC		24	1731	1604	+7	−3	34	57
2018	06	25	RU	UY	0	3	WC		-41	1690	1952	−10	+3	44	8
2018	07	01	RU	ES	1	1	WC		18	1708	2009	+4	0	41	3
2018	07	07	RU	HR	2	2	WC		12	1720	1938	+3	−3	38	9
2018	09	07	TR	RU	1	2	ENB		-26	1701	1746	−8	+6	42	31
2018	09	10	RU	CZ	5	1	F		11	1757	1677	+3	0	28	45
2018	10	11	RU	SE	0	0	ENB		-2	1755	1818	0	0	29	19
2018	10	14	RU	TR	2	0	ENB		20	1775	1711	+2	−8	25	41
2018	11	15	DE	RU	3	0	F		6	1940	1769	0	−1	9	26
2018	11	20	SE	RU	2	0	ENB		17	1850	1752	0	−4	18	30
2019	03	21	BE	RU	3	1	EQ		6	2040	1746	0	−2	3	35
2019	03	24	KZ	RU	0	4	EQ		-15	1383	1761	−2	+2	108	32
2019	06	08	RU	SM	9	0	EQ		0	1761	832	0	0	30	204
2019	06	11	RU	CY	1	0	EQ		3	1764	1405	+2	−2	28	104
2019	09	06	SQ	RU	1	2	EQ		-20	1644	1784	−1	+2	51	24
2019	09	09	RU	KZ	1	0	EQ		2	1786	1389	0	−1	23	106
2019	10	10	RU	SQ	4	0	EQ		14	1800	1619	+2	−1	21	53
2019	10	13	CY	RU	0	5	EQ		-14	1414	1814	−4	+2	102	20
2019	11	16	RU	BE	1	4	EQ		-21	1793	2082	−3	+1	23	1
2019	11	19	SM	RU	0	5	EQ		-1	820	1794	0	+1	209	22
2020	09	03	RU	RS	3	1	ENB		22	1816	1772	+1	−3	21	25
2020	09	06	HU	RU	2	3	ENB		-16	1635	1832	−2	+1	50	20
2020	10	08	RU	SE	1	2	F		-13	1819	1836	−2	+2	21	19
2020	10	11	RU	TR	1	1	ENB		-9	1810	1768	−2	+1	22	26
2020	10	14	RU	HU	0	0	ENB		-11	1799	1709	−2	+1	23	39
2020	11	12	MD	RU	0	0	F		9	1241	1790	0	0	147	23
2020	11	15	TR	RU	3	2	ENB		16	1779	1774	+3	−5	26	28
2020	11	18	RS	RU	5	0	ENB		30	1789	1744	+6	−8	25	35
2021	03	24	MT	RU	1	3	WQ		-5	1209	1749	−1	+2	156	34
2021	03	27	RU	SI	2	1	WQ		10	1759	1645	+4	0	31	45
2021	03	30	SK	RU	2	1	WQ		21	1655	1738	+6	−5	45	37
2021	06	01	PL	RU	1	1	F		-5	1802	1743	0	+1	22	36
2021	06	05	RU	BG	1	0	F		2	1745	1500	0	−1	36	79
2021	06	12	RU	BE	0	3	EC		-16	1729	2115	−4	0	39	2
2021	06	16	RU	FI	1	0	EC		18	1747	1710	+3	−1	35	40
2021	06	21	DK	RU	4	1	EC		16	1925	1731	+1	−3	11	37
2021	09	01	RU	HR	0	0	WQ		0	1731	1825	0	0	37	19
2021	09	04	CY	RU	0	2	WQ		-9	1316	1740	−2	+4	130	33
2021	09	07	RU	MT	2	0	WQ		2	1742	1253	−1	−1	34	146
2021	10	08	RU	SK	1	0	WQ		10	1752	1650	+1	−4	33	51
2021	10	11	SI	RU	1	2	WQ		-18	1604	1770	−4	+3	59	30
2021	11	11	RU	CY	6	0	WQ		3	1773	1295	0	−1	28	134
2021	11	14	HR	RU	1	0	WQ		11	1858	1762	0	−3	17	31
2022	09	24	KG	RU	1	2	F		-2	1267	1764	0	+1	141	31
2022	11	17	TJ	RU	0	0	F		8	1327	1756	+4	−3	126	32
2022	11	20	UZ	RU	0	0	F		2	1575	1754	0	+1	65	32
2023	03	23	IR	RU	1	1	F		-3	1777	1757	−1	0	28	31
2023	03	26	RU	IQ	2	0	F		6	1763	1620	0	0	30	55
2023	09	12	QA	RU	1	1	F		4	1511	1759	+2	−1	77	31
2023	10	12	RU	CM	1	0	F		4	1763	1632	+1	0	30	51
2023	10	16	KE	RU	2	2	F	TR	8	1352	1755	+2	0	116	30
2023	11	20	RU	CU	8	0	F		2	1757	1290	−1	−2	31	143
2024	03	21	RU	RS	4	0	F		16	1773	1785	+6	−3	25	24
2024	06	07	BY	RU	0	4	F		-8	1446	1781	−1	+1	93	25
2024	09	05	VN	RU	0	3	VFF		-5	1267	1786	0	+2	148	24
2024	11	15	RU	BN	11	0	F		0	1786	667	0	0	26	224
2024	11	19	RU	SY	4	0	F		3	1789	1437	+1	−1	25	93
2025	03	19	RU	GD	5	0	F		0	1789	1072	0	0	25	179
2025	03	25	RU	ZM	5	0	F		2	1791	1406	−1	0	28	101
2025	06	06	RU	NG	1	1	F		-7	1784	1576	0	0	28	66
2025	06	10	BY	RU	1	4	F		-9	1492	1793	0	+1	83	28
2025	09	04	RU	JO	0	0	F		-6	1787	1630	+1	+3	27	54
2025	09	07	QA	RU	1	4	F		-9	1487	1796	−2	+2	82	26
2025	10	10	RU	IR	2	1	F		6	1802	1762	0	−1	27	33
2025	10	14	RU	BO	3	0	F		8	1810	1689	+2	−2	24	47
2025	11	12	RU	PE	1	1	F		-5	1805	1708	−1	0	25	42
2025	11	15	RU	CL	0	2	F		-23	1782	1721	−2	+4	27	41
2026	03	27	RU	NI	3	1	F		1	1783	1327	0	−1	28	127
2026	03	31	RU	ML	0	0	F		-7	1776	1596	−1	−1	27	65
2026	05	28	EG	RU	1	0	F		10	1699	1766	+5	−3	46	30
2026	06	05	RU	BF	3	0	F		4	1770	1526	+2	−1	29	78
2026	06	09	RU	TT	3	0	F		2	1772	1386	+1	+1	29	103