1948	05	22	SG	CN	1	0	F		16	1316	1620	−	0	81	35
1948	06	20	SG	AY	4	2	F		10	1326	1290	0	−	81	88
1948	07	07	SG	CN	3	4	F		-5	1321	1625	0	0	81	36
1949	10	09	SG	AY	5	0	SMT		19	1340	1271	+1	−3	83	95
1950	02	23	SG	BU	5	1	F		11	1351	1272	+3	−1	80	94
1950	02	27	SG	BU	0	6	F		-31	1320	1303	−5	+5	85	89
1950	10	21	SG	AY	2	0	SMT		13	1333	1258	+2	−1	82	97
1953	01	24	HK	SG	2	2	AHM		-8	1433	1341	−1	+1	71	84
1953	01	25	HK	SG	3	0	AHM		13	1446	1328	+1	−2	70	86
1953	04	19	SG	KR	1	3	F		-5	1323	1715	−1	+2	86	20
1953	06	20	SG	PH	3	1	F		6	1329	1183	+1	0	86	110
1953	09	13	SG	AY	1	3	SMT		-33	1296	1291	−9	+7	96	97
1954	04	17	SG	HK	2	0	AHM		26	1322	1420	+8	−6	94	81
1954	04	25	SG	PK	2	2	F		0	1322	1430	0	0	94	79
1954	05	02	PK	SG	6	2	ASG	PH	26	1456	1296	+4	−7	76	102
1954	05	04	BU	SG	1	1	ASG	PH	3	1238	1293	0	0	116	102
1954	09	18	SG	AY	3	0	SMT		19	1312	1272	+4	−5	98	110
1954	11	27	HK	SG	1	1	AHM		-9	1437	1321	−1	+3	77	95
1954	11	28	HK	SG	3	2	AHM		7	1444	1314	+1	−3	76	98
1955	09	03	SG	AY	0	4	SMT		-39	1275	1311	−14	+14	110	96
1956	04	01	SG	AY	2	4	SMT		-26	1249	1349	−5	+3	114	93
1956	05	28	SG	RV	2	1	F		12	1261	1415	+2	−3	113	84
1956	09	09	SG	PK	1	1	F		2	1263	1418	+3	0	110	82
1956	12	13	SG	BG	2	10	F		-9	1254	1613	−4	+1	118	44
1957	02	09	SG	IN	2	3	F		-5	1249	1540	0	0	117	57
1957	05	11	SG	AY	1	1	SMT		-2	1247	1299	−1	0	117	104
1957	08	31	SG	RV	5	5	MRD	AY	6	1253	1388	+1	−1	115	90
1957	09	01	RV	SG	2	1	MRD	AY	9	1397	1244	+1	−1	89	116
1957	09	03	SG	TH	6	0	MRD	AY	28	1272	1169	+6	−3	110	125
1957	09	05	KH	SG	1	1	MRD	AY	8	1072	1264	0	−3	133	113
1957	09	07	SG	BU	3	2	MRD	AY	16	1280	1271	+5	−6	108	112
1957	09	10	SG	BU	2	1	F		7	1287	1264	+3	−1	105	113
1958	03	01	AY	SG	5	2	F		13	1293	1274	+4	−3	106	110
1958	03	02	AY	SG	3	1	F		10	1303	1264	+2	−4	104	114
1958	04	19	SG	HK	1	3	F		-11	1253	1482	−1	+4	116	70
1958	04	23	SG	HK	1	4	F		-11	1242	1493	−3	+5	119	65
1958	05	03	SG	AY	3	3	F		-1	1241	1304	0	+1	119	103
1958	05	04	SG	AY	0	3	F		-19	1222	1323	−1	+2	120	101
1958	05	17	SG	PK	4	4	F		2	1224	1401	0	−2	120	89
1958	05	26	KR	SG	2	1	ASG	JP	3	1653	1221	−1	0	39	120
1958	05	28	IL	SG	2	1	ASG	JP	8	1482	1213	+4	−1	70	121
1958	07	02	SG	ID	0	5	F		-8	1205	1575	−1	+2	122	50
1958	08	30	SG	RV	4	4	MRD	AY	8	1213	1405	+1	−1	121	87
1958	08	31	ID	SG	2	0	MRD	AY	6	1559	1207	+1	−1	54	122
1958	09	02	AY	SG	0	0	MRD		-9	1352	1216	−1	+1	98	121
1958	09	03	HK	SG	2	0	MRD	AY	8	1485	1208	+2	0	69	121
1959	01	10	SG	JP	3	4	F		-10	1198	1310	−1	+1	124	105
1959	01	11	SG	JP	3	2	F		10	1208	1300	+1	−1	123	106
1959	05	09	SG	RV	1	4	SQ		-30	1178	1386	−4	+4	127	95
1959	05	11	SG	AY	2	5	SQ		-28	1150	1373	−2	+3	129	98
1959	08	31	IN	SG	2	0	MRD	AY	5	1519	1145	+2	−1	63	130
1959	09	02	KR	SG	4	1	MRD	AY	3	1639	1142	0	0	40	130
1959	09	03	JP	SG	4	1	MRD	AY	15	1311	1127	+4	−1	104	131
1959	09	11	SG	IN	2	3	FT		-5	1122	1507	0	+1	131	67
1959	09	13	SG	KR	0	4	FT		-4	1118	1651	0	0	131	39
1960	05	05	SG	IN	3	0	F		29	1147	1465	+1	−6	133	77
1960	08	07	RV	SG	2	1	MRD	AY	4	1478	1143	+1	−1	73	134
1960	08	08	ID	SG	8	3	MRD	AY	8	1479	1135	+2	0	73	134
1960	08	11	SG	KR	3	3	MRD	AY	14	1149	1652	+1	−1	133	38
1960	08	13	HK	SG	3	2	MRD	AY	5	1433	1144	+2	−1	82	134
1960	08	19	SG	PK	4	1	F		25	1169	1375	+4	−5	130	100
1961	08	02	ID	SG	1	0	MRD	AY	3	1548	1166	+1	0	55	129
1961	08	10	SG	HK	4	3	MRD	AY	25	1191	1418	+2	−7	127	85
1961	08	12	SG	TH	5	3	MRD	AY	20	1211	1134	+2	−3	125	134
1961	08	13	RV	SG	2	1	MRD	AY	7	1422	1204	+3	0	85	125
1962	06	09	SG	HK	2	6	AHM		-20	1184	1434	−7	+7	134	84
1962	07	27	SG	TW	2	2	F		8	1192	1622	+3	0	131	41
1962	07	28	SG	TW	0	4	F		-5	1187	1627	−3	0	134	41
1962	08	16	SG	IN	2	2	F		4	1191	1414	+2	−3	132	90
1962	08	22	SG	TW	0	1	F		-3	1188	1630	−1	0	133	40
1962	09	05	SG	IN	1	0	F		15	1203	1483	+5	−5	127	75
1962	09	11	ID	SG	2	0	MRD	AY	7	1493	1196	+1	−3	70	130
1962	09	13	SG	PH	5	0	MRD	AY	19	1215	1041	+3	0	127	145
1962	09	17	SG	RV	2	2	MRD	AY	8	1223	1409	+1	−5	126	92
1962	09	21	SG	JP	2	1	F		9	1232	1295	+1	−4	125	114
1963	11	20	HK	SG	3	4	F		-17	1411	1249	−3	+5	88	122
1964	03	03	SG	JP	1	2	F		-9	1240	1399	−3	+3	123	94
1964	07	04	SG	HK	1	1	F		2	1242	1419	+1	0	122	86
1964	07	05	SG	HK	2	1	F		12	1254	1407	+1	−4	121	90
1965	03	25	SG	JP	1	4	F		-14	1240	1440	−3	+2	125	83
1965	08	31	SG	IN	1	2	F		-5	1235	1518	0	+3	129	65
1965	12	05	HK	SG	0	0	AHM		-9	1367	1244	−4	+2	101	127
1965	12	07	HK	SG	1	2	AHM		-23	1344	1267	−6	+3	107	124
1965	12	09	SG	TW	2	0	F	HK	24	1291	1494	+6	−7	118	68
1965	12	15	BU	SG	1	0	SEP	MY	14	1409	1277	+2	−6	91	124
1965	12	16	RV	SG	5	1	SEP	MY	23	1438	1254	+5	−1	84	125
1966	08	13	BU	SG	2	2	MRD	MY	-7	1422	1261	−1	−1	90	125
1966	08	18	SG	TW	4	1	MRD	MY	42	1303	1460	+10	−9	115	77
1966	08	20	RV	SG	2	1	MRD	MY	11	1399	1292	+3	−2	94	117
1966	08	22	SG	IN	1	0	MRD	MY	24	1316	1492	+4	−4	113	68
1966	08	29	SG	RV	2	2	F		1	1317	1435	0	0	113	86
1966	08	31	SG	KR	1	3	F		-10	1307	1544	−1	+3	114	55
1966	12	10	ID	SG	3	0	ASG	TH	23	1451	1284	+6	−5	83	120
1966	12	13	SG	TW	3	3	ASG	TH	6	1290	1393	+2	−1	118	97
1966	12	14	SG	RV	5	0	ASG	TH	59	1349	1409	+14	−14	104	93
1966	12	15	TH	SG	0	2	ASG		-37	1289	1386	−8	+6	118	98
1966	12	16	JP	SG	5	1	ASG	TH	24	1537	1362	+5	−2	58	100
1966	12	18	BU	SG	2	0	ASG	TH	18	1526	1344	+3	−4	62	104
1966	12	19	JP	SG	2	0	ASG	TH	15	1555	1329	+5	−3	52	107
1967	03	24	MY	SG	1	1	SQ	HK	5	1245	1324	0	−2	128	109
1967	03	26	TH	SG	4	1	SQ	HK	42	1295	1282	+8	−11	116	120
1967	03	29	HK	SG	2	0	SQ		17	1363	1265	+2	−5	102	125
1967	04	02	RV	SG	3	0	SQ	HK	27	1376	1238	+3	−4	101	128
1967	08	11	SG	TW	3	3	MRD	MY	7	1245	1410	+1	−1	128	93
1967	08	13	ID	SG	4	1	MRD	MY	14	1429	1231	+2	−2	89	130
1967	08	15	BU	SG	3	0	MRD	MY	8	1539	1223	+1	0	59	130
1967	08	20	KR	SG	3	0	MRD	MY	9	1505	1214	0	−1	66	131
1967	08	28	SG	RV	1	0	F		13	1227	1423	+1	−5	130	92
1967	08	31	SG	IN	0	0	F		3	1230	1435	0	−3	130	87
1967	10	07	SG	HK	4	0	F		18	1248	1297	+2	−2	128	115
1967	10	08	SG	HK	2	0	F		13	1261	1284	+1	−2	127	117
1967	11	04	RV	SG	2	0	VIC		8	1443	1253	+4	+1	81	125
1967	11	08	NZ	SG	3	1	VIC	RV	9	1495	1244	0	−1	67	126
1967	11	11	AU	SG	5	1	VIC	RV	9	1532	1235	+2	−2	62	128
1967	11	21	SG	AU	1	6	F		-8	1227	1579	−1	+2	129	54
1967	12	19	KH	SG	6	1	F		17	1198	1210	+3	−3	135	131
1967	12	20	KH	SG	3	1	F		11	1209	1199	+4	−4	131	135
1968	08	11	TW	SG	2	0	MRD	MY	16	1321	1183	+2	−3	112	138
1968	08	12	KR	SG	3	2	MRD	MY	2	1613	1181	+2	−1	46	139
1968	08	15	ID	SG	4	0	MRD	MY	12	1425	1169	+4	−3	86	142
1968	08	27	SG	KR	4	3	FT		26	1195	1570	+6	−8	136	57
1968	08	28	SG	RV	1	0	FT		20	1215	1397	+7	−4	129	93
1968	08	30	SG	ID	1	0	FT		22	1237	1464	+2	−5	127	75
1968	11	20	TH	SG	3	0	KNG		16	1295	1221	+3	−1	114	127
1968	11	22	BU	SG	2	0	KNG	TH	6	1541	1215	+2	−2	63	129
1968	11	26	ID	SG	7	1	KNG	TH	10	1511	1205	0	−5	69	134
1969	09	16	SG	NZ	0	2	F		-9	1196	1464	−2	+1	136	76
1969	10	20	SG	KH	1	1	F		-2	1194	1211	0	0	137	131
1969	10	31	BU	SG	3	1	MRD	MY	6	1521	1188	+1	0	68	137
1969	11	04	IN	SG	3	0	MRD	MY	17	1336	1171	+2	−5	107	142
1969	11	06	ID	SG	9	2	MRD	MY	6	1571	1165	+1	0	55	142
1969	11	09	BU	SG	9	0	MRD	MY	9	1514	1156	0	0	69	142
1969	11	11	SG	IN	7	3	F		22	1178	1297	+4	−5	138	114
1969	11	20	SG	ID	3	2	KNG	TH	27	1205	1552	+4	−6	134	58
1969	11	24	SG	RV	1	1	KNG	TH	8	1213	1395	+4	0	130	95
1970	06	20	MY	SG	5	0	JAT	ID	24	1302	1189	+6	−6	113	136
1970	08	01	ID	SG	3	1	MRD	MY	5	1563	1184	0	−1	57	137
1970	08	04	KR	SG	4	0	MRD	MY	5	1593	1179	0	0	52	137
1970	08	06	HK	SG	3	2	MRD	MY	12	1269	1167	+2	−5	123	142
1970	08	08	TH	SG	5	4	MRD	MY	9	1320	1158	+3	−1	109	143
1970	08	10	JP	SG	4	0	MRD	MY	5	1576	1153	0	0	56	143
1970	08	13	RV	SG	4	0	MRD	MY	17	1315	1136	+5	−2	109	145
1970	08	19	SG	IN	3	8	F		-15	1121	1340	−2	+2	147	106
1970	11	08	SG	HK	1	0	KNG	TH	21	1142	1235	+3	−4	144	129
1970	11	10	TH	SG	3	1	KNG		7	1355	1135	+3	−1	103	145
1970	11	14	LA	SG	3	0	KNG	TH	38	1007	1097	+3	−5	161	150
1970	11	16	KR	SG	4	0	KNG	TH	3	1617	1094	0	0	47	150
1971	06	05	ID	SG	3	0	JAT		5	1388	1089	+2	−2	95	152
1971	06	09	BU	SG	6	0	JAT	ID	3	1623	1086	+1	0	44	152
1971	08	05	SG	HK	2	1	MRD	MY	21	1107	1202	+3	−4	149	133
1971	08	07	SG	BU	1	0	MRD	MY	29	1136	1623	+4	−3	145	43
1971	08	10	IN	SG	2	2	MRD	MY	-9	1375	1145	−3	+1	97	144
1971	08	13	ID	SG	4	0	MRD	MY	9	1441	1136	+3	−1	79	145
1971	08	15	PH	SG	4	4	MRD	MY	7	970	1129	0	0	164	145
1971	08	20	MY	SG	4	2	MRD		7	1344	1122	+1	−1	105	146
1971	08	27	SG	ID	3	2	FT		23	1145	1411	+2	−5	144	88
1971	10	28	TH	SG	1	0	VIC	RV	10	1264	1135	+4	−1	122	144
1971	10	30	MY	SG	1	1	VIC	RV	-11	1460	1146	−3	+1	76	143
1971	10	31	SG	TH	3	1	VIC	RV	29	1175	1216	+3	−1	140	129
1971	11	07	TH	SG	2	0	KNG		14	1230	1161	+1	−2	128	142
1971	11	09	RV	SG	5	4	KNG	TH	10	1295	1151	+1	0	114	142
1971	12	13	RV	SG	3	1	SEP	MY	14	1369	1137	+3	−2	99	145
1971	12	14	BU	SG	8	1	SEP	MY	5	1633	1132	0	−2	39	147
1972	06	06	KU	SG	3	0	JAT	ID	13	1331	1119	+2	0	108	148
1972	06	08	PH	SG	2	0	JAT	ID	27	1075	1092	+3	−6	155	154
1972	06	10	SG	TH	1	1	JAT	ID	5	1097	1214	+2	−1	152	130
1972	06	23	SG	LK	3	1	FT		10	1107	979	0	−2	152	163
1972	06	25	SG	KU	1	0	FT		22	1129	1369	+4	−8	148	102
1972	07	13	ID	SG	0	0	MRD	MY	-12	1477	1141	−2	+4	68	144
1972	07	15	TH	SG	2	0	MRD	MY	19	1212	1122	+5	−4	131	148
1972	07	17	HK	SG	4	1	MRD	MY	19	1240	1103	+1	−4	129	152
1972	07	19	KR	SG	4	1	MRD	MY	4	1541	1099	0	0	63	152
1972	07	25	SG	LK	6	1	MRD	MY	18	1117	933	+5	−1	148	166
1972	08	02	SG	LK	6	1	FT		10	1127	923	0	0	148	166
1972	08	06	SG	HK	0	2	FT		-21	1106	1274	−4	+6	152	121
1972	09	21	ID	SG	2	1	PRS	KR	3	1488	1103	+2	−1	65	152
1972	09	23	SG	PH	5	0	PRS	KR	28	1131	1047	+4	−2	148	157
1972	09	25	BU	SG	1	0	PRS	KR	2	1633	1129	+1	0	40	148
1972	09	28	TH	SG	4	1	PRS	KR	19	1252	1110	+3	−3	127	151
1972	10	05	HK	SG	2	3	F		-17	1274	1127	−4	+3	122	148
1972	10	28	SG	KU	1	0	VIC	RV	22	1149	1279	+5	−7	143	121
1972	10	29	RV	SG	4	1	VIC		8	1355	1141	0	0	107	143
1972	11	01	SG	MY	3	1	VIC	RV	37	1178	1359	+4	−10	139	104
1972	11	18	TH	SG	4	0	KNG		15	1267	1163	+3	−2	125	141
1972	11	20	SG	ID	2	1	KNG	TH	26	1189	1460	+4	−3	137	69
1972	11	22	MY	SG	2	0	KNG	TH	12	1384	1177	0	−2	98	139
1972	11	24	KR	SG	2	0	KNG	TH	4	1592	1173	0	−1	50	140
1972	11	28	SG	KR	0	0	KNG	TH	12	1185	1557	+3	−1	137	55
1973	07	26	KU	SG	1	1	MRD	MY	-6	1315	1191	−1	+1	112	137
1973	07	28	KW	SG	2	0	MRD	MY	10	1414	1181	+2	−2	89	139
1973	07	30	BU	SG	1	0	MRD	MY	2	1653	1179	0	0	38	139
1973	08	02	BD	SG	1	1	MRD	MY	7	1005	1172	0	−1	161	140
1973	08	05	RV	SG	1	0	MRD	MY	11	1290	1161	+6	−1	117	141
1973	08	10	SG	KU	3	0	MRD	MY	33	1194	1220	+5	−3	136	131
1973	08	13	SG	BD	0	1	FT		-25	1169	1020	−4	+1	141	160
1973	08	15	SG	IN	4	5	FT		-11	1158	1365	0	+3	141	102
1973	09	01	SG	TH	1	0	SEP		20	1178	1243	+2	−3	139	128
1973	09	04	SG	MY	0	0	SEP		9	1187	1437	+1	−6	138	82
1973	09	06	SG	RV	1	1	SEP		0	1187	1288	0	−1	138	119
1973	09	07	SG	MY	0	3	SEP		-22	1165	1450	−2	+10	140	75
1973	11	03	MY	SG	2	1	VIC	RV	4	1478	1161	+1	0	68	141
1973	11	04	RV	SG	4	2	VIC		11	1272	1150	+2	−1	123	142
1973	12	15	LA	SG	3	2	KNG	TH	23	955	1127	0	−5	165	147
1973	12	17	BU	SG	6	1	KNG	TH	4	1604	1123	+1	0	47	147
1973	12	19	TH	SG	3	0	KNG		10	1292	1113	+4	−2	117	149
1974	02	12	SG	JP	0	1	F		-4	1109	1455	−1	0	150	75
1974	07	28	ID	SG	5	0	MRD	MY	10	1398	1099	+1	−1	95	152
1974	07	30	SG	TH	1	1	MRD	MY	8	1107	1292	+1	−1	151	117
1974	08	07	SG	HK	0	1	AHM		-9	1098	1368	−1	+3	152	102
1974	11	03	SG	CN	1	1	F		8	1106	1600	+1	0	151	45
1974	12	10	SG	LA	2	0	KNG	TH	13	1119	936	+5	−1	146	166
1974	12	12	MY	SG	0	0	KNG	TH	-12	1466	1131	−5	+2	75	144
1974	12	14	TH	SG	2	1	KNG		8	1227	1123	0	−1	130	145
1975	05	02	CN	SG	1	0	F		1	1587	1122	0	0	47	144
1975	06	15	SG	BN	6	0	SQ	HK	17	1139	868	+3	−1	141	174
1975	06	19	KP	SG	1	0	SQ	HK	3	1605	1136	0	−1	45	142
1975	06	21	JP	SG	2	1	SQ	HK	5	1463	1131	0	−1	76	143
1975	11	09	SG	NZ	2	2	F		6	1137	1451	+3	−1	142	79
1975	12	10	BU	SG	1	0	SEP	TH	4	1535	1133	+1	−3	60	145
1975	12	12	TH	SG	2	2	SEP		-11	1227	1144	−1	+4	127	141
1975	12	15	BU	SG	2	2	SEP	TH	-16	1495	1160	−5	+2	67	139
1975	12	21	MY	SG	0	0	KNG	TH	-10	1446	1170	−3	+2	81	137
1975	12	24	BU	SG	6	0	KNG	TH	9	1491	1161	+4	−2	67	139
1975	12	26	TH	SG	0	1	KNG		-23	1257	1184	−3	+2	123	137
1975	12	30	KR	SG	5	0	KNG	TH	4	1635	1180	+1	0	41	137
1976	02	15	ID	SG	0	0	OQ		-14	1359	1194	−4	0	105	137
1976	02	20	SG	PG	7	4	OQ	ID	21	1215	1025	+5	0	132	157
1976	02	22	MY	SG	6	0	OQ	ID	22	1424	1193	+9	−5	86	137
1976	02	24	KP	SG	2	0	OQ	ID	4	1661	1189	+1	0	38	137
1976	09	13	MY	SG	4	1	PRS	KR	8	1487	1181	+5	0	64	136
1976	09	15	SG	IN	2	1	PRS	KR	19	1200	1268	0	−6	136	121
1976	09	17	KR	SG	7	0	PRS		3	1638	1197	0	0	42	136
1976	10	22	SG	AU	0	1	F		-2	1195	1671	0	0	136	36
1976	12	17	KR	SG	4	0	KNG	TH	4	1634	1191	+1	0	42	136
1976	12	19	TH	SG	6	0	KNG		13	1337	1178	+2	−1	108	137
1977	02	14	SG	KR	0	4	F		-4	1174	1633	−1	0	138	43
1977	02	27	SG	TH	2	0	WQ		36	1210	1311	+5	−8	133	112
1977	03	02	SG	HK	2	2	WQ		5	1215	1395	+1	−1	132	93
1977	03	06	SG	MY	1	0	WQ		30	1245	1476	+5	−11	127	76
1977	03	09	SG	ID	0	4	WQ		-48	1197	1294	−9	+11	136	115
1977	03	12	SG	HK	0	1	WQ		-14	1183	1427	0	+2	136	88
1977	10	28	TH	SG	2	0	KNG		10	1322	1173	+1	0	110	137
1977	11	01	MY	SG	4	3	KNG	TH	4	1480	1169	+2	0	69	137
1977	11	04	IN	SG	2	1	KNG	TH	12	1251	1157	+1	−3	126	140
1977	11	13	SG	AU	0	2	F		-2	1155	1681	0	0	139	36
1977	11	20	TH	SG	2	0	SEG	MY	18	1321	1137	+4	−3	110	142
1977	11	21	BU	SG	5	1	SEG	MY	11	1461	1126	+2	−3	76	145
1978	04	00	SG	MY	1	0	KNG	TH	27	1153	1490	+7	−3	139	67
1978	05	00	MY	SG	3	2	KNG	TH	4	1494	1149	0	0	67	139
1978	06	14	KR	SG	3	1	JAT	ID	2	1724	1147	+1	0	28	140
1978	06	16	MY	SG	1	1	JAT	ID	-11	1451	1158	−3	+2	79	138
1978	06	17	TH	SG	3	1	JAT	ID	15	1288	1143	+2	−2	118	140
1978	06	21	ID	SG	2	2	JAT		-11	1357	1154	−3	0	100	140
1978	07	14	MY	SG	6	0	MRD		7	1427	1147	+3	0	85	140
1978	07	16	KR	SG	2	0	MRD	MY	1	1748	1146	0	0	25	140
1978	07	18	TH	SG	2	1	MRD	MY	9	1294	1137	+1	−3	116	143
1978	07	20	IQ	SG	3	0	MRD	MY	3	1609	1134	+1	−2	46	145
1978	07	23	SG	JP	2	1	MRD	MY	25	1159	1402	+7	−8	138	92
1978	07	25	SG	SY	4	1	MRD	MY	36	1195	1255	+1	−4	137	120
1978	07	27	ID	SG	0	0	MRD	MY	-6	1323	1201	0	+1	107	136
1978	10	01	SG	NZ	0	2	F		-7	1194	1509	−2	0	137	66
1979	05	04	HK	SG	3	1	SQ	TH	17	1368	1177	+7	−2	98	137
1979	05	06	TH	SG	4	0	SQ		13	1369	1164	+6	−2	98	138
1979	05	08	LK	SG	4	0	SQ	TH	61	967	1103	+7	−12	164	150
1979	06	30	ID	SG	0	0	MRD	MY	-6	1240	1109	−2	+1	124	149
1979	07	05	SG	TH	1	1	MRD	MY	8	1117	1300	+5	−2	144	113
1979	07	09	MY	SG	3	0	MRD		4	1466	1113	+2	−2	74	147
1979	07	11	BU	SG	4	1	MRD	MY	8	1408	1105	+2	−2	91	149
1979	07	13	JP	SG	3	1	MRD	MY	5	1461	1100	+2	−1	76	150
1979	09	22	ID	SG	3	0	SEG		14	1251	1086	+3	−1	121	152
1979	09	23	MY	SG	2	0	SEG	ID	6	1472	1080	+2	0	78	152
1979	09	25	SG	TH	2	2	SEG	ID	13	1093	1350	+1	−3	151	102
1979	09	26	SG	BU	2	1	SEG	ID	34	1127	1369	+5	−7	146	97
1979	11	17	SG	SE	0	5	F		-3	1124	1679	0	0	146	34
1979	11	25	SG	MY	4	0	KNG	TH	50	1174	1425	+7	−10	139	87
1980	02	23	SG	LK	3	0	OQ		9	1183	923	0	0	139	169
1980	02	26	SG	IN	1	0	OQ		17	1200	1206	+3	−4	135	131
1980	03	01	SG	IR	0	3	OQ		-5	1195	1738	0	+1	136	24
1980	03	04	SG	KP	3	1	OQ		54	1249	1634	+14	−11	122	45
1980	03	08	SG	CN	1	0	OQ		34	1283	1617	+7	−4	115	47
1980	03	12	SG	IR	0	4	OQ		-8	1275	1750	−3	0	118	24
1980	11	20	SG	BN	3	0	KNG	TH	6	1281	912	+1	−2	117	172
1980	12	22	JP	SG	1	0	WQ	HK	8	1519	1273	+1	−1	66	118
1980	12	24	HK	SG	1	1	WQ		-10	1346	1283	−1	+1	101	117
1980	12	26	KP	SG	1	0	WQ	HK	5	1608	1278	0	0	45	117
1981	02	17	SG	JP	0	1	F		-7	1271	1483	−1	+1	117	74
1981	02	19	SG	JP	0	0	F		3	1274	1480	0	0	117	74
1981	02	24	SG	SA	1	1	F		0	1274	1389	−1	0	118	92
1981	04	05	SG	MY	1	1	OVC		6	1280	1506	+3	−2	115	69
1981	04	17	MY	SG	1	2	OVC		-26	1480	1306	−3	+4	73	111
1981	09	01	TH	SG	3	1	MRD	MY	17	1414	1289	+2	−3	90	113
1981	09	04	KR	SG	2	0	MRD	MY	4	1722	1285	0	−2	29	115
1981	09	16	IQ	SG	4	0	MRD	MY	5	1713	1280	+1	−1	30	115
1981	11	09	TH	SG	2	1	KNG		6	1421	1274	0	−2	89	117
1981	11	11	SG	MY	1	0	KNG	TH	18	1292	1328	+4	−2	113	104
1981	11	17	PK	SG	1	0	KNG	TH	17	1262	1275	+2	−4	121	117
1981	12	07	ID	SG	1	0	SEG	PH	23	1238	1252	+9	−6	126	123
1981	12	09	PH	SG	0	4	SEG		-16	911	1268	−3	+4	173	119
1981	12	13	MY	SG	1	1	SEG	PH	-3	1326	1271	0	0	104	119
1981	12	14	ID	SG	2	0	SEG	PH	33	1273	1238	+8	−7	117	126
1982	01	17	SG	BH	2	0	F		8	1246	1158	+2	0	124	142
1982	03	10	AE	SG	3	0	F		19	1128	1227	+2	−8	148	132
1982	03	12	AE	SG	5	3	F		15	1143	1212	+4	−4	144	136
1982	05	01	TH	SG	1	1	KNG		-11	1403	1223	0	+4	89	133
1982	05	05	SG	NP	2	0	KNG	TH	7	1230	916	+1	0	132	169
1982	05	06	SG	PH	1	0	KNG	TH	4	1234	878	+1	0	131	178
1982	05	13	TH	SG	1	0	KNG		6	1397	1228	0	−1	89	132
1982	05	15	TH	SG	2	2	KNG		-10	1387	1238	0	+4	89	128
1982	06	02	JP	SG	2	0	KRN		5	1493	1233	+3	−3	71	131
1982	08	07	GH	SG	3	0	MRD	MY	3	1702	1230	+1	−1	32	132
1982	08	12	SG	IN	3	0	MRD	MY	28	1258	1223	+10	−10	122	133
1982	08	14	SG	TH	2	0	MRD	MY	30	1288	1348	+9	−7	113	98
1982	10	05	SG	MY	0	1	MRL		-19	1269	1306	−7	+6	120	108
1982	10	07	SG	BN	7	0	MRL		5	1274	906	+3	−1	117	173
1982	10	10	SG	KR	0	2	MRL		-7	1267	1661	−3	0	120	39
1982	11	10	SG	MY	3	1	OVC		18	1285	1277	+8	−5	113	117
1983	05	28	SG	MY	2	1	SEG		11	1296	1209	+3	−3	112	136
1983	06	01	SG	PH	5	0	SEG		4	1300	889	+1	0	110	175
1983	06	04	SG	BN	4	0	SEG		5	1305	944	+1	0	109	167
1983	06	06	SG	TH	1	2	SEG		-23	1282	1368	−7	+5	116	93
1983	09	03	MY	SG	0	0	OVC		-2	1215	1284	0	0	134	119
1983	09	10	SG	MY	0	1	OVC		-22	1262	1237	−4	+5	123	129
1983	10	14	SG	SA	0	3	OQ		-31	1231	1429	−5	+3	129	86
1983	10	17	SG	IN	2	1	OQ		14	1245	1212	+3	−4	126	136
1983	10	20	SG	MY	0	2	OQ		-36	1209	1315	−10	+12	137	107
1983	10	23	SG	ID	1	0	OQ		13	1222	1169	+5	0	132	142
1983	10	26	ID	SG	1	1	OQ	MY	3	1172	1219	0	−1	142	133
1983	10	29	IN	SG	1	0	OQ	MY	19	1256	1200	+3	−5	125	138
1983	11	01	MY	SG	1	0	OQ		8	1347	1192	+2	−2	97	140
1983	11	17	SA	SG	5	0	OQ		9	1468	1183	+3	−1	77	141
1983	11	20	LK	SG	0	4	F		-11	910	1194	−1	+1	172	140
1983	12	03	SG	ID	5	0	MRL		18	1212	1122	+5	−2	135	146
1983	12	07	SG	BN	4	0	MRL		6	1218	923	+2	0	133	170
1983	12	14	SG	CN	1	0	MRL		25	1243	1569	+6	−11	127	58
1983	12	18	SG	AU	2	4	MRL		-10	1233	1580	−2	+4	129	52
1984	08	12	MY	SG	1	0	OVC		7	1340	1226	0	−1	99	131
1984	08	18	SG	MY	1	1	OVC		1	1227	1339	0	0	131	99
1984	09	04	SG	QA	0	1	F		-5	1222	1521	0	0	131	65
1984	10	22	SG	ID	5	1	MRL		16	1238	1140	+3	−2	128	146
1984	11	05	QA	SG	0	0	F		-8	1517	1246	−4	+1	66	127
1984	11	07	QA	SG	3	1	F		3	1520	1243	+2	0	64	127
1984	12	02	SG	IN	2	0	AC		29	1272	1231	+5	−6	121	128
1984	12	05	SG	CN	0	2	AC		-17	1255	1602	−2	+3	123	46
1984	12	08	SG	AE	0	1	AC		-28	1227	1342	−5	+10	128	101
1984	12	10	SG	IR	1	1	AC		21	1248	1717	+4	−1	124	32
1985	01	04	BN	SG	0	0	F		5	948	1243	0	−1	168	125
1985	01	19	SG	KP	1	1	WQ		12	1255	1566	+2	−4	123	57
1985	02	23	SG	JP	1	3	WQ		-23	1232	1462	−5	+2	129	82
1985	05	18	JP	SG	5	0	WQ		9	1500	1223	+3	−2	69	131
1985	05	25	KP	SG	2	0	WQ		5	1537	1218	+2	−2	60	133
1985	09	29	MY	SG	1	1	F		-6	1361	1224	0	+4	97	129
1985	10	06	SG	MY	2	1	F		11	1235	1350	+2	−1	127	98
1985	10	16	SG	BN	2	1	MRL		2	1237	899	0	0	127	174
1985	10	20	SG	MY	2	0	MRL		24	1261	1330	+4	−5	123	103
1985	10	23	SG	MY	4	0	MRL		26	1287	1304	+9	−6	114	109
1985	12	09	SG	ID	1	0	SEG	TH	14	1301	1165	+4	−3	110	145
1985	12	13	SG	BN	3	0	SEG	TH	7	1308	905	+1	−1	109	174
1985	12	14	MY	SG	2	2	SEG	TH	0	1311	1308	0	0	108	109
1985	12	17	TH	SG	2	0	SEG		26	1276	1282	+11	−4	116	113
1986	03	01	ID	SG	3	1	KNG	TH	32	1149	1250	+6	−13	145	127
1986	03	03	TH	SG	3	1	KNG		15	1291	1235	+1	0	113	127
1986	08	24	SG	CA	0	1	MRL		-5	1230	1613	−2	+1	129	45
1986	08	30	SG	KP	0	2	MRL		-10	1220	1548	−3	+2	132	62
1986	09	01	SG	CN	0	3	MRL		-9	1211	1614	−1	+3	133	45
1986	09	03	SG	CN	1	2	MRL		-4	1207	1618	−1	0	134	45
1986	09	06	SG	CA	0	1	MRL		-5	1202	1574	−1	+2	135	55
1986	09	07	SG	SA	0	4	F		-8	1194	1549	−2	+1	137	63
1987	04	04	SG	ID	2	0	OQ		22	1216	1174	+6	−6	133	144
1987	04	12	JP	SG	1	0	OQ		5	1473	1211	0	0	76	133
1987	04	26	ID	SG	2	1	OQ		17	1184	1194	+4	−4	140	137
1987	06	14	SG	JP	0	1	OQ		-11	1183	1484	−3	+1	140	76
1987	09	10	MY	SG	0	0	SEG	ID	-6	1284	1189	−7	+1	117	138
1987	09	14	BU	SG	0	0	SEG	ID	-7	1302	1196	0	+1	105	137
1988	10	09	SG	QA	0	1	F		-6	1190	1429	0	+1	139	85
1988	11	27	SG	MY	2	3	F		-12	1178	1245	−1	+2	142	123
1988	12	09	SG	OM	3	1	MRD	MY	16	1194	1058	+2	0	140	160
1989	05	13	SG	ID	1	2	F		-13	1181	1208	0	+4	140	135
1989	05	23	KR	SG	3	0	WQ		2	1728	1179	0	−1	28	142
1989	05	25	MY	SG	1	0	WQ	KR	16	1267	1163	+1	−2	117	144
1989	05	27	SG	NP	3	0	WQ	KR	13	1176	895	+2	−2	142	180
1989	06	03	SG	MY	2	2	WQ		-1	1175	1265	0	−1	142	118
1989	06	05	SG	NP	7	0	WQ		9	1184	885	+1	0	141	181
1989	06	07	SG	KR	0	3	WQ		-5	1179	1742	−1	0	142	27
1989	08	17	SG	QA	4	1	F		27	1206	1471	+6	−7	136	73
1989	08	24	SG	TH	1	1	SEG	MY	1	1207	1230	0	−1	136	130
1989	08	26	SG	MM	4	0	SEG	MY	36	1243	1153	+13	−3	123	144
1989	08	28	SG	ID	1	0	SEG	MY	19	1262	1214	+3	−6	120	135
1989	08	31	MY	SG	3	1	SEG		18	1322	1244	+3	−3	107	123
1990	08	18	ID	SG	6	0	IPC		26	1239	1218	+9	−9	127	136
1990	09	13	SG	MY	3	0	F		17	1235	1289	+4	−5	131	116
1990	09	23	KR	SG	7	0	ASG	CN	5	1721	1230	0	−2	31	133
1990	09	25	CN	SG	5	1	ASG		6	1549	1224	+1	0	60	133
1990	09	27	SG	PK	6	1	ASG	CN	18	1242	995	+4	−2	129	170
1991	10	05	SG	ID	2	0	F		10	1252	1216	+4	−3	133	143
1991	11	25	SG	TH	0	0	SEG	PH	3	1255	1307	0	−1	136	120
1991	11	29	SG	MM	2	1	SEG	PH	14	1269	1131	+7	−2	129	161
1991	12	02	ID	SG	0	0	SEG	PH	0	1272	1269	0	0	128	129
1991	12	04	PH	SG	0	2	SEG		-8	830	1277	0	+1	196	128
1992	04	19	SG	MY	1	1	SQ		-9	1268	1217	−4	0	133	146
1992	04	22	SG	ID	1	2	SQ		-26	1242	1287	−10	+10	142	127
1992	04	26	SG	CN	0	1	SQ		-11	1231	1512	0	+1	142	71
1992	11	25	MM	SG	0	1	F		-10	1121	1241	−1	+1	169	143
1992	12	08	SG	MY	3	0	MRL		20	1261	1232	+4	−5	139	144
1993	02	05	MY	SG	2	1	MRD		12	1244	1249	+1	−4	143	141
1993	02	09	SG	TH	1	1	MRD	MY	5	1254	1357	+2	−2	139	115
1993	04	11	KP	SG	2	1	WQ	QA	8	1511	1246	+4	−3	76	145
1993	04	13	SG	VN	3	2	WQ	QA	14	1260	1127	+5	−2	140	167
1993	04	16	QA	SG	4	1	WQ		9	1495	1251	+2	−2	82	142
1993	04	18	SG	ID	2	0	WQ	QA	26	1277	1184	+9	−5	133	157
1993	04	22	SG	SA	0	3	F		-8	1269	1602	−2	+1	135	55
1993	04	26	SG	KP	1	3	WQ		-15	1254	1568	−4	+2	139	64
1993	04	28	SG	VN	1	0	WQ		9	1263	1130	+1	−1	138	167
1993	04	30	SG	QA	1	0	WQ		27	1290	1465	+8	−5	131	88
1993	05	02	SG	ID	2	1	WQ		9	1299	1178	+1	−3	130	159
1993	06	09	SG	PH	7	0	SEG		3	1302	822	0	0	129	204
1993	06	11	SG	ID	1	1	SEG		-11	1291	1205	−2	+3	131	154
1993	06	15	SG	VN	2	0	SEG		10	1301	1093	+1	−3	129	174
1993	06	17	SG	MM	3	3	SEG		-11	1290	1209	−1	+5	130	152
1993	06	19	SG	ID	3	1	SEG		15	1305	1185	+1	−5	129	159
1995	07	17	SG	MM	3	3	TGC		-8	1297	1198	−1	+1	130	154
1995	08	01	ID	SG	0	0	F		0	1185	1297	0	0	156	130
1995	12	04	BN	SG	2	2	SEG	TH	17	877	1280	+2	−8	201	138
1995	12	06	SG	MM	4	2	SEG	TH	23	1303	1172	+11	−8	127	162
1995	12	08	SG	PH	4	0	SEG	TH	4	1307	784	+1	0	126	206
1995	12	10	LA	SG	0	0	SEG	TH	15	977	1292	+2	−7	191	132
1995	12	14	TH	SG	1	0	SEG		10	1389	1282	+3	−5	110	137
1995	12	16	SG	MM	1	0	SEG	TH	14	1296	1156	+7	−1	130	163
1996	06	27	SG	MM	4	0	SQ	TH	23	1319	1133	+6	0	125	164
1996	06	29	SG	MV	2	0	SQ	TH	2	1321	761	+1	0	124	207
1996	07	01	TH	SG	1	1	SQ		-12	1446	1333	−3	+2	93	122
1996	07	04	SG	MM	2	2	SQ		-14	1319	1148	−3	0	125	164
1996	07	07	SG	MV	5	2	SQ		1	1320	751	0	−1	125	208
1996	07	09	SG	TH	2	2	SQ		2	1322	1459	+1	0	124	91
1996	09	02	SG	MY	1	1	SEA		-9	1313	1257	−2	+2	126	139
1996	09	04	SG	BN	3	0	SEA		2	1315	814	0	−1	126	205
1996	09	06	SG	PH	3	0	SEA		2	1317	773	0	0	126	206
1996	09	10	SG	TH	0	1	SEA		-18	1299	1471	−4	+6	131	86
1997	02	21	CN	SG	3	1	DNH	MY	8	1570	1291	0	−2	63	133
1997	02	23	MY	SG	0	0	DNH		-6	1321	1297	−1	+2	126	131
1997	02	25	FI	SG	1	0	DNH	MY	9	1452	1288	+3	−2	89	133
1997	04	13	LB	SG	1	1	WQ		-11	1397	1299	−3	+2	107	132
1997	04	26	SG	KW	0	1	WQ		-10	1289	1610	−2	0	134	55
1997	05	24	SG	LB	1	2	WQ		-19	1270	1421	−1	+10	135	97
1997	06	05	KW	SG	4	0	WQ		5	1632	1265	+2	−2	49	137
1997	10	07	MM	SG	2	2	SEG	ID	7	1136	1258	+2	0	165	138
1997	10	09	SG	KH	2	1	SEG	ID	7	1265	992	0	−1	138	188
1997	10	12	SG	BN	1	0	SEG	ID	2	1267	788	0	0	138	205
1997	10	14	SG	TH	0	0	SEG	ID	10	1277	1438	+1	−1	137	93
1997	10	16	ID	SG	2	1	SEG		12	1336	1265	+3	0	123	137
1997	10	18	VN	SG	1	0	SEG	ID	25	1193	1240	+7	−2	156	139
1998	03	24	SG	PH	1	0	SEQ		1	1241	712	0	0	140	209
1998	03	28	SG	KH	3	0	SEQ		9	1250	1007	+1	0	139	187
1998	08	26	SG	MY	2	0	SEA	VN	31	1281	1236	+3	−5	135	141
1998	08	28	VN	SG	0	0	SEA		-1	1203	1282	0	+1	151	134
1998	08	30	SG	LA	4	1	SEA	VN	12	1294	988	+4	−2	130	191
1998	09	02	SG	ID	2	1	SEA	VN	23	1317	1318	+4	−5	126	125
1998	09	05	VN	SG	0	1	SEA		-23	1243	1340	−2	+5	139	121
1998	11	25	SG	AE	0	4	F		-14	1326	1546	−4	+5	124	65
1999	01	29	VN	SG	1	0	DNH		15	1239	1311	+6	−3	141	128
1999	06	29	SG	NZ	0	1	F		-7	1304	1535	−1	+1	130	73
1999	07	31	SG	MY	2	1	SEG	BN	15	1319	1207	+4	0	127	151
1999	08	04	BN	SG	1	3	SEG		-4	776	1323	0	+1	206	126
1999	08	06	ID	SG	1	1	SEG	BN	-2	1358	1325	−1	0	117	126
1999	08	09	SG	KH	2	0	SEG	BN	7	1332	957	+4	0	122	192
1999	08	12	TH	SG	2	0	SEG	BN	22	1443	1310	+10	−9	93	131
1999	08	14	ID	SG	0	0	SEG	BN	-2	1336	1312	0	+1	119	130
1999	12	28	MY	SG	1	0	F	AE	13	1220	1299	+1	−2	150	132
2000	02	07	SG	MY	3	1	F		8	1307	1212	+2	−1	129	151
2000	02	10	HK	SG	0	0	F		0	1194	1307	0	0	155	129
2000	02	13	JP	SG	3	0	SQ	MO	11	1615	1296	+1	−2	55	131
2000	02	16	MO	SG	0	1	SQ		-10	986	1306	−2	+2	190	129
2000	02	20	SG	BN	1	0	SQ	MO	2	1308	756	0	0	129	208
2000	06	02	SG	QA	1	5	F		-16	1292	1476	−4	+6	133	81
2000	10	08	HK	SG	1	0	F		10	1209	1282	+3	−2	153	134
2000	10	28	SG	LK	4	0	F		2	1284	889	0	0	134	198
2000	11	01	SG	ID	1	0	F		9	1293	1353	+2	−2	133	116
2000	11	05	SG	KH	1	0	SEA	TH	4	1297	922	0	−1	133	196
2000	11	09	SG	LA	3	0	SEA	TH	8	1305	943	+6	0	127	192
2000	11	11	VN	SG	1	0	SEA	TH	21	1301	1284	+8	−9	129	136
2000	11	13	MY	SG	1	0	SEA	TH	22	1271	1262	+4	−5	139	141
2001	01	27	SG	TH	1	1	MKS		7	1269	1539	+1	−3	139	70
2001	02	03	SG	KG	0	1	WQ		-30	1239	1202	−7	+7	146	156
2001	02	06	SG	KW	1	1	WQ		13	1252	1604	+3	−1	143	58
2001	02	09	SG	BH	1	2	WQ		-23	1229	1327	−7	+5	149	123
2001	02	21	KW	SG	1	0	WQ		2	1620	1227	0	−1	57	150
2001	02	24	BH	SG	2	0	WQ	KW	21	1360	1206	+3	−6	117	156
2001	02	27	KG	SG	1	1	WQ	KW	2	1169	1204	0	0	163	156
2001	05	22	SG	NZ	3	0	TGB		42	1246	1498	+8	−8	147	75
2001	07	10	SG	SA	0	3	F		-4	1242	1698	−1	0	146	36
2001	08	13	SG	TH	0	5	F		-11	1231	1511	−4	+3	150	74
2002	02	07	SG	KP	2	1	F		14	1245	1458	+6	−3	145	88
2002	02	10	TH	SG	4	0	KNG		9	1446	1236	+3	−5	93	150
2002	02	12	KP	SG	4	2	KNG	TH	10	1473	1226	+1	−3	85	153
2002	02	14	QA	SG	3	0	KNG	TH	7	1567	1219	+1	0	61	153
2002	02	16	QA	SG	2	0	KNG	TH	5	1572	1214	+2	0	59	153
2002	04	09	SG	MV	2	0	F		3	1217	895	0	0	153	196
2002	05	21	SG	UY	1	2	TGC		-2	1215	1811	0	0	153	21
2002	07	16	MY	SG	1	2	F		-14	1261	1229	−6	+2	144	151
2002	11	10	SG	ID	1	1	TGC		1	1230	1358	0	−1	149	123
2002	11	30	JO	SG	3	1	IND	AE	9	1471	1221	+4	−4	85	153
2002	12	11	SG	PH	2	0	F		1	1222	709	0	0	153	212
2002	12	18	SG	MY	0	4	SEA		-44	1178	1301	−3	+11	156	131
2002	12	20	SG	LA	2	1	SEA		4	1182	883	0	0	156	198
2002	12	22	SG	TH	1	1	SEA		7	1189	1395	+1	−2	155	108
2003	03	04	SG	MV	4	1	F		4	1193	942	0	−1	156	193
2003	03	23	SG	MO	2	0	SQ		5	1198	860	0	0	155	203
2003	03	25	SG	PK	3	0	SQ		6	1204	880	0	0	155	198
2003	08	04	SG	HK	4	1	F		12	1216	1183	+1	−3	152	158
2003	09	04	SG	KW	1	3	SQ		-17	1199	1500	−1	+6	154	77
2003	09	16	SG	OM	1	3	F		-9	1190	1452	0	+3	155	91
2003	09	27	KW	SG	4	0	SQ		6	1526	1184	0	−1	71	156
2003	10	19	SG	PS	2	0	SQ		29	1213	1245	+2	−7	153	145
2003	10	22	SG	PS	0	0	SQ		-4	1209	1249	0	+1	153	144
2003	11	19	QA	SG	2	0	SQ		6	1497	1203	+1	0	82	153
2003	11	29	SG	QA	0	2	SQ		-15	1188	1512	−2	+4	155	78
2004	01	28	SG	NO	2	5	TGC		-3	1185	1764	−1	+1	156	27
2004	02	18	IN	SG	1	0	WQ		16	1171	1169	+6	−4	158	160
2004	03	31	SG	JP	1	2	WQ		-2	1167	1789	−2	+2	161	22
2004	06	09	OM	SG	7	0	WQ		5	1562	1162	+1	−2	68	163
2004	07	12	MY	SG	2	0	F		9	1208	1153	+1	−1	154	164
2004	09	04	SG	ID	2	0	F		18	1171	1313	+4	−4	160	127
2004	09	08	SG	OM	0	2	WQ		-8	1163	1594	−4	−2	164	64
2004	10	08	SG	AE	1	2	F		-7	1156	1392	0	+3	164	107
2004	10	13	SG	IN	2	0	WQ		22	1178	1145	+4	−4	160	165
2004	11	01	SG	MY	1	2	F		-12	1166	1206	−1	+1	161	154
2004	11	17	JP	SG	1	0	WQ		0	1867	1166	0	−2	14	164
2004	11	27	SG	MM	1	0	TGF		9	1175	1110	+1	0	163	170
2004	11	30	SG	HK	0	0	TGF		-3	1172	1214	−1	+1	163	152
2004	12	07	VN	SG	1	1	SEA		-9	1224	1181	−2	+1	149	162
2004	12	09	ID	SG	0	0	SEA	VN	-8	1316	1189	−1	+3	125	159
2004	12	13	SG	LA	6	2	SEA	VN	12	1201	886	+5	−1	153	199
2004	12	15	SG	KH	3	0	SEA	VN	8	1209	828	+1	−1	152	204
2004	12	29	SG	MM	4	3	SEA	MY	17	1226	1144	+3	−2	150	166
2005	01	02	SG	MM	4	2	SEA		16	1242	1128	+7	−3	143	169
2005	01	08	ID	SG	1	3	SEA		-47	1313	1289	−14	+9	128	134
2005	01	16	SG	ID	2	1	SEA		16	1305	1297	+3	−5	131	133
2005	06	04	SG	MY	2	0	CWY		11	1316	1206	+4	−4	126	154
2005	06	08	MY	SG	1	2	F		-10	1196	1326	−2	+1	156	124
2005	10	11	KH	SG	0	2	F		-3	825	1329	−2	+1	206	120
2006	02	03	KW	SG	2	2	F		-5	1421	1334	−1	0	100	119
2006	02	06	OM	SG	1	0	F	QA	4	1565	1330	0	0	67	119
2006	02	15	HK	SG	1	1	F		0	1231	1330	0	0	146	119
2006	02	22	SG	IQ	2	0	SQ		43	1373	1544	+12	−9	108	70
2006	03	01	PS	SG	1	0	SQ	JO	25	1307	1348	+5	−7	130	115
2006	05	31	SG	MY	0	0	TGC		-9	1339	1201	−3	+1	118	157
2006	06	03	MY	SG	0	0	TGC		2	1203	1337	−1	−2	158	120
2006	08	12	HK	SG	1	2	F		-10	1217	1347	−4	+5	151	116
2006	08	16	CN	SG	1	0	SQ		5	1609	1342	0	−3	58	119
2006	09	06	SG	CN	0	0	SQ		9	1351	1600	+1	−4	118	60
2006	10	11	IQ	SG	4	2	SQ	AE	13	1595	1338	+3	−3	60	120
2006	11	11	SG	ID	1	2	F		-15	1323	1283	−3	+8	123	132
2006	12	24	KZ	SG	0	0	KNG	TH	-1	1343	1324	−1	0	120	124
2006	12	26	TH	SG	2	0	KNG		15	1351	1309	+5	−5	116	129
2006	12	28	VN	SG	3	2	KNG	TH	19	1234	1290	+6	−4	146	133
2007	01	07	SG	PH	4	1	F		1	1291	767	0	0	133	211
2007	01	13	SG	VN	0	0	SEA		-9	1282	1233	−1	+5	134	146
2007	01	15	SG	LA	11	0	SEA		7	1289	906	+1	0	133	197
2007	01	17	SG	ID	2	2	SEA		-6	1283	1293	−1	+2	134	132
2007	01	23	MY	SG	1	1	SEA		0	1179	1283	0	0	165	134
2007	01	27	SG	MY	1	1	SEA		-11	1272	1190	−5	+7	139	158
2007	01	31	SG	TH	2	1	SEA		20	1292	1347	+5	−4	134	117
2007	02	04	TH	SG	1	1	SEA		-8	1339	1300	−4	+4	121	130
2007	06	24	SG	KP	2	1	FT		19	1319	1473	+6	−1	126	90
2007	06	27	SG	SA	1	2	FT		-8	1311	1603	−2	+2	128	58
2007	06	30	SG	AU	0	3	F		-4	1307	1759	−1	0	129	34
2007	09	12	SG	AE	1	1	F		2	1309	1483	0	0	130	86
2007	10	04	BH	SG	3	1	F		6	1443	1303	+2	−3	96	133
2007	10	08	SG	PS	4	0	WQ	QA	34	1337	1233	+11	−7	122	147
2007	11	09	SG	TJ	2	0	WQ		22	1359	1318	+7	−7	115	127
2007	11	18	TJ	SG	1	1	WQ		-3	1315	1362	0	0	127	115
2008	01	24	SG	KW	2	0	F	OM	18	1380	1420	+5	−4	110	102
2008	01	27	OM	SG	2	0	F		6	1536	1374	0	−2	78	113
2008	01	31	JO	SG	2	1	F		4	1530	1370	+1	−1	79	113
2008	02	06	SA	SG	2	0	WQ		6	1656	1364	+3	−1	46	114
2008	03	22	SG	AU	0	0	F		7	1371	1730	+1	0	113	38
2008	03	26	SG	LB	2	0	WQ		18	1389	1302	+5	−7	108	132
2008	05	28	SG	BH	0	1	F		-9	1380	1542	−1	+4	110	74
2008	06	02	SG	UZ	3	7	WQ		-24	1356	1636	−4	+4	114	50
2008	06	07	UZ	SG	1	0	WQ		4	1640	1352	+1	0	49	114
2008	06	14	SG	SA	0	2	WQ		-15	1337	1655	−1	+2	119	47
2008	06	22	LB	SG	1	2	WQ		-24	1281	1361	−5	+3	132	118
2008	10	14	VN	SG	0	0	F		1	1238	1360	0	0	146	118
2008	11	26	SG	VN	2	2	F		-5	1355	1253	0	0	120	140
2008	11	29	MY	SG	2	2	F		2	1176	1353	0	0	162	120
2008	12	05	SG	KH	5	0	SEA	ID	3	1356	779	0	0	120	210
2008	12	07	SG	MM	3	1	SEA	ID	16	1372	1165	+3	−4	117	165
2008	12	09	ID	SG	0	2	SEA		-32	1260	1404	−8	+7	140	110
2008	12	17	VN	SG	0	0	SEA		2	1269	1402	0	−1	137	111
2008	12	21	SG	VN	0	1	SEA		-32	1370	1301	−6	+7	117	130
2009	01	14	IR	SG	6	0	SQ		4	1781	1366	+1	−3	23	120
2009	01	28	SG	JO	2	1	SQ		22	1388	1486	+6	−4	114	88
2009	08	12	SG	CN	1	1	F		1	1389	1534	+2	−3	111	79
2009	10	22	SG	TM	4	2	HCM	VN	18	1407	1305	+3	−5	108	131
2009	10	24	VN	SG	2	2	HCM		-2	1361	1409	−1	0	120	108
2009	11	04	SG	ID	3	1	F		6	1415	1265	+2	−1	108	136
2009	11	14	SG	TH	1	3	SQ		-34	1381	1498	−6	+6	114	86
2009	11	18	TH	SG	0	1	SQ		-31	1467	1412	−5	+2	91	111
2009	12	28	SG	OM	0	0	F		2	1414	1582	0	0	110	63
2009	12	31	SG	OM	1	4	F		-14	1400	1596	−1	+4	111	59
2010	01	06	SG	IR	1	3	SQ		-18	1382	1664	−3	+2	114	47
2010	01	17	TH	SG	1	0	KNG		8	1477	1374	+2	−1	91	116
2010	01	23	PL	SG	6	1	KNG	TH	10	1661	1364	+1	−1	49	117
2010	03	03	JO	SG	2	1	SQ		10	1458	1354	+3	−1	94	119
2010	08	11	TH	SG	1	0	F		5	1448	1349	+2	−1	96	121
2010	11	02	KP	SG	2	1	VFF	VN	9	1501	1340	+2	0	88	122
2010	11	04	VN	SG	1	1	VFF		-4	1319	1344	−1	0	129	122
2010	11	26	SG	LA	4	0	F		1	1345	865	0	0	120	202
2010	12	02	PH	SG	1	1	SEA	VN	18	891	1327	+2	−4	200	123
2010	12	05	SG	MM	2	1	SEA	VN	11	1338	1139	+2	−2	122	171
2010	12	08	VN	SG	1	0	SEA		19	1281	1319	+3	−4	138	126
2011	06	07	SG	MV	4	0	F		7	1326	1167	0	−2	126	165
2011	07	18	SG	TW	3	2	F		1	1327	919	0	0	126	196
2011	07	23	SG	MY	5	3	WQ		14	1341	1213	+3	−2	123	153
2011	07	28	MY	SG	1	1	WQ		2	1215	1339	0	0	153	123
2011	08	24	TH	SG	0	0	F		-4	1389	1343	−1	0	111	122
2011	09	02	CN	SG	2	1	WQ		3	1663	1340	+1	0	47	122
2011	09	06	SG	IQ	0	2	WQ		-23	1317	1540	−9	+9	130	73
2011	10	07	SG	PH	2	0	F		3	1320	1026	0	−1	129	184
2011	10	11	SG	JO	0	3	WQ		-21	1299	1587	−2	+4	131	65
2011	11	11	JO	SG	2	0	WQ		6	1593	1293	+4	−3	60	134
2011	11	15	SG	CN	0	4	WQ		-18	1275	1610	−4	+3	138	58
2012	02	24	AZ	SG	2	2	F	AE	-4	1402	1279	−2	0	108	138
2012	02	29	IQ	SG	7	1	WQ	QA	13	1585	1266	+7	−1	62	139
2012	06	01	HK	SG	1	0	F		9	1214	1257	+3	−3	153	145
2012	06	08	SG	MY	2	2	CSW		-6	1251	1210	−1	+1	147	155
2012	06	12	MY	SG	2	0	CSW		19	1229	1232	+3	−5	151	150
2012	08	15	SG	HK	2	0	F		10	1242	1193	+3	−2	147	158
2012	09	07	SG	PH	0	2	F		-23	1219	1153	−4	+5	152	167
2012	09	11	MM	SG	1	1	F		3	1019	1216	0	0	187	152
2012	10	16	SG	IN	2	0	F		9	1225	1151	+2	−3	149	167
2012	11	15	PH	SG	1	0	F		9	1163	1216	+3	−2	163	152
2012	11	19	SG	PK	4	0	F		3	1219	911	+1	0	151	200
2012	11	25	MY	SG	0	3	SEA		-44	1167	1263	−9	+8	162	143
2012	11	28	ID	SG	1	0	SEA	MY	21	1268	1242	+4	−4	142	146
2012	12	01	SG	LA	4	3	SEA	MY	4	1246	857	+2	0	144	207
2012	12	08	PH	SG	0	0	SEA		-3	1199	1249	0	0	156	144
2012	12	12	SG	PH	1	0	SEA		12	1261	1187	+1	−3	143	159
2012	12	19	SG	TH	3	1	SEA		34	1295	1374	+4	−8	139	116
2012	12	22	TH	SG	1	0	SEA		11	1385	1284	+5	−1	111	140
2013	02	01	BH	SG	3	1	F		6	1441	1278	+1	0	101	140
2013	02	06	JO	SG	4	0	SQ		11	1504	1267	+4	−1	85	141
2013	06	04	MM	SG	0	2	F		-9	1007	1276	−2	+1	189	140
2013	06	07	LA	SG	2	5	F		-5	865	1281	0	0	205	140
2013	08	14	SG	OM	0	2	SQ		-17	1264	1559	−4	+7	143	69
2013	09	06	CN	SG	6	1	F		3	1611	1261	0	+1	55	142
2013	09	10	HK	SG	1	0	F		9	1200	1252	+3	−2	158	144
2013	10	10	SG	LA	1	0	F		1	1253	864	0	0	144	205
2013	10	15	SG	SY	2	1	SQ		28	1281	1473	+4	−7	139	93
2013	11	15	SY	SG	4	0	SQ	IR	19	1483	1262	+2	−4	91	143
2014	02	04	SG	JO	1	3	SQ		-13	1249	1597	−2	+6	145	57
2014	03	05	OM	SG	3	1	SQ		5	1564	1244	+1	0	68	145
2014	09	06	SG	PG	2	1	F		3	1247	1057	0	−1	145	184
2014	09	09	SG	HK	0	0	F		-5	1242	1158	0	+2	144	169
2014	10	10	HK	SG	2	1	F		10	1168	1232	+1	−1	169	146
2014	10	14	MO	SG	2	2	F		9	638	1223	+3	−4	226	152
2014	11	07	BH	SG	2	0	F		3	1490	1220	+1	−1	90	153
2014	11	13	SG	LA	2	0	F		2	1222	861	+2	0	151	207
2014	11	17	SG	KH	4	2	F		1	1223	720	0	0	153	217
2014	11	23	SG	TH	1	2	SEA		-20	1203	1345	−3	+6	157	122
2014	11	26	SG	MM	4	2	SEA		14	1217	1076	0	0	156	179
2014	11	29	SG	MY	1	3	SEA		-44	1173	1188	−8	+7	164	163
2015	03	26	TH	SG	2	0	F		5	1370	1168	+1	−2	117	166
2015	03	31	SG	GU	2	2	F		-9	1159	814	−1	0	167	208
2015	05	30	BD	SG	1	2	F		-7	954	1166	−2	0	196	168
2015	06	06	SG	BN	5	1	F		1	1167	616	0	0	168	232
2015	06	11	KH	SG	0	4	WQS		-11	743	1178	0	+2	215	166
2015	06	16	JP	SG	0	0	WQS		-19	1757	1197	−2	+4	26	162
2015	08	28	QA	SG	4	0	F		3	1551	1194	+2	0	68	162
2015	09	03	SY	SG	1	0	WQS	OM	5	1524	1189	0	−1	77	163
2015	10	08	SG	AF	1	0	WQS		10	1199	1084	0	−2	161	181
2015	10	13	SG	KH	2	1	WQS		1	1200	731	+1	0	160	216
2015	11	12	SG	JP	0	3	WQS		-5	1195	1750	−2	+2	162	29
2015	11	17	SG	SY	1	2	WQS		-9	1186	1517	−1	+3	163	80
2016	03	24	SG	MM	2	1	F		4	1190	1032	+2	0	162	186
2016	03	29	AF	SG	2	1	WQS	IR	23	1152	1167	+5	−5	170	168
2016	06	03	MM	SG	0	1	AYA		-14	1034	1181	0	+2	186	166
2016	06	06	VN	SG	3	0	AYA	MM	22	1256	1159	+4	−2	146	170
2016	07	28	KH	SG	2	1	F		17	786	1142	0	−1	211	171
2016	09	01	BH	SG	3	1	F		3	1430	1139	+2	0	101	171
2016	10	07	SG	MY	0	0	CSW		-5	1134	1127	−1	+1	172	174
2016	10	11	HK	SG	2	0	F		9	1201	1125	+1	−1	165	173
2016	11	09	SY	SG	2	0	F	MY	3	1531	1122	0	−1	74	174
2016	11	13	SG	KH	1	0	F		2	1124	823	−1	0	175	208
2016	11	19	PH	SG	0	0	SEA		-12	1252	1136	−3	+4	147	171
2016	11	22	TH	SG	1	0	SEA	PH	7	1401	1129	+2	−1	108	173
2016	11	25	ID	SG	2	1	SEA	PH	16	1217	1113	+7	−4	157	176
2017	03	23	AF	SG	2	1	F	QA	9	1154	1104	0	0	170	176
2017	03	28	BH	SG	0	0	SQ		-17	1408	1121	−5	+1	105	175
2017	06	06	SG	MM	1	1	F		-4	1117	1064	0	0	176	184
2017	06	10	SG	TW	1	2	SQ		-36	1081	891	−5	+3	180	202
2017	06	13	SG	AR	0	6	F		0	1081	2016	0	0	180	3
2017	08	31	SG	HK	1	1	F		1	1082	1203	0	0	181	164
2017	09	05	SG	TM	1	1	SQ		4	1086	1249	+2	−1	179	146
2017	10	05	QA	SG	3	1	F		2	1494	1084	0	−1	85	180
2017	10	10	TM	SG	2	1	SQ		7	1256	1077	+1	−2	145	181
2017	11	09	SG	LB	0	1	F		-4	1073	1443	−2	+2	183	95
2017	11	14	SG	BH	0	3	SQ		-16	1057	1400	−3	+1	185	108
2018	03	23	SG	MV	3	2	F		5	1062	939	0	0	183	197
2018	03	27	TW	SG	1	0	SQ		19	997	1043	+2	−3	191	186
2018	09	07	SG	MU	1	1	F		-2	1041	1075	0	+1	186	179
2018	09	11	SG	FJ	2	0	F		19	1060	1207	+2	−3	185	159
2018	10	12	SG	MN	2	0	F		2	1062	695	+1	0	184	220
2018	10	16	KH	SG	1	2	F		-6	799	1068	0	+3	207	181
2018	11	09	SG	ID	1	0	SEA		24	1092	1215	+5	−8	177	159
2018	11	13	PH	SG	1	0	SEA		10	1200	1082	+2	−2	165	179
2018	11	21	SG	TL	6	1	SEA		4	1086	647	+2	0	178	228
2018	11	25	TH	SG	3	0	SEA		6	1411	1080	0	−1	103	180
2019	03	20	MY	SG	0	1	AIM		-21	1109	1101	−1	+4	175	177
2019	03	23	OM	SG	1	1	AIM	MY	-12	1502	1113	0	+1	79	176
2019	06	08	SG	SB	4	3	F		10	1123	1209	+2	−4	174	159
2019	06	11	SG	MM	1	2	F		-15	1108	1057	−3	+1	177	186
2019	09	05	SG	YE	2	2	WQS		-1	1107	1194	0	0	179	159
2019	09	10	SG	PS	2	1	WQS		32	1139	1429	+6	−7	173	97
2019	10	05	JO	SG	0	0	F		-9	1497	1148	−4	+1	84	172
2019	10	10	SA	SG	3	0	WQS		5	1483	1143	0	0	87	172
2019	10	15	SG	UZ	1	3	WQS		-7	1136	1597	−3	0	176	57
2019	11	14	QA	SG	2	0	F		1	1720	1135	0	−1	39	177
2019	11	19	SG	YE	2	1	WQS	BH	26	1161	1208	+8	−8	169	156
2021	05	29	AF	SG	1	1	F	AE	0	1149	1161	0	0	174	169
2021	06	03	PS	SG	4	0	WQS	SA	15	1414	1146	+3	−4	100	173
2021	06	07	UZ	SG	5	0	WQS	SA	7	1569	1139	+2	−1	66	174
2021	06	11	SA	SG	3	0	WQS		3	1583	1136	+1	−1	63	175
2021	11	11	KG	SG	2	1	F	AE	6	1283	1130	+1	−2	140	176
2021	12	05	SG	MM	3	0	SEA		14	1144	981	+5	0	171	191
2021	12	08	SG	PH	2	1	SEA		14	1158	1126	+3	−4	168	177
2021	12	14	SG	TL	2	0	SEA		2	1160	626	0	−1	168	229
2021	12	18	SG	TH	0	2	SEA		-25	1135	1338	−7	+12	175	118
2021	12	22	SG	ID	1	1	SEA		-2	1133	1197	−1	+1	176	158
2021	12	25	SG	ID	2	4	SEA		-33	1100	1230	−2	+6	178	152
2022	03	26	SG	MY	2	1	FT		14	1114	1155	+1	−5	177	170
2022	03	29	SG	PH	2	0	FT		16	1130	1094	+1	−2	175	179
2022	06	01	KW	SG	2	0	F	AE	7	1351	1123	0	−1	115	175
2022	06	08	KG	SG	2	1	SQ		8	1268	1115	+4	0	142	175
2022	06	11	TJ	SG	1	0	SQ	KG	11	1302	1104	+2	−1	135	176
2022	06	14	SG	MM	6	2	SQ	KG	22	1126	931	+3	0	173	194
2022	09	21	VN	SG	4	0	VFF		7	1383	1119	+2	0	110	173
2022	09	24	IN	SG	1	1	VFF	VN	-5	1230	1124	0	+2	154	171
2022	12	17	SG	MV	3	1	F		5	1129	929	0	−1	172	197
2022	12	24	SG	MM	3	2	SEA		6	1135	916	+1	0	171	197
2022	12	27	LA	SG	0	2	SEA		-6	646	1141	0	+2	227	169
2022	12	30	SG	VN	0	0	SEA		9	1150	1400	0	−1	169	102
2023	01	03	MY	SG	4	1	SEA		19	1235	1131	+5	−3	153	172
2023	03	23	HK	SG	1	1	F		-3	1136	1134	0	0	170	172
2023	03	26	MO	SG	0	1	F		-3	695	1137	0	+2	219	170
2023	06	16	SG	PG	2	2	F		0	1137	1223	+1	0	169	157
2023	06	18	SG	SB	1	1	F		0	1137	1240	0	0	169	151
2023	09	08	SG	TJ	0	2	F		-11	1126	1337	0	+4	169	120
2023	09	12	SG	TW	3	1	F		5	1131	920	0	0	170	195
2023	10	12	SG	GU	2	1	WQS		2	1133	704	0	0	170	217
2023	10	17	GU	SG	0	1	WQS		-5	699	1138	0	+2	217	167
2023	11	16	KR	SG	5	0	WQS		1	1782	1137	+1	0	27	167
2023	11	21	SG	TH	1	3	WQS		-19	1118	1383	−2	+3	170	109
2024	03	21	SG	CN	2	2	WQS		10	1128	1400	0	0	169	103
2024	03	26	CN	SG	4	1	WQS		7	1407	1121	0	0	104	169
2024	06	06	SG	KR	0	7	WQS		-5	1116	1737	−1	0	170	37
2024	06	11	TH	SG	3	1	WQS		5	1427	1111	+2	0	98	170
2024	11	14	SG	MM	3	2	F		3	1114	912	−4	−1	173	197
2024	11	18	SG	TW	2	3	F		-17	1097	908	0	+4	172	198
2024	12	11	SG	KH	2	1	SEA		5	1102	843	0	−1	172	206
2024	12	14	SG	TL	3	0	SEA	VN	5	1107	667	+1	0	171	224
2024	12	17	SG	TH	2	4	SEA		-12	1095	1456	−2	+2	173	89
2024	12	20	MY	SG	0	0	SEA		-13	1255	1108	−3	+2	152	171
2024	12	26	SG	VN	0	2	SEA		-24	1084	1298	−6	+11	177	137
2024	12	29	VN	SG	3	1	SEA		8	1306	1076	+2	−1	135	178
2025	03	21	SG	NP	0	1	F		-16	1060	953	−1	+4	179	189
2025	03	25	SG	HK	0	0	SQ		-1	1059	1138	0	0	179	165
2025	06	05	SG	MV	3	1	F		5	1064	872	+2	0	176	203
2025	06	10	BD	SG	1	2	SQ		-18	907	1082	−3	+1	199	176
2025	09	04	MY	SG	2	1	F		3	1294	1079	+1	0	138	176
2025	09	09	SG	MM	1	1	F		-6	1073	957	−1	0	177	190
2025	10	09	SG	IN	1	1	SQ		0	1073	1181	0	−1	177	161
2025	10	14	IN	SG	1	2	SQ		-31	1150	1104	−4	+3	164	174
2025	11	13	TH	SG	3	2	F		2	1362	1102	+1	−1	114	175
2025	11	18	HK	SG	1	2	SQ		-29	1135	1131	−4	+7	166	168
2026	03	31	SG	BD	1	0	SQ		6	1137	932	+1	−1	167	196
2026	05	31	SG	MN	4	0	F		2	1139	728	+1	0	165	215
2026	06	05	SG	CN	1	2	F		-5	1134	1428	−2	0	167	95
2026	07	24	KH	SG	1	2	SEA		-11	860	1145	0	+3	203	164
2026	07	27	SG	TL	2	0	SEA		3	1148	729	0	−1	164	216
2026	07	31	VN	SG	0	0	SEA		-14	1341	1162	−5	+1	123	162
2026	08	07	SG	ID	1	1	SEA		4	1166	1323	0	0	162	128
2026	08	15	SG	TH	1	3	SEA		-18	1148	1427	−1	+6	163	94
2026	08	18	TH	SG	1	2	SEA		-36	1391	1184	−10	+2	104	161