1921	06	23	SI	FR	0	5	F		-26	1574	1620	−	+2	−	20
1956	08	19	SI	CN	5	2	F		11	1585	1538	−	−2	−	57
1968	04	03	AT	SI	2	2	F		-5	1694	1590	0	−	31	−
1990	12	08	SI	BA	2	0	F		12	1602	1600	−	−	−	−
1991	06	19	SI	HR	0	1	F		-5	1597	1892	−	+2	−	10
1992	06	03	EE	SI	1	1	F		7	1185	1590	+2	−2	151	55
1992	11	18	CY	SI	1	1	F		5	1326	1585	+1	0	120	58
1993	04	07	SI	EE	2	0	F		2	1587	1192	0	−1	58	156
1993	10	13	SI	MK	1	4	F		-22	1565	1627	−3	+8	65	49
1993	11	16	SK	SI	2	0	F		7	1664	1558	+1	−2	37	66
1994	02	08	SI	GE	1	0	FT	MT	15	1573	1554	+3	−4	62	66
1994	02	10	SI	TN	2	2	FT	MT	3	1576	1631	0	−1	62	50
1994	02	12	MT	SI	0	1	FT		-11	1360	1587	−5	0	115	62
1994	03	23	MK	SI	2	0	F		9	1636	1578	+2	−3	47	63
1994	04	06	HU	SI	0	1	F		-14	1628	1592	−4	+3	50	59
1994	04	27	SI	CY	3	0	F		5	1597	1361	0	−3	58	116
1994	06	01	RO	SI	0	0	F		-8	1834	1605	−1	+2	21	56
1994	09	07	SI	IT	1	1	EQ		15	1620	2015	+5	0	49	2
1994	10	12	UA	SI	0	0	EQ		-3	1572	1623	+1	+1	62	46
1994	11	16	SI	LT	1	2	EQ		-34	1589	1456	−14	+10	60	87
1995	03	29	SI	EE	3	0	EQ		3	1592	1126	+1	0	56	168
1995	04	26	HR	SI	2	0	EQ		5	1904	1587	+2	−1	9	58
1995	06	07	LT	SI	2	1	EQ		22	1481	1565	+6	−5	83	63
1995	06	11	EE	SI	1	3	EQ		-7	1101	1572	−4	+1	173	62
1995	09	06	IT	SI	1	0	EQ		2	1986	1570	0	+1	3	62
1995	10	11	SI	UA	3	2	EQ		18	1588	1609	+5	−5	57	50
1995	11	15	SI	HR	1	2	EQ		-10	1578	1884	−3	−1	59	12
1995	12	06	MX	SI	1	2	F		-18	1800	1596	−1	+4	23	54
1996	02	07	SI	IS	7	1	FT	MT	30	1626	1546	+12	−6	46	68
1996	02	09	MT	SI	0	0	FT		8	1320	1618	+3	−3	120	49
1996	02	11	RU	SI	3	1	FT	MT	7	1914	1611	0	−2	9	51
1996	03	27	PL	SI	0	0	F		-4	1673	1615	−1	0	38	49
1996	04	24	GR	SI	2	0	WQ		23	1624	1592	+7	−8	46	57
1996	05	21	SI	AE	2	2	F		-4	1588	1559	−1	+2	58	63
1996	09	01	SI	DK	0	2	WQ		-11	1577	1958	−4	0	61	6
1996	11	10	SI	BA	1	2	WQ		-25	1552	1606	−4	+6	65	54
1997	03	18	AT	SI	0	2	F		-25	1705	1577	−4	+7	33	60
1997	04	02	HR	SI	3	3	WQ		-17	1871	1594	−1	+5	12	56
1997	04	30	DK	SI	4	0	WQ		4	1976	1590	0	−1	6	58
1997	09	06	SI	GR	0	3	WQ		-35	1555	1725	−7	+6	66	32
1997	09	10	BA	SI	1	0	WQ		11	1636	1544	+1	−2	47	68
1997	10	11	SI	HR	1	3	WQ		-14	1530	1863	−4	+2	71	14
1998	02	05	SI	IS	3	2	FT	CY	13	1543	1479	+1	−2	68	81
1998	02	06	SK	SI	1	1	FT	CY	-7	1716	1550	0	+4	35	64
1998	02	09	CY	SI	1	0	FT		15	1464	1535	+1	−3	89	67
1998	03	25	PL	SI	2	0	F		7	1660	1528	0	−2	48	69
1998	04	22	SI	CZ	1	3	F		-6	1522	1877	−2	+1	71	12
1998	08	19	HU	SI	2	1	F		4	1645	1518	+1	0	49	71
1998	09	06	GR	SI	2	2	EQ		-14	1714	1532	−1	+2	31	69
1998	10	10	SI	NO	1	2	EQ		-9	1523	1849	−3	+1	71	16
1998	10	14	SI	LV	1	0	EQ		11	1534	1449	+2	−3	69	92
1999	02	06	CH	SI	2	0	FT	OM	14	1684	1520	+3	−2	42	72
1999	02	08	OM	SI	0	7	FT		-31	1363	1551	−6	+8	116	64
1999	03	27	GE	SI	1	1	EQ		-8	1586	1559	0	+3	59	63
1999	04	28	SI	FI	1	1	F		-3	1556	1570	0	+1	66	61
1999	06	05	LV	SI	1	2	EQ		-19	1425	1575	−7	+4	100	61
1999	06	09	AL	SI	0	1	EQ		-19	1438	1594	−8	+4	95	57
1999	08	18	SI	AL	2	0	EQ		11	1605	1427	+1	−5	54	100
1999	09	04	SI	GE	2	1	EQ		12	1617	1536	+2	−2	52	70
1999	09	08	NO	SI	4	0	EQ		7	1913	1610	+2	−1	11	53
1999	10	09	SI	GR	0	3	EQ		-36	1574	1741	−7	+5	61	31
1999	11	13	SI	UA	2	1	EQ		25	1599	1730	+5	−7	55	34
1999	11	17	UA	SI	1	1	EQ		-12	1718	1611	−2	+2	36	53
2000	02	19	SI	AE	1	1	FT	OM	-5	1606	1492	0	+2	56	78
2000	02	23	OM	SI	0	4	FT		-15	1313	1621	−6	+4	128	54
2000	04	26	FR	SI	3	2	F		1	2050	1620	0	0	2	54
2000	06	03	SI	SA	2	0	F		11	1631	1623	+1	−2	53	54
2000	06	13	SI	YU	3	3	EC	BE	18	1649	1926	+4	−4	50	10
2000	06	18	ES	SI	2	1	EC	NL	6	1992	1643	0	−2	4	52
2000	06	21	NO	SI	0	0	EC	NL	-16	1902	1659	−2	+2	11	50
2000	08	16	CZ	SI	0	1	F		-18	1919	1677	0	+5	8	43
2000	09	03	FO	SI	2	2	WQ		16	1202	1661	+5	−4	153	48
2000	10	07	LU	SI	1	2	WQ		-4	1178	1665	−2	+1	161	46
2000	10	11	SI	CH	2	2	WQ		-3	1662	1712	−2	−1	49	37
2001	02	28	SI	UY	0	2	F		-15	1647	1771	0	+3	51	26
2001	03	24	RU	SI	1	1	WQ		-14	1820	1661	0	+1	15	49
2001	03	28	SI	YU	1	1	WQ		7	1668	1877	+3	−3	46	13
2001	04	25	DK	SI	3	0	F		7	1801	1661	0	−2	20	46
2001	06	02	SI	LU	2	0	WQ		2	1663	1136	0	0	46	166
2001	06	06	CH	SI	0	1	WQ		-28	1675	1691	−7	+8	44	38
2001	08	15	SI	RO	2	2	F		2	1693	1842	0	0	39	16
2001	09	01	SI	RU	2	1	WQ		23	1716	1815	+6	−2	35	20
2001	09	05	YU	SI	1	1	WQ		-12	1834	1728	−3	+1	18	34
2001	10	06	SI	FO	3	0	WQ		2	1730	1242	−1	0	36	146
2001	11	10	SI	RO	2	1	WQ		21	1751	1824	+3	−4	32	19
2001	11	14	RO	SI	1	1	WQ		-9	1815	1760	−2	+4	21	27
2002	02	12	HN	SI	5	1	CBG	HK	30	1761	1730	+6	−6	28	34
2002	02	15	CN	SI	0	0	CBG	HK	0	1722	1730	0	0	36	34
2002	03	27	HR	SI	0	0	F		-6	1872	1736	−3	0	13	33
2002	04	17	SI	TN	1	0	F		5	1741	1623	+1	−1	32	50
2002	05	17	SI	GH	2	0	F		4	1745	1528	+2	−2	31	70
2002	06	02	ES	SI	3	1	WC	KR	20	1983	1725	+1	−4	5	37
2002	06	08	ZA	SI	1	0	WC	KR	36	1685	1689	+7	−5	41	40
2002	06	12	PY	SI	3	1	WC	KR	43	1750	1646	+2	−8	33	47
2002	08	21	IT	SI	0	1	F		-18	1918	1664	−1	+1	9	46
2002	09	07	SI	MT	3	0	EQ		4	1668	1256	+2	−1	44	144
2002	10	12	FR	SI	5	0	EQ		8	1964	1660	0	0	6	46
2003	02	12	SI	CH	1	5	F		-21	1639	1731	0	+2	49	35
2003	04	02	SI	CY	4	1	EQ		13	1652	1462	0	−3	49	89
2003	04	30	MT	SI	1	3	EQ		-9	1234	1661	−1	+2	149	47
2003	06	07	IL	SI	0	0	EQ	TR	-1	1681	1662	0	+1	43	45
2003	08	20	SI	HU	2	1	F		6	1668	1599	+1	−1	45	59
2003	09	06	SI	IL	3	1	EQ		24	1692	1672	+5	−6	40	45
2003	09	10	SI	FR	0	2	EQ		-13	1679	2030	−2	+2	42	1
2003	10	11	CY	SI	2	2	EQ		7	1467	1672	+3	0	89	42
2003	11	15	HR	SI	1	1	EQ		-12	1809	1684	−2	+2	19	40
2003	11	19	SI	HR	0	1	EQ		-19	1665	1828	−3	+1	43	17
2004	02	18	PL	SI	2	0	F	ES	12	1754	1653	+2	−2	28	50
2004	03	31	SI	LV	0	1	F		-16	1637	1532	−3	+2	54	73
2004	04	28	CH	SI	2	1	F		5	1720	1632	0	−1	35	54
2004	08	18	SI	RM	1	1	F		0	1632	1731	+3	0	52	32
2004	09	04	SI	MD	3	0	WQ		10	1642	1410	0	−1	52	103
2004	09	08	SQ	SI	0	0	WQ		-6	1639	1648	−1	+2	52	50
2004	10	09	SI	IT	1	0	WQ		30	1678	1900	+12	0	37	8
2004	10	13	NO	SI	3	0	WQ		17	1798	1661	+1	−8	25	47
2004	11	17	SK	SI	0	0	F		-3	1663	1664	−2	+1	46	45
2005	02	09	SI	CZ	0	3	F		-8	1656	1991	−2	+1	48	2
2005	03	26	SI	DE	0	1	F		-7	1649	1889	−2	−1	51	13
2005	03	30	SI	BY	1	1	WQ		-6	1643	1646	−1	+1	52	51
2005	06	04	BY	SI	1	1	WQ		-6	1640	1649	−2	+1	53	51
2005	08	17	WA	SI	0	0	F		-1	1586	1650	+2	0	61	53
2005	09	03	SI	NO	2	3	WQ		-18	1632	1805	−1	+1	54	24
2005	09	07	MD	SI	1	2	WQ		-15	1433	1647	−3	0	97	54
2005	10	08	IT	SI	1	0	WQ		4	1921	1643	+2	0	7	54
2005	10	12	SI	SQ	0	3	WQ		-46	1597	1679	−7	+10	61	46
2006	02	28	CY	SI	0	1	FT		-14	1449	1611	−2	+1	95	56
2006	03	01	RO	SI	2	0	FT	CY	9	1859	1602	0	−1	13	57
2006	05	31	SI	TT	3	1	F		10	1612	1569	+2	−5	55	67
2006	06	04	CI	SI	3	0	F	FR	11	1766	1601	+2	−4	32	60
2006	08	15	SI	IL	1	1	F		0	1601	1712	0	0	60	41
2006	09	06	BG	SI	3	0	EQ		15	1738	1586	+3	−4	34	65
2006	10	07	SI	LU	2	0	EQ		1	1587	986	+2	0	62	189
2006	10	11	BY	SI	4	2	EQ		25	1575	1562	+7	−6	64	68
2007	02	07	SI	EE	1	0	F		4	1566	1398	+3	−1	67	103
2007	03	24	AL	SI	0	0	EQ		-2	1495	1568	+1	0	84	68
2007	03	28	SI	NL	0	1	EQ		-6	1562	1989	−3	+1	70	5
2007	06	02	SI	RO	1	2	EQ		-9	1553	1889	−1	0	71	12
2007	06	06	RO	SI	2	0	EQ		5	1894	1548	0	−1	12	72
2007	08	22	ME	SI	1	1	F		-5	1655	1553	+1	−1	47	71
2007	09	08	LU	SI	0	3	EQ		-5	1001	1558	−1	+3	186	68
2007	09	12	SI	BY	1	0	EQ		14	1572	1531	+5	−2	64	74
2007	10	13	SI	AL	0	0	EQ		-8	1564	1527	−1	+1	67	76
2007	10	17	NL	SI	2	0	EQ		3	1981	1561	+1	−2	5	69
2007	11	21	SI	BG	0	2	EQ		-21	1540	1789	−6	+5	76	23
2008	02	06	SI	DK	1	2	F		-5	1535	1827	−2	+1	76	17
2008	03	26	HU	SI	0	1	F		-14	1559	1549	−8	+4	70	73
2008	05	26	SE	SI	1	0	F		2	1795	1547	+1	0	22	73
2008	08	20	SI	HR	2	3	F		-3	1544	1927	−3	−1	73	8
2008	09	06	PL	SI	1	1	WQ		-14	1724	1558	−1	+6	35	69
2008	09	10	SI	SK	2	1	WQ		18	1576	1604	+4	−2	65	56
2008	10	11	SI	EI	2	0	WQ		22	1598	1564	+7	−5	58	67
2008	10	15	CZ	SI	1	0	WQ		5	1845	1593	+2	−1	13	59
2008	11	19	SI	BA	3	4	F		-14	1579	1577	−1	+7	61	62
2009	02	11	BE	SI	2	0	F		9	1640	1570	+2	−2	51	64
2009	03	28	SI	CZ	0	0	WQ		9	1579	1835	+3	−1	62	13
2009	04	01	EI	SI	1	0	WQ		15	1591	1564	+2	−7	61	69
2009	08	12	SI	SM	5	0	WQ		1	1565	915	+1	0	66	197
2009	09	05	EN	SI	2	1	F		1	1997	1564	0	−2	4	68
2009	09	09	SI	PL	3	0	WQ		40	1604	1674	+11	−7	57	46
2009	10	10	SK	SI	0	2	WQ		-44	1632	1648	−7	+7	52	50
2009	10	14	SM	SI	0	3	WQ		-2	913	1650	0	0	197	50
2009	11	14	RU	SI	2	1	WQ		5	1878	1645	+1	0	11	50
2009	11	18	SI	RU	1	0	WQ		27	1672	1851	+4	−1	46	13
2010	03	03	SI	QA	4	1	F		7	1679	1520	0	−1	44	85
2010	06	04	SI	NZ	3	1	F		6	1685	1531	+2	−2	42	82
2010	06	13	SI	DZ	1	0	WC	ZA	18	1703	1521	+4	−6	38	85
2010	06	18	SI	US	2	2	WC	ZA	8	1711	1794	+1	−3	38	21
2010	06	23	EN	SI	1	0	WC	ZA	12	1970	1699	0	−2	5	39
2010	08	11	SI	AU	2	0	F		14	1713	1769	+1	−3	38	22
2010	09	03	SI	EI	0	1	EQ		-33	1680	1584	−6	+12	44	65
2010	09	07	RS	SI	1	1	EQ		-11	1783	1691	−1	+3	19	40
2010	10	08	SI	FO	5	1	EQ		2	1693	1196	−1	0	41	155
2010	10	12	EE	SI	0	1	EQ		-16	1498	1709	−4	+3	88	38
2010	11	17	SI	GE	1	2	F		-17	1692	1505	−2	+2	40	90
2011	02	09	AL	SI	1	2	F		-8	1519	1700	−1	+1	82	40
2011	03	25	SI	IT	0	1	EQ		-18	1682	1856	−1	+2	41	11
2011	03	29	EI	SI	0	0	EQ		2	1552	1680	+1	−1	71	42
2011	06	03	FO	SI	0	2	EQ		-6	1186	1686	−2	+2	159	41
2011	08	10	SI	BE	0	0	F		-3	1683	1667	−2	+1	44	46
2011	09	02	SI	EE	1	2	EQ		-35	1648	1484	−10	+5	54	91
2011	09	06	IT	SI	1	0	EQ		5	1880	1643	0	+1	11	51
2011	10	11	SI	RS	1	0	EQ		21	1664	1741	+6	−5	47	34
2011	11	15	SI	US	2	3	F		-12	1652	1715	−2	+1	48	37
2012	02	29	SI	SQ	1	1	F		-1	1651	1703	−1	0	49	38
2012	05	26	GR	SI	1	1	F	AT	-4	1774	1655	−2	+1	27	47
2012	08	15	SI	RO	4	3	F		9	1664	1720	+2	−1	44	32
2012	09	07	SI	CH	0	2	WQ		-28	1636	1815	−8	+7	52	17
2012	09	11	NO	SI	2	1	WQ		11	1712	1625	+2	−1	36	52
2012	10	12	SI	CY	2	1	WQ		7	1632	1455	+2	−1	50	97
2012	10	16	AL	SI	1	0	WQ		23	1506	1609	+6	−7	86	57
2012	11	14	MK	SI	3	2	F		9	1538	1600	+2	−3	75	60
2013	02	06	SI	BA	0	3	F		-15	1585	1761	−5	+4	63	26
2013	03	22	SI	IS	1	2	WQ		-31	1554	1513	−7	+7	71	86
2013	05	31	SI	TR	2	0	F	DE	20	1574	1656	+4	−3	66	46
2013	06	07	IS	SI	2	4	WQ		-33	1480	1607	−7	+8	90	57
2013	08	14	FI	SI	2	0	F		9	1673	1598	+1	−2	44	59
2013	09	06	SI	AL	1	0	WQ		12	1610	1543	+4	−6	56	77
2013	09	10	CY	SI	0	2	WQ		-22	1399	1632	−3	+4	108	53
2013	10	11	SI	NO	3	0	WQ		30	1662	1652	+6	−6	47	50
2013	10	15	CH	SI	1	0	WQ		6	1862	1656	+1	+1	15	46
2013	11	19	SI	CA	1	0	F		4	1660	1487	−2	−1	48	90
2014	03	05	DZ	SI	2	0	F		14	1598	1646	+4	−2	59	50
2014	06	04	UY	SI	2	0	F		3	1918	1643	+1	0	9	49
2014	06	07	AR	SI	2	0	F		2	2018	1641	0	−1	4	51
2014	09	08	EE	SI	1	0	EQ		25	1478	1616	+5	−5	92	54
2014	10	09	SI	CH	1	0	EQ		25	1641	1783	+6	−4	49	22
2014	10	12	LT	SI	0	2	EQ		-26	1463	1667	−6	+5	94	45
2014	11	15	EN	SI	3	1	EQ		8	1911	1659	+1	−3	10	47
2014	11	18	SI	CO	0	1	F		-4	1655	2019	0	0	48	5
2015	03	27	SI	SM	6	0	EQ		1	1656	889	0	0	51	203
2015	03	30	QA	SI	1	0	F		11	1548	1645	+2	−1	68	52
2015	06	14	SI	EN	2	3	EQ		-11	1634	1935	−3	0	53	8
2015	09	05	CH	SI	3	2	EQ		7	1808	1627	+3	−1	18	53
2015	09	08	SI	EE	1	0	EQ		8	1635	1486	+2	−3	52	89
2015	10	09	SI	LT	1	1	EQ		-14	1621	1432	−4	+3	54	103
2015	10	12	SM	SI	0	2	EQ		-2	883	1623	0	0	205	53
2015	11	14	UA	SI	2	0	EQ		10	1822	1613	+1	−2	16	56
2015	11	17	SI	UA	1	1	EQ		6	1619	1816	+2	0	53	16
2016	03	23	SI	MK	1	0	F		3	1622	1435	0	0	53	100
2016	03	28	EI	SI	1	0	F		8	1607	1614	+3	−2	57	55
2016	05	30	SE	SI	0	0	F		-6	1753	1620	−2	+1	31	54
2016	06	05	SI	TR	0	1	F		-7	1613	1828	−2	0	55	17
2016	09	04	LT	SI	2	2	WQ		4	1447	1609	+1	0	98	58
2016	10	08	SI	SK	1	0	WQ		22	1631	1719	+5	−7	52	38
2016	10	11	SI	EN	0	0	WQ		10	1641	1921	+1	−2	52	11
2016	11	11	MT	SI	0	1	WQ		-5	1216	1646	−2	+1	158	51
2016	11	14	PL	SI	1	1	F		-7	1850	1653	−2	+1	18	51
2017	03	26	SQ	SI	1	0	WQ		14	1677	1639	+5	−2	44	52
2017	06	10	SI	MT	2	0	WQ		3	1642	1226	0	0	53	154
2017	09	01	SK	SI	1	0	WQ		9	1775	1633	+2	−2	27	52
2017	09	04	SI	LT	4	0	WQ		11	1644	1414	+1	−2	50	102
2017	10	05	EN	SI	1	0	WQ		4	1925	1640	0	−1	9	50
2017	10	08	SI	SQ	2	2	WQ		-1	1639	1728	0	0	51	34
2018	03	23	AT	SI	3	0	F		9	1720	1630	+3	−1	36	53
2018	03	27	SI	BY	0	2	F		-24	1606	1530	−6	+7	59	75
2018	06	02	ME	SI	0	2	F		-20	1595	1626	−7	+3	61	55
2018	09	06	SI	BG	1	2	ENC		-26	1600	1640	−3	+1	56	53
2018	09	09	CY	SI	2	1	ENC		26	1420	1574	+4	−6	103	63
2018	10	13	NO	SI	1	0	ENC		11	1643	1563	+1	−2	51	64
2018	10	16	SI	CY	1	1	ENC		-12	1551	1427	−3	+3	69	100
2018	11	16	SI	NO	1	1	ENC		0	1551	1658	0	+2	68	46
2018	11	19	BG	SI	1	1	ENC		-10	1628	1561	0	0	49	67
2019	03	21	IL	SI	1	1	EQ		-6	1555	1567	−2	+1	67	64
2019	03	24	SI	NM	1	1	EQ		-8	1559	1534	−3	+4	67	72
2019	06	07	AT	SI	1	0	EQ		8	1710	1551	+1	−2	40	68
2019	06	10	LV	SI	0	5	EQ		-21	1250	1572	−5	+5	147	63
2019	09	06	SI	PL	2	0	EQ		41	1613	1762	+12	−5	53	26
2019	09	09	SI	IL	3	2	EQ		13	1626	1574	0	−5	53	63
2019	10	10	NM	SI	2	1	EQ		20	1543	1606	+5	−3	70	56
2019	10	13	SI	AT	0	1	EQ		-17	1589	1773	−2	+5	58	26
2019	11	16	SI	LV	1	0	EQ		3	1592	1217	0	−1	61	155
2019	11	19	PL	SI	3	2	EQ		6	1789	1586	0	0	24	60
2020	09	03	SI	GR	0	0	ENC		-4	1582	1611	−1	0	61	57
2020	09	06	SI	MD	1	0	ENC		3	1585	1250	+1	−2	60	147
2020	10	07	SI	SM	4	0	F		0	1585	808	0	0	60	209
2020	10	11	KO	SI	0	1	ENC		-22	1490	1607	−1	+2	80	58
2020	10	14	MD	SI	0	4	ENC		-14	1232	1621	−1	+5	148	53
2020	11	11	SI	AZ	0	0	F		-8	1613	1370	−5	+2	58	113
2020	11	15	SI	KO	2	1	ENC		9	1622	1486	+3	−1	54	83
2020	11	18	GR	SI	0	0	ENC		-6	1626	1628	−2	+2	52	50
2021	03	24	SI	HR	1	0	WQ		27	1655	1833	+5	−1	45	17
2021	03	27	RU	SI	2	1	WQ		10	1759	1645	+4	0	31	45
2021	03	30	CY	SI	1	0	WQ		31	1368	1614	+12	−7	112	53
2021	06	01	NM	SI	1	1	F		-2	1598	1616	0	0	59	53
2021	06	04	SI	GI	6	0	F		1	1617	1086	0	0	54	181
2021	09	01	SI	SK	1	1	WQ		-3	1614	1673	−1	0	56	44
2021	09	04	SI	MT	1	0	WQ		3	1617	1255	+2	0	55	145
2021	09	07	HR	SI	3	0	WQ		9	1851	1608	0	−3	17	57
2021	10	08	MT	SI	0	4	WQ		-14	1239	1622	−3	+2	149	54
2021	10	11	SI	RU	1	2	WQ		-18	1604	1770	−4	+3	59	30
2021	11	11	SK	SI	2	2	WQ		-9	1655	1613	−4	0	51	58
2021	11	14	SI	CY	2	1	WQ		3	1616	1292	−1	−1	59	135
2022	03	26	HR	SI	1	1	F	QA	-6	1852	1622	−1	0	16	56
2022	03	29	QA	SI	0	0	F		-4	1663	1626	−1	−1	50	57
2022	06	02	SI	SE	0	2	ENB		-23	1603	1831	−4	+6	61	20
2022	06	05	RS	SI	4	1	ENB		10	1825	1593	+2	−2	22	63
2022	06	09	NO	SI	0	0	ENB		-14	1791	1607	−4	+1	29	62
2022	06	12	SI	RS	2	2	ENB		8	1615	1841	+2	−1	61	18
2022	09	24	SI	NO	2	1	ENB		25	1640	1780	+4	−3	55	28
2022	09	27	SE	SI	1	1	ENB		-11	1735	1651	−2	+3	36	51
2022	11	17	RO	SI	1	2	F		-12	1603	1663	−1	+1	61	50
2022	11	20	SI	ME	1	0	F		4	1667	1539	+1	−1	49	73
2023	03	23	KZ	SI	1	2	EQ		-11	1380	1678	−2	+3	108	46
2023	03	26	SI	SM	2	0	EQ		0	1678	782	0	0	46	211
2023	06	16	FI	SI	2	0	EQ		22	1694	1656	+4	−2	45	50
2023	06	19	SI	DK	1	1	EQ		6	1662	1851	+3	−1	47	17
2023	09	07	SI	EI	4	2	EQ		10	1672	1478	0	−2	47	88
2023	09	10	SM	SI	0	4	EQ		-1	779	1673	0	0	212	47
2023	10	14	SI	FI	3	0	EQ		27	1700	1662	+3	−3	45	48
2023	10	17	EI	SI	0	1	EQ		-12	1450	1712	−2	+5	90	41
2023	11	17	DK	SI	2	1	EQ		7	1878	1705	+1	−4	15	44
2023	11	20	SI	KZ	2	1	EQ		5	1710	1481	+2	−2	42	87
2024	01	20	US	SI	0	1	F		-14	1760	1724	−3	+1	31	38
2024	03	21	MT	SI	2	2	F		8	1257	1716	0	+1	154	37
2024	03	26	SI	PT	2	0	F		23	1739	2012	+2	−2	34	5
2024	06	04	SI	AM	2	1	F		2	1741	1453	0	−1	34	94
2024	06	08	SI	BG	1	1	F		-8	1733	1488	−3	+2	38	86
2024	06	16	DK	SI	1	1	EC	DE	-7	1827	1740	0	+4	19	34
2024	06	20	RS	SI	1	1	EC	DE	-3	1784	1743	−1	0	23	34
2024	06	25	EN	SI	0	0	EC	DE	-15	1967	1758	+1	+1	8	31
2024	07	01	PT	SI	0	0	EC	DE	-13	1950	1771	−2	+2	10	29
2024	09	06	SI	AT	1	1	ENB		0	1771	1876	0	0	27	14
2024	09	09	SI	KZ	3	0	ENB		6	1777	1457	0	−2	27	93
2024	10	10	NO	SI	3	0	ENB		28	1775	1749	+6	−8	27	34
2024	10	13	KZ	SI	0	1	ENB		-10	1443	1759	−1	+2	92	31
2024	11	14	SI	NO	1	4	ENB		-45	1714	1801	−10	+11	42	22
2024	11	17	AT	SI	1	1	ENB		-13	1871	1727	−1	+4	15	40
2025	03	20	SK	SI	0	0	EBC		-4	1697	1731	−2	−1	47	41
2025	03	23	SI	SK	1	0	EBC		13	1744	1684	+6	0	33	47
2025	06	06	LU	SI	0	1	F		-5	1453	1749	0	−2	91	36
2025	06	10	SI	BA	2	1	F		3	1752	1522	+1	+1	34	76
2025	09	05	SI	SE	2	2	WQ		-5	1747	1765	−2	−1	36	33
2025	09	08	CH	SI	3	0	WQ		16	1870	1731	+1	−2	16	38
2025	10	10	KO	SI	0	0	WQ		0	1636	1731	−2	0	56	36
2025	10	13	SI	CH	0	0	WQ		4	1735	1892	0	0	35	14
2025	11	15	SI	KO	0	2	WQ		-44	1691	1709	−12	+10	47	42
2025	11	18	SE	SI	1	1	WQ		-4	1660	1695	0	0	51	46
2026	03	28	HU	SI	1	0	F		7	1705	1688	+3	0	44	49
2026	03	31	ME	SI	2	3	F		-6	1440	1694	−1	+1	89	48
2026	06	04	SI	CY	1	1	F		-9	1685	1310	−3	+2	51	133
2026	06	07	HR	SI	2	1	F		3	1911	1682	+1	0	12	50