1915	08	17	UM	RG	0	5	F		-21	1379	1499	−	+1	27	22
1921	08	28	UM	RG	1	2	F		-9	1370	1508	0	0	33	29
1925	05	19	RG	UM	3	5	WTC		-34	1425	1404	−1	+3	44	45
1925	05	23	RG	UM	0	0	WTC		-5	1420	1409	0	0	44	45
1925	05	26	RG	UM	1	0	WTC		10	1430	1399	0	−1	44	46
1927	08	28	UM	RG	0	2	WTC		-27	1372	1448	−2	0	49	46
1927	08	31	UM	RG	1	2	WTC		-16	1356	1464	−1	+2	50	44
1927	09	02	UM	RG	1	1	WTC		0	1356	1464	0	0	50	44
1928	10	04	RG	UM	2	1	WTC		7	1459	1349	+1	0	46	53
1928	10	09	RG	UM	0	1	WTC		-23	1436	1372	−1	+2	47	51
1928	10	12	RG	UM	4	0	WTC		16	1452	1356	0	−2	47	53
1929	09	05	UM	RG	3	0	F		17	1373	1435	+4	−1	51	48
1930	08	31	UM	RG	2	0	F		15	1388	1464	+2	0	52	45
1930	09	07	UM	RG	1	4	F		-19	1369	1483	−2	0	54	45
1930	09	08	UM	RG	2	0	F		16	1385	1467	+2	0	52	45
1931	08	30	UM	RG	1	2	WTC		-14	1371	1525	0	0	55	40
1931	09	01	UM	RG	1	0	WTC		17	1388	1508	0	−1	55	41
1931	09	03	UM	RG	2	0	WTC		24	1412	1484	+2	−6	53	47
1932	03	02	RG	UM	3	3	WTC		-7	1477	1419	−1	0	48	54
1932	03	05	RG	UM	1	2	WTC		-21	1456	1440	−1	+2	49	52
1932	03	07	RG	UM	3	1	WTC		15	1471	1425	+1	−1	48	53
1932	08	31	UM	RG	1	0	AMO		13	1438	1467	+1	0	53	50
1932	09	02	UM	RG	1	0	AMO		12	1450	1455	+1	0	52	50
1932	09	04	UM	RG	0	2	AMO		-29	1421	1484	−2	+1	54	49
1933	05	03	RG	UM	2	0	AMO		13	1497	1408	+3	−2	49	58
1933	05	05	RG	UM	0	1	AMO		-22	1475	1430	−4	+2	53	56
1933	05	08	RG	UM	1	0	AMO		9	1484	1421	+1	0	52	56
1933	08	27	UM	RG	2	1	WTC		13	1434	1471	0	−1	57	52
1933	08	31	UM	RG	1	2	WTC		-18	1416	1489	0	+2	57	50
1933	09	07	UM	RG	2	0	WTC		21	1437	1468	0	−1	57	51
1934	05	14	RG	UM	0	1	WTC		-20	1450	1457	−3	+5	55	53
1934	05	16	RG	UM	1	1	WTC		-4	1446	1461	−1	0	56	53
1934	05	18	RG	UM	1	1	WTC		-4	1442	1465	−1	+1	57	52
1934	07	22	CW	UM	3	1	FT		10	1598	1455	+1	0	36	53
1934	07	25	CW	UM	3	2	FT		6	1604	1449	0	−1	36	54
1934	07	29	CW	UM	2	2	FT		-9	1595	1458	0	+1	36	53
1934	07	31	AW	UM	1	1	F		2	1278	1456	0	0	71	53
1934	08	06	TT	UM	3	3	F		-5	1539	1461	0	0	42	53
1934	08	28	UM	RG	0	0	AMO		-5	1456	1447	0	+2	53	55
1934	08	31	UM	RG	1	0	AMO		10	1466	1437	+1	−3	52	58
1934	09	02	UM	RG	2	0	AMO		15	1481	1422	+2	0	50	58
1935	00	00	UM	TT	0	3	F		-20	1461	1559	−2	0	54	42
1935	05	10	RG	UM	0	1	AMO		-17	1400	1478	−1	+2	59	52
1935	05	15	RG	UM	4	0	AMO		26	1426	1452	+1	−2	58	54
1935	05	17	RG	UM	1	3	AMO		-27	1399	1479	−1	+2	59	52
1935	05	20	UM	CW	0	1	F		-9	1470	1611	−1	0	53	36
1935	05	22	UM	CW	4	1	GSC		29	1499	1582	+3	−3	50	39
1935	05	24	UM	CW	2	1	F		10	1509	1572	+3	−1	47	40
1935	08	29	UM	RG	0	1	WTC		-23	1486	1422	−7	+1	53	58
1935	08	31	UM	RG	4	0	WTC		16	1502	1406	+3	−1	50	59
1935	09	03	UM	RG	2	1	WTC		7	1509	1399	+3	0	46	59
1935	09	30	UM	AW	1	1	F		-8	1501	1277	−3	0	49	71
1935	10	02	UM	AW	0	0	WCO		-11	1490	1288	−3	+2	52	69
1935	12	29	GF	UM	1	3	FT		-17	1283	1507	−	+4	71	48
1936	05	06	RG	UM	1	1	WTC		0	1399	1507	0	0	58	48
1936	05	13	RG	UM	1	2	WTC		-15	1384	1522	−2	+4	60	45
1936	08	29	UM	RG	0	0	AMO		-9	1513	1393	−1	+2	47	58
1936	08	31	UM	RG	2	4	AMO		-35	1478	1428	−4	+1	51	57
1936	09	01	UM	RG	0	2	AMO		-32	1446	1460	−3	+4	54	53
1936	09	02	UM	RG	6	0	AMO		24	1470	1436	+2	−2	52	55
1937	01	04	UM	RG	8	0	FT		23	1493	1413	+2	−3	50	58
1937	01	06	UM	TT	1	1	FT		0	1493	1600	0	0	50	35
1937	01	08	UM	TT	3	3	FT		0	1493	1600	0	0	50	35
1937	01	09	UM	TT	2	2	FT		0	1493	1600	0	0	50	35
1937	05	11	RG	UM	1	1	AMO		0	1392	1493	0	0	58	50
1937	05	18	RG	UM	1	0	AMO		15	1407	1478	0	−1	58	51
1937	05	21	RG	UM	0	0	AMO		-1	1406	1479	0	+1	58	50
1937	08	31	UM	RG	1	0	WTC		8	1487	1398	0	0	51	57
1937	09	01	UM	RG	3	2	WTC		8	1495	1390	0	−1	51	58
1937	09	02	UM	RG	2	1	WTC		7	1502	1383	+2	−2	49	60
1938	04	04	TT	UM	1	0	FT	RG	10	1628	1492	+2	−1	36	53
1938	04	05	UM	TT	3	0	FT	RG	36	1528	1592	+5	−4	48	40
1938	04	08	UM	TT	1	0	FT	RG	18	1546	1588	+2	−1	46	41
1938	04	11	RG	UM	1	1	WTC		4	1352	1542	+1	−1	66	47
1938	04	12	RG	UM	0	2	WTC		-17	1335	1559	−2	+2	68	45
1938	04	14	RG	UM	0	3	WTC		-17	1318	1576	−1	+2	69	43
1938	07	05	CW	UM	2	1	DNR		11	1571	1565	+1	−1	43	44
1938	07	07	CW	UM	1	0	GSC		11	1582	1554	0	0	43	44
1938	07	08	AW	UM	5	0	WCO		42	1342	1512	+6	−6	68	50
1938	07	10	CW	UM	4	1	F		10	1592	1502	+3	−1	40	51
1938	08	31	UM	RG	1	1	AMO		-10	1492	1328	−2	+2	53	69
1938	09	04	UM	RG	1	0	AMO		5	1497	1323	+2	−2	51	71
1938	09	09	UM	RG	1	0	AMO		5	1502	1318	0	0	51	71
1938	09	13	UM	RG	1	1	F		-7	1495	1325	−2	+1	53	70
1938	09	16	UM	RG	2	1	F		3	1498	1322	+2	−1	51	71
1941	08	31	UM	RG	4	1	F		6	1504	1316	+1	0	53	74
1941	09	04	UM	RG	4	3	F		3	1507	1313	0	0	53	74
1941	09	07	UM	RG	2	1	F		3	1510	1310	−1	−1	54	75
1943	11	15	RG	UM	2	0	BBC		29	1339	1481	+5	−1	73	56
1943	11	19	RG	UM	0	1	BBC		-13	1326	1494	−2	0	75	56
1943	11	22	RG	UM	0	4	BBC		-23	1303	1517	−4	+3	79	53
1944	08	25	UM	CW	1	2	GBT		-20	1497	1521	−5	+5	58	52
1944	08	27	UM	AW	5	0	GBT		12	1509	1352	+2	−1	56	69
1944	08	31	UM	CW	0	2	GBS		-28	1481	1557	−3	+4	59	47
1944	09	05	UM	AW	2	3	GBT		-24	1457	1355	−1	+5	60	69
1945	08	26	UM	RG	3	1	BBC		10	1467	1331	0	−1	58	73
1945	08	31	UM	RG	4	1	BBC		11	1478	1320	+1	−1	57	74
1945	09	02	UM	RG	6	0	BBC		12	1490	1308	0	−2	57	76
1946	00	00	GF	UM	1	3	F		-11	1272	1501	−2	+2	86	55
1946	06	05	AW	UM	8	1	FT	CW	45	1421	1456	+3	−3	63	58
1946	06	10	CW	UM	6	0	FT		16	1565	1440	+2	−3	46	61
1946	10	21	RG	UM	3	0	BBC		29	1337	1411	+2	−2	73	64
1946	10	25	RG	UM	0	1	BBC		-16	1321	1427	−2	+1	75	63
1946	10	28	RG	UM	3	1	BBC		23	1344	1404	+3	−2	72	65
1947	03	02	UM	GF	9	0	F		10	1414	1262	+1	0	65	87
1947	08	31	UM	CW	2	2	HEC		-1	1413	1500	0	0	65	54
1947	09	01	UM	RG	4	0	BBC		15	1428	1329	+3	−1	62	79
1947	09	03	UM	CW	3	3	HEC		-1	1427	1501	0	0	62	54
1947	09	05	UM	RG	0	0	BBC		-8	1419	1337	−1	+1	63	78
1947	09	07	UM	RG	1	0	BBC		8	1427	1329	+3	−1	60	79
1947	09	07	UM	CW	3	0	HEC		24	1451	1477	+3	−3	60	57
1948	03	12	UM	TT	1	0	F		9	1460	1506	+2	−3	59	54
1948	03	14	UM	TT	0	0	F		-2	1458	1508	0	0	59	54
1948	03	16	UM	TT	0	2	F		-17	1441	1525	−3	+3	62	51
1948	04	30	RG	UM	5	4	AMO		14	1381	1427	+1	−1	76	64
1948	05	02	RG	UM	0	2	AMO		-26	1355	1453	−2	+4	78	60
1948	05	03	RG	UM	3	0	AMO		26	1381	1427	+2	−4	76	64
1948	08	31	UM	CW	2	0	FT		17	1444	1428	+3	−3	62	65
1948	09	01	UM	RG	0	0	AMO		-7	1437	1388	−2	+3	64	72
1948	09	04	UM	CW	2	1	FT		10	1447	1416	+2	−4	62	69
1948	09	05	UM	RG	6	0	AMO		18	1465	1372	+2	−4	60	76
1948	09	07	UM	RG	2	2	AMO		-8	1457	1380	0	+1	60	75
1948	09	26	GF	UM	2	4	CIQ		-22	1240	1479	−2	+3	95	57
1948	09	30	UM	RG	3	0	CIQ	GF	25	1504	1355	+1	−2	56	77
1948	12	18	MQ	UM	4	3	CIB	GP	18	1565	1486	+6	−1	44	58
1949	05	01	UM	AW	0	0	F		-4	1482	1423	0	0	59	66
1949	05	08	UM	AW	6	1	F		11	1493	1412	0	−2	59	68
1949	08	14	UM	GF	5	0	F		5	1498	1244	+1	0	60	98
1949	08	19	UM	GF	2	1	F		2	1500	1242	+1	0	59	98
1950	08	27	UM	RG	0	1	BBC		-25	1475	1331	−4	+1	62	84
1950	08	31	UM	RG	3	0	BBC		10	1485	1321	+3	0	59	84
1950	09	03	UM	RG	4	1	BBC		9	1494	1312	0	0	59	84
1950	11	18	UM	CW	3	2	FT	TT	15	1509	1471	+6	−1	54	62
1950	11	25	TT	UM	5	0	FT		20	1552	1489	+5	−6	46	60
1950	11	28	CW	UM	3	0	FT	TT	28	1490	1461	+3	−3	60	63
1950	11	30	TT	UM	1	1	FT		-8	1544	1469	−3	+1	49	62
1951	08	31	UM	RG	6	1	HET		11	1480	1301	+2	−5	62	93
1951	09	02	UM	RG	5	0	HET		10	1490	1291	+2	−1	60	94
1951	09	09	UM	RG	4	0	HET		9	1499	1282	+1	−3	59	97
1952	02	14	AW	UM	2	1	F		11	1377	1488	+1	−2	79	62
1952	02	17	UM	RG	9	0	F	AN	12	1500	1270	+2	−1	60	98
1953	02	07	AW	UM	2	1	FT		15	1409	1485	0	−5	76	63
1953	02	09	UM	RG	9	0	FT	AW	17	1502	1253	+6	−7	57	104
1953	08	29	UM	AW	3	3	FT		-7	1495	1424	−2	+1	59	75
1953	09	03	UM	AW	3	3	FT		-7	1488	1431	−2	+1	61	75
1954	08	29	UM	CW	1	3	F		-20	1468	1484	−9	+7	73	66
1954	09	01	UM	CW	0	0	F		-2	1466	1486	0	+1	73	65
1955	12	14	UM	TT	5	2	F		18	1484	1565	+4	−2	67	47
1955	12	16	UM	TT	3	1	F		14	1498	1551	+1	−8	66	55
1955	12	18	UM	TT	3	0	F		15	1513	1536	+3	−2	63	57
1956	09	25	RG	UM	1	1	F		4	1260	1509	+1	0	114	66
1956	09	28	RG	UM	2	1	F		14	1274	1495	+4	0	110	66
1956	10	01	RG	UM	1	2	F		-7	1267	1502	−1	0	111	66
1958	00	00	GP	UM	3	1	F		13	1472	1489	+5	−4	71	69
1959	05	30	MQ	UM	3	1	F		10	1515	1479	+4	−3	63	77
1959	05	31	MQ	UM	5	3	F		9	1524	1470	+2	0	61	77
1959	06	06	GP	UM	3	3	F		-3	1481	1473	−1	0	76	77
1959	06	07	GP	UM	3	1	F		10	1491	1463	+2	−2	74	79
1959	09	20	UM	MQ	1	0	F		9	1472	1526	+3	−2	76	60
1959	09	25	UM	MQ	4	1	F		15	1487	1511	+3	−4	73	64
1959	10	25	AN	UM	2	2	OQ		-7	1501	1494	−2	+2	67	72
1959	11	29	UM	AN	4	1	OQ		26	1520	1475	+10	−9	60	75
1960	02	15	CU	UM	0	2	CCF		-16	1176	1536	−5	+4	128	57
1960	02	17	CR	UM	3	1	CCF	CU	18	1753	1518	+3	−4	22	61
1960	02	21	HN	UM	1	1	CCF	CU	5	1451	1513	+1	0	77	61
1960	02	27	AN	UM	1	0	CCF	CU	26	1525	1487	+10	−11	60	72
1960	07	03	UM	NL	3	4	F		-7	1480	1701	−3	+3	74	30
1960	10	02	UM	AN	1	2	WQ		-24	1456	1532	−5	+8	77	59
1960	11	27	AN	UM	0	0	WQ		-9	1523	1465	−2	+1	63	75
1961	00	00	JM	UM	5	0	FT	TT	39	1397	1426	+10	−9	94	84
1962	08	31	UM	GP	3	1	F		14	1440	1487	+2	−2	85	72
1962	09	16	TT	UM	1	1	F		-4	1502	1444	−2	0	71	83
1962	09	18	TT	UM	1	0	F		6	1508	1438	+3	0	68	83
1962	09	20	TT	UM	1	1	F		-5	1503	1443	−3	0	71	83
1962	09	22	TT	UM	1	1	F		-4	1499	1447	0	+1	71	82
1962	10	13	UM	GP	3	3	F		-2	1445	1489	−1	0	83	72
1962	10	15	UM	GF	4	2	F		4	1449	1238	+1	0	82	123
1963	03	31	UM	TT	3	1	F		13	1462	1486	+2	−3	80	73
1963	04	02	UM	TT	1	2	F		-12	1450	1498	−1	+3	81	70
1963	04	04	UM	TT	4	3	F		9	1459	1489	+1	−1	80	70
1963	08	04	AN	UM	2	1	OQ		9	1587	1450	+1	−1	53	80
1963	08	06	AW	UM	0	0	F		-2	1410	1452	0	+1	90	79
1963	10	13	UM	AN	3	0	OQ		39	1491	1551	+10	−4	70	57
1963	10	15	UM	AN	2	3	F		-11	1480	1562	−4	+2	74	55
1964	03	20	UM	PA	6	1	OQ	MX	15	1495	1208	+3	−2	72	128
1964	06	04	GF	UM	3	1	F		21	1259	1474	+3	−4	119	76
1964	06	05	GF	UM	3	3	F		3	1262	1471	0	0	119	76
1965	02	07	TT	UM	4	1	WQ		20	1545	1451	+3	−4	59	81
1965	02	12	CR	UM	1	0	WQ		3	1777	1448	0	0	20	81
1965	02	28	UM	CR	1	3	WQ		-12	1436	1801	0	0	82	19
1965	03	14	UM	TT	6	1	WQ		37	1473	1474	+5	−9	78	77
1965	07	25	UM	GF	7	0	F		6	1479	1256	0	0	75	121
1965	07	26	UM	GF	5	0	F		5	1484	1251	+1	0	74	121
1966	06	11	TT	UM	3	2	DVC	HT	17	1457	1467	+3	−3	80	76
1966	06	13	HT	UM	1	4	DVC		-31	1400	1498	−8	+11	94	65
1966	06	15	UM	GP	4	0	DVC	HT	28	1526	1469	+5	−11	60	77
1966	06	18	UM	JM	5	3	DVC	HT	9	1535	1276	+2	−3	58	123
1966	06	20	AN	UM	1	1	DVC	HT	3	1476	1532	+4	−2	72	60
1966	10	15	GF	UM	3	3	F		5	1256	1527	+1	−1	126	62
1966	10	16	GF	UM	0	3	F		-10	1246	1537	−2	+4	128	58
1967	05	14	UM	GF	6	1	F		4	1541	1242	+2	0	58	126
1967	05	15	UM	GF	3	0	F		3	1544	1239	0	0	58	126
1967	05	21	TT	UM	1	0	OQ		21	1453	1523	+6	−6	82	64
1967	06	12	UM	TT	5	2	OQ		19	1542	1434	+5	−7	59	88
1967	07	30	GY	UM	2	2	F		6	1228	1536	0	−1	131	60
1967	07	31	GY	UM	0	1	F		-5	1223	1541	0	+1	131	59
1967	08	02	GY	UM	0	2	F		-7	1216	1548	0	+2	131	57
1968	04	06	BB	UM	0	2	F		-7	1230	1555	0	+1	126	59
1968	04	08	BB	UM	0	0	F		6	1236	1549	0	−1	126	60
1968	04	11	MQ	UM	1	3	F		-16	1463	1565	−4	+2	76	58
1968	04	14	MQ	UM	3	2	F		10	1473	1555	+3	−1	73	59
1968	09	01	UM	GF	2	1	F		2	1557	1237	0	0	58	126
1968	10	06	UM	MQ	7	0	F		12	1569	1461	+1	−3	57	76
1968	10	08	UM	MQ	0	0	F		-5	1564	1466	−2	+2	59	74
1968	11	24	UM	AN	6	0	WQ		19	1583	1426	+4	−5	54	86
1968	12	01	SV	UM	6	0	WQ		36	1570	1547	+9	−8	56	62
1968	12	05	AN	UM	2	0	WQ		32	1458	1515	+8	−6	77	68
1968	12	22	UM	SV	4	1	WQ		32	1547	1555	+4	−8	63	60
1969	01	15	UM	DK	2	1	F		10	1557	1627	+3	−3	60	44
1969	04	26	GF	UM	1	2	F		-4	1233	1561	−1	+1	126	59
1969	10	00	UM	MQ	0	0	F		-5	1556	1452	−2	0	59	80
1969	10	05	UM	GF	1	1	F		-8	1548	1244	−2	0	61	126
1969	10	14	DM	UM	1	3	F		-7	1218	1555	−1	+4	129	57
1969	10	16	DM	UM	1	9	F		-10	1208	1565	−2	+1	131	56
1969	11	11	GF	UM	3	2	F		16	1260	1549	+4	−5	122	62
1970	10	04	UM	TT	3	2	FT		5	1554	1377	+3	0	57	96
1970	10	09	UM	AN	5	1	FT		12	1566	1412	0	−4	57	91
1970	11	11	UM	GF	3	2	F		2	1568	1258	0	−1	57	125
1971	04	22	UM	PA	3	0	OQ		4	1572	1154	+1	0	58	142
1971	04	26	GT	UM	2	2	OQ		-8	1615	1580	−1	+6	46	52
1971	04	27	PA	UM	4	1	OQ	GT	64	1218	1516	+10	−14	132	66
1971	04	30	GT	UM	0	1	OQ		-30	1585	1546	−4	+4	50	62
1971	10	01	UM	GY	4	1	CCQ		6	1552	1214	+1	−2	60	131
1971	10	04	GY	UM	2	3	CCQ		-8	1206	1560	−2	+2	133	58
1972	11	28	TT	UM	2	1	WCQ		21	1464	1539	+6	−4	71	60
1972	11	30	TT	UM	1	1	WCQ		-1	1463	1540	0	0	71	60
1972	12	03	AG	UM	0	6	WCQ		-16	1167	1556	−2	+4	141	56
1972	12	05	AG	UM	1	3	WCQ		-10	1157	1566	0	+3	141	53
1973	10	27	AN	UM	1	1	F		2	1400	1564	+1	−1	92	57
1973	10	29	AN	UM	2	2	F		2	1402	1562	+2	−1	90	58
1973	11	06	UM	BB	2	0	FT	GY	7	1569	1258	+2	0	55	125
1973	11	08	GY	UM	0	2	FT		-8	1202	1577	0	+2	133	53
1974	00	00	GP	UM	3	0	F		20	1448	1557	+5	−5	78	58
1974	11	23	UM	TT	0	0	F		-3	1554	1541	−1	0	52	59
1974	11	25	UM	TT	2	1	F		7	1561	1534	+1	0	51	59
1974	12	22	UM	TT	2	3	F		-14	1547	1548	−5	+6	56	53
1974	12	26	BM	UM	2	1	F		13	1348	1534	+2	−4	106	60
1974	12	29	BM	UM	1	3	F		-11	1337	1545	−1	+3	107	57
1975	01	03	BM	UM	2	5	F		-12	1325	1557	−3	+5	110	52
1975	01	10	UM	TT	3	0	F		12	1569	1536	+2	−6	50	60
1975	03	29	TT	UM	0	0	F		-2	1534	1571	0	+1	58	50
1975	03	30	GP	UM	4	2	F		17	1449	1554	+6	−2	81	53
1975	03	31	BB	UM	1	0	F		15	1266	1539	+3	−3	123	56
1975	08	10	UM	TT	2	0	OQ		21	1560	1509	+4	−4	54	64
1975	08	24	TT	UM	1	1	OQ		-3	1506	1563	−1	0	64	52
1975	12	07	SR	CU	0	1	OQ		-28	1535	1543	−8	+2	60	59
1975	12	21	CU	SR	6	1	OQ		28	1571	1507	+6	−1	52	61
1975	12	26	BM	SR	1	5	F		-14	1311	1521	−4	+1	115	59
1976	07	04	GY	SR	2	0	WCQ		47	1249	1474	+9	−11	125	71
1976	08	29	SR	GY	3	0	WCQ		9	1483	1240	+4	−2	67	127
1976	11	07	SR	TT	1	1	WCQ		-4	1479	1509	0	0	73	61
1976	11	14	TT	SR	2	2	WCQ		-7	1502	1486	−4	+3	65	70
1976	11	28	SR	GF	0	1	F		-18	1468	1264	−7	+3	77	122
1976	12	09	SR	US	0	0	F		-3	1465	1472	0	+1	76	73
1976	12	12	SR	US	1	1	F		-3	1462	1475	−2	0	78	73
1976	12	18	SR	TT	3	2	WCQ	GF	22	1484	1480	+7	−7	71	72
1977	09	18	SR	TT	2	1	F		7	1491	1471	+2	−3	67	75
1977	10	08	GT	SR	3	2	WQC	MX	19	1602	1472	0	−6	48	73
1977	10	12	CA	SR	2	1	WQC	MX	24	1510	1448	+4	−8	65	81
1977	10	15	MX	SR	8	1	WQC		9	1775	1439	+2	−3	21	84
1977	10	20	SV	SR	3	2	WQC	MX	23	1495	1416	+5	−5	67	89
1977	10	23	HT	SR	1	0	WQC	MX	13	1617	1403	+2	0	45	89
1978	07	09	GY	SR	1	2	CUQ		-16	1210	1419	−5	+2	132	89
1978	07	30	SR	GY	2	0	CUQ		9	1428	1201	+4	−3	84	135
1978	09	30	AN	SR	0	2	CUQ		-23	1226	1451	−3	+6	127	78
1978	10	13	SR	AN	3	0	CUQ		9	1460	1217	+1	−3	77	130
1978	10	22	SR	HT	3	0	CUC	TT	49	1509	1558	+12	−13	65	58
1978	10	25	TT	SR	0	1	CUC		-22	1427	1531	−4	+2	84	63
1978	10	28	SR	AG	4	0	CUC	TT	8	1539	1145	+2	0	61	139
1979	05	06	BB	SR	1	2	OQ		-11	1257	1550	−2	+2	121	58
1979	05	20	SR	BB	5	1	OQ		7	1557	1250	+3	−2	56	123
1979	08	11	TT	SR	2	0	OQ		29	1502	1528	+7	−5	67	64
1979	08	26	SR	TT	3	1	OQ		20	1548	1482	+5	−5	59	72
1979	09	30	SR	TT	2	0	OQ		17	1565	1465	+1	−10	58	81
1979	11	12	SR	VC	2	3	CUC		-30	1535	1498	−4	+12	62	69
1979	11	15	SR	TT	3	0	CUC		19	1554	1450	+2	−2	60	83
1979	11	18	SR	HT	0	1	CUC		-21	1533	1661	−3	+3	63	38
1979	12	07	HT	SR	2	0	OQ		13	1674	1520	+3	−3	36	67
1979	12	14	SR	HT	2	0	OQ		35	1555	1639	+8	−8	59	44
1980	01	12	SR	HT	2	0	OQ	JM	37	1592	1602	+9	−4	50	48
1980	03	12	CR	SR	3	2	OQ		14	1611	1578	+1	−3	48	53
1980	03	30	SR	CR	2	3	OQ		-24	1554	1635	−5	+2	59	45
1980	08	17	CU	SR	3	0	WCQ		21	1621	1533	+3	−2	47	60
1980	09	07	SR	CU	0	0	WCQ		-1	1532	1622	0	0	59	46
1980	09	28	GY	SR	0	1	WCQ		-12	1264	1544	−4	0	121	59
1980	10	12	SR	GY	4	0	WCQ		8	1552	1256	+1	0	57	121
1981	06	07	SR	GF	3	1	CUQ		6	1558	1269	+2	−1	55	118
1981	06	21	GF	SR	3	1	CUQ		45	1314	1513	+10	−13	108	68
1981	07	19	SR	GF	1	0	CUQ		6	1519	1308	+1	−2	67	109
1981	08	02	SR	TT	0	0	CUQ		-12	1507	1402	−2	+1	69	91
1981	08	15	TT	SR	3	2	CUQ		20	1422	1487	+2	−4	89	73
1981	09	13	VC	SR	2	1	CUQ		15	1496	1472	+4	−2	72	76
1981	09	27	SR	VC	3	3	CUQ		-4	1468	1500	0	0	77	72
1982	06	27	TT	SR	2	3	F		-13	1479	1481	−6	+4	77	76
1983	03	06	BB	SR	1	0	CUQ		24	1327	1457	+7	−4	104	81
1983	03	08	BB	SR	0	0	CUQ		2	1329	1455	0	0	104	81
1983	05	22	SR	PR	3	2	PAQ		1	1456	970	0	0	80	166
1983	05	29	SR	CU	1	0	OQ		22	1478	1574	+4	−9	77	55
1983	06	12	CU	SR	3	0	OQ		17	1591	1461	+8	−5	47	81
1983	06	19	PR	SR	0	1	PAQ		-4	966	1465	0	0	166	81
1984	00	00	SR	TT	0	0	F		-3	1462	1459	−1	+1	81	80
1984	00	00	TT	SR	1	0	F		7	1466	1455	+1	−1	80	81
1984	06	15	SR	IN	6	2	F		5	1460	1236	0	−1	80	129
1984	06	17	SR	IN	4	1	F		5	1465	1231	0	−1	80	130
1984	08	15	SR	GY	1	0	WCQ		5	1470	1209	+1	−4	80	139
1984	08	29	GY	SR	1	1	WCQ		9	1218	1461	+5	−2	134	81
1984	11	09	GY	SR	1	1	F		4	1222	1457	+1	−1	132	83
1984	11	11	GY	SR	1	1	F		4	1226	1453	0	0	132	83
1985	02	24	SV	SR	3	0	WQC		28	1512	1425	+10	−2	67	85
1985	02	27	SV	SR	3	0	WQC		22	1534	1403	+5	−5	62	90
1985	03	03	HN	SR	1	1	WQC		-19	1620	1422	−4	+5	44	86
1985	03	06	HN	SR	2	1	WQC		8	1628	1414	0	−1	44	87
1985	03	17	GF	SR	0	1	CUQ		-18	1259	1432	−4	+3	124	84
1985	03	27	GY	SR	0	1	CUQ		-17	1258	1449	−5	+1	124	83
1985	04	27	GP	SR	1	0	CUQ	GF	24	1395	1425	+4	−1	89	85
1985	05	05	TT	SR	0	1	CUQ		-28	1439	1453	−3	+2	84	83
1985	06	25	BB	SR	0	0	CUC		3	1306	1450	0	0	110	83
1985	06	27	MQ	SR	2	0	CUC	BB	25	1529	1425	+4	−1	65	84
1985	06	30	GP	SR	2	2	CUC	BB	3	1384	1422	+1	0	90	84
1985	08	24	TT	SR	1	1	F		-3	1410	1425	0	0	87	84
1987	11	11	GF	SR	1	1	CUQ		3	1269	1422	0	0	120	85
1987	12	05	SR	GF	1	0	CUQ		8	1430	1261	0	−1	85	121
1988	00	00	SR	GP	1	1	CUQ		-8	1422	1386	−9	+6	91	87
1988	00	00	GP	SR	2	0	CUQ		25	1411	1397	+6	−9	87	91
1990	04	29	SR	GY	5	0	CRQ		15	1412	1225	+3	−4	90	130
1990	05	15	GD	SR	3	1	CRQ	GY	37	1366	1375	+5	−11	103	100
1990	05	17	BB	SR	5	0	F		20	1299	1355	+3	−4	112	104
1990	05	27	AN	SR	1	1	CRQ		-5	1344	1360	−1	0	106	104
1991	03	02	SR	GF	3	0	F		8	1368	1228	+1	0	99	131
1991	05	08	SR	AW	1	0	FCQ	GY	6	1374	1075	+3	−1	96	164
1991	05	12	GY	SR	1	1	FCQ		2	1243	1372	0	−1	132	97
1992	04	08	SR	AW	5	0	CBQ		7	1379	1055	+4	0	102	174
1992	04	10	SR	GY	4	0	CBQ		11	1390	1161	+4	−1	98	156
1992	04	12	SR	GF	3	2	CBQ		8	1398	1250	+3	−2	95	138
1992	04	26	GY	SR	1	2	WQ		-14	1170	1412	−7	+4	155	91
1992	05	24	SR	GY	1	1	WQ		-15	1397	1185	−4	+7	95	148
1992	06	17	MQ	SR	4	1	CBC	TT	35	1432	1362	+7	−14	90	111
1992	06	19	AG	SR	1	1	CBC	TT	6	1257	1356	+1	−1	138	111
1992	06	21	TT	SR	1	0	CBC		7	1533	1349	+1	−2	69	112
1992	08	02	SR	VC	0	0	WQ		-9	1340	1286	−2	+1	117	133
1992	08	30	VC	SR	2	1	WQ		17	1303	1323	+3	−4	130	120
1994	01	19	SR	GF	1	0	CBQ		12	1335	1257	+2	−1	120	140
1994	01	23	SR	GY	2	0	CBQ		8	1343	1110	+2	−2	118	171
1994	04	07	MQ	SR	2	0	CBC	TT	20	1488	1323	+7	−4	82	124
1994	04	09	SR	KY	2	0	CBC	TT	9	1332	1019	+2	−2	122	185
1994	04	11	HT	SR	1	1	CBC	TT	1	1310	1331	0	0	125	122
1994	04	14	TT	SR	3	2	CBC		7	1496	1324	+3	−1	80	123
1994	04	17	GP	SR	2	0	CBC	TT	27	1385	1297	+9	−7	107	130
1994	05	14	NG	SR	2	1	F	NL	1	1735	1296	0	0	28	130
1995	05	09	SR	GP	2	1	FCQ	GF	25	1321	1360	+5	−11	127	119
1995	05	11	MQ	SR	1	1	FCQ	GF	-9	1491	1330	−3	+3	81	124
1995	05	13	GF	SR	4	0	FCQ		37	1269	1293	+5	−8	138	132
1996	03	24	GF	SR	1	2	CBQ		-20	1169	1313	−6	+7	161	125
1996	03	31	SR	JM	0	1	WQ		-13	1300	1557	−3	+6	128	64
1996	04	14	SR	GF	1	1	CBQ		-12	1288	1181	−4	+4	132	157
1996	04	21	JM	SR	1	0	WQ		4	1561	1284	+2	−1	62	133
1996	04	28	SR	GY	2	1	CBQ		5	1289	1043	−2	0	134	181
1996	05	05	GY	SR	2	1	CBQ		28	1071	1261	+4	−5	177	139
1996	05	26	TT	SR	3	0	CBC		8	1525	1253	+1	0	73	139
1996	05	28	SR	JM	3	1	CBC	TT	49	1302	1466	+11	−12	128	87
1996	05	30	KN	SR	1	1	CBC	TT	6	1207	1296	0	−4	152	131
1996	06	03	CU	SR	4	0	CBC	TT	14	1570	1282	+1	−2	61	134
1996	06	05	MQ	SR	1	1	CBC	TT	-11	1477	1293	−1	+1	82	133
1998	03	03	AN	SR	3	3	FCQ	AW	5	1217	1288	+1	−1	147	134
1998	03	05	GF	SR	2	2	FCQ	AW	9	1138	1279	+1	−1	165	135
1998	03	07	AW	SR	3	3	FCQ		10	1001	1269	+2	0	189	135
1999	02	22	SR	GY	2	1	F		3	1272	1064	0	−1	136	179
1999	05	06	GD	SR	0	0	FCQ	AN	-2	1313	1274	0	0	128	138
1999	05	08	AN	SR	1	1	FCQ		1	1151	1273	0	0	162	138
2000	03	05	LC	SR	1	0	WQ		14	1288	1259	+3	−3	134	141
2000	03	19	SR	LC	1	0	WQ		16	1275	1272	+4	−5	137	139
2000	04	02	CU	SR	1	0	WQ		5	1510	1270	+1	−3	74	140
2000	04	16	SR	CU	0	0	WQ		8	1278	1502	+1	−1	137	75
2001	04	04	SR	AW	5	0	FCQ		8	1286	992	+1	−1	136	189
2001	04	06	SR	BB	2	2	FCQ		-2	1284	1355	0	0	136	120
2001	04	08	SR	GD	3	1	FCQ		24	1308	1284	+9	−9	127	136
2001	05	16	CU	SR	4	3	FQC	TT	10	1503	1298	+2	−4	75	131
2001	05	18	HT	SR	1	1	FQC	TT	-7	1425	1305	−3	+4	98	127
2001	05	20	KN	SR	4	0	FQC	TT	43	1300	1262	+14	−13	129	140
2002	07	28	AW	SR	0	2	CCQ		-15	961	1277	0	+5	190	138
2002	08	11	SR	AW	6	0	CCQ		7	1284	954	+4	0	134	190
2002	10	17	GF	SR	1	1	F		2	1119	1282	0	−1	169	135
2002	10	19	GF	SR	0	1	F		-8	1111	1290	0	+1	169	134
2004	01	10	SR	AN	1	1	PBC		-9	1281	1159	0	+2	133	163
2004	01	17	AN	SR	2	0	IEC		24	1183	1257	+6	−6	156	139
2004	02	28	AW	SR	1	2	WQ		-9	940	1266	−2	+2	194	139
2004	03	27	SR	AW	8	1	WQ		7	1273	933	+1	0	138	194
2004	06	12	SR	GT	1	1	WQ		10	1283	1546	+3	0	135	70
2004	06	20	GT	SR	3	1	WQ		7	1553	1276	+1	−3	69	139
2004	10	19	SR	GF	1	2	F		-16	1260	1128	−2	+4	140	168
2004	11	24	GD	SR	2	2	FCQ	TT	-1	1277	1261	−2	0	137	140
2004	11	26	PR	SR	1	1	FCQ	TT	16	894	1245	+1	−4	197	144
2004	11	28	TT	SR	1	0	FCQ		5	1502	1240	+1	−1	83	145
2006	09	06	GY	SR	5	0	FCQ	AN	47	1223	1193	+16	−17	150	158
2006	09	08	SR	GD	1	0	FCQ	AN	22	1215	1205	+4	−9	154	156
2006	09	10	AN	SR	0	1	FCQ		-21	1112	1236	−3	+10	172	144
2006	11	08	MQ	SR	1	0	FCQ		9	1356	1227	+1	−2	115	148
2006	11	10	CU	SR	3	1	FCQ	MQ	7	1583	1220	+1	−1	62	149
2006	11	12	HT	SR	1	1	FCQ	MQ	-12	1438	1232	−3	+3	99	146
2008	03	26	SR	MS	7	1	WQ	TT	2	1234	537	0	0	147	232
2008	05	21	AN	SR	2	1	CHP		14	1163	1220	+4	−3	164	150
2008	06	14	SR	GY	1	0	WQ		21	1241	1311	+4	−4	147	125
2008	06	22	GY	SR	1	2	WQ		-29	1282	1270	−6	+8	131	138
2008	08	09	SR	DM	3	1	FBQ	GY	10	1280	983	+7	−1	132	187
2008	08	10	GY	SR	1	1	FBQ		-6	1279	1286	−4	+3	133	129
2008	08	20	HT	SR	2	2	WQ		-15	1494	1301	−6	+2	90	127
2008	08	30	SR	GF	2	1	F		5	1306	1200	0	0	127	156
2008	09	06	CR	SR	7	0	WQ		7	1630	1299	−3	0	53	127
2008	09	10	SR	SV	0	2	WQ		-26	1273	1477	−9	+3	136	91
2008	10	11	SR	CR	1	4	WQ		-12	1261	1666	−4	+1	139	47
2008	10	15	SV	SR	3	0	WQ		10	1490	1251	0	−3	91	141
2008	10	23	BB	SR	3	2	FBQ	CU	17	1322	1234	+5	−6	123	147
2008	10	25	SR	AN	2	1	FBQ	CU	16	1250	1156	+6	−5	141	167
2008	10	27	CU	SR	6	0	FBQ		13	1456	1237	+1	−5	93	146
2008	11	19	SR	HT	1	1	WQ		5	1242	1416	+3	−3	143	103
2009	04	22	GF	SR	0	0	F		-1	1186	1243	−1	0	158	144
2009	10	28	SR	GY	0	1	IPC		-20	1223	1234	−12	+9	153	146
2009	10	30	SR	GF	4	0	IPC		22	1245	1219	+12	−11	141	154
2009	11	01	SR	AN	1	1	IPC		-9	1236	1123	−5	0	146	174
2010	09	11	GF	SR	1	2	F		-12	1193	1248	−3	+1	158	145
2010	10	13	SR	AN	2	1	FBQ		9	1257	1127	+1	0	141	172
2010	10	15	SR	LC	2	1	FBQ		7	1264	1068	+1	−2	140	181
2010	10	17	SR	GY	0	2	FBQ		-37	1227	1322	−7	+6	147	128
2010	10	29	SR	BQ	4	2	ABS	CW	14	1241	1076	+4	0	143	178
2010	10	31	CW	SR	2	2	ABS		1	1121	1240	0	−2	174	145
2010	11	10	AG	SR	2	1	FBQ		14	1255	1226	+1	−2	142	147
2010	11	12	CU	SR	3	3	FBQ	AG	-13	1468	1239	−2	+2	96	145
2010	11	14	SR	DM	5	0	FBQ	AG	25	1264	1080	+6	−1	139	177
2011	09	02	SR	KY	1	0	WQ		4	1268	954	+1	0	138	192
2011	09	06	DO	SR	1	1	WQ		6	1071	1262	+2	0	177	139
2011	09	23	SR	CW	2	0	F		5	1267	1073	0	0	140	176
2011	09	25	SR	CW	2	2	F		-7	1260	1080	0	0	140	176
2011	10	07	KY	SR	0	1	WQ		-9	941	1269	0	0	192	140
2011	10	11	SR	DO	1	3	WQ		-51	1218	1118	−10	+5	150	173
2011	11	11	SR	SV	1	3	WQ		-12	1206	1580	−2	+4	152	66
2011	11	15	SV	SR	4	0	WQ		5	1585	1201	+2	−2	63	155
2011	12	02	SR	AW	0	0	ABS		-12	1189	936	−3	+2	158	192
2011	12	04	SR	CW	2	0	ABS		10	1199	1066	+3	−1	155	179
2012	06	09	GF	SR	2	1	F		8	1192	1191	+1	−1	158	159
2012	07	13	SR	BQ	8	0	ABS	AW	25	1216	1063	+5	−1	154	182
2012	07	15	AW	SR	1	0	ABS		21	979	1195	+2	−4	191	158
2012	09	05	SR	MS	7	1	FBQ	MQ	2	1197	526	0	0	157	236
2012	09	07	SR	VG	4	0	FBQ	MQ	6	1203	755	+2	−1	155	214
2012	09	09	MQ	SR	2	2	FBQ		-12	1336	1215	−5	+1	123	154
2012	11	14	CU	SR	5	0	FBQ	TT	26	1371	1189	+6	−5	117	158
2012	11	16	TT	SR	3	0	FBQ		7	1490	1182	+3	−2	89	160
2012	11	18	SR	VC	1	0	FBQ	TT	22	1204	1195	+5	−6	155	158
2013	11	14	SR	BQ	2	0	ABS	CW	12	1216	1016	+2	−2	152	188
2013	11	16	CW	SR	1	3	ABS		-17	1011	1233	−2	+2	188	150
2014	05	20	GF	SR	0	0	F		-3	1231	1236	−1	+2	149	147
2014	05	27	SR	GF	1	0	F		7	1243	1224	+1	0	147	150
2014	08	24	GF	SR	0	1	F		-13	1236	1256	−7	+3	151	144
2014	09	03	BB	SR	1	1	FBQ	MQ	7	1135	1249	+1	+1	172	143
2014	09	05	BQ	SR	3	2	FBQ	MQ	32	1047	1217	+1	−12	187	155
2014	09	07	MQ	SR	0	0	FBQ		-15	1431	1232	−3	+6	104	149
2015	01	30	SR	BQ	3	0	ABS		7	1239	1013	+5	−1	143	188
2015	02	01	SR	AW	1	0	ABS		3	1242	937	0	0	143	196
2015	04	30	SR	GY	1	0	F		7	1249	1227	+1	−3	142	150
2015	05	20	CW	SR	3	2	F	NL	15	1087	1234	+2	−4	178	146
2015	06	07	NI	SR	1	0	WQ		21	1134	1213	+2	−15	171	159
2015	06	16	SR	NI	1	3	WQ		-44	1169	1178	−12	+8	169	164
2016	02	21	GY	SR	2	0	F		9	1232	1160	+3	−1	151	170
2016	02	25	GF	SR	2	3	F		-16	1285	1176	−2	+3	135	167
2016	03	23	GP	SR	0	0	FBQ		-12	1308	1188	−2	+5	132	162
2016	03	29	SR	GP	3	2	FBQ		21	1209	1287	+3	−6	161	135
2016	06	01	KN	SR	1	0	FBQ		11	1282	1198	+4	−1	137	162
2016	06	04	SR	VC	2	1	FBQ		11	1209	1129	+1	−2	161	174
2016	10	08	SR	GY	3	2	FBQ		15	1224	1206	+7	−8	154	163
2016	11	13	JM	SR	1	0	FBQ		4	1514	1220	+2	−1	78	154
2017	01	04	TT	SR	1	2	FQP		-36	1453	1256	−8	+8	94	147
2017	01	06	HT	SR	4	2	FQP	TT	13	1488	1243	+1	−2	85	149
2018	08	18	GF	SR	0	4	F		-30	1345	1273	−5	+7	119	142
2018	09	06	DM	SR	0	0	CLQ	GP	12	1031	1261	+2	−2	187	144
2018	10	13	SR	VG	5	0	CLQ		1	1262	642	0	−1	145	229
2018	11	17	JM	SR	2	1	CLQ		4	1569	1258	+1	+2	64	145
2019	03	16	SR	GY	3	1	F		8	1266	1175	0	−2	145	166
2019	03	23	SR	KN	2	0	CLQ		20	1286	1226	+3	−3	142	153
2019	09	05	DM	SR	1	2	CLB		-12	1037	1298	+1	+3	186	136
2019	09	08	SR	NI	6	0	CLB		23	1321	1199	+7	−3	129	155
2019	10	11	VC	SR	2	2	CLB		4	1154	1317	0	0	169	128
2019	10	14	SR	VC	0	1	CLB		-33	1284	1187	−10	+6	138	163
2019	11	15	SR	DM	4	0	CLB		8	1292	996	+1	0	136	189
2019	11	18	NI	SR	1	2	CLB		-21	1188	1313	−6	+5	162	130
2021	03	24	SR	KY	3	0	WQ		4	1317	909	0	0	130	197
2021	03	27	SR	AW	6	0	WQ	US	7	1324	884	+2	0	129	203
2021	06	04	SR	BM	6	0	WQ		26	1350	1258	+6	−8	123	144
2021	06	08	CA	SR	4	0	WQ	US	13	1627	1337	+2	−3	54	125
2021	07	12	JM	SR	2	0	CCH	US	15	1594	1322	+2	−3	62	128
2021	07	16	CR	SR	2	1	CCH	US	7	1641	1315	+1	−2	48	131
2021	07	20	SR	GP	2	1	CCH	US	19	1334	1213	+6	−7	125	156
2022	01	28	SR	BB	1	0	FT		3	1337	1079	+2	−1	118	181
2022	02	01	SR	GY	2	1	FT		5	1342	1136	−1	−2	119	174
2022	03	27	TH	SR	1	0	F		6	1390	1336	0	−2	104	120
2022	05	22	GF	SR	3	1	F		14	1273	1322	+3	−6	141	125
2022	06	04	SR	JM	1	1	CLA		6	1328	1529	+1	−1	122	76
2022	06	07	JM	SR	3	1	CLA		9	1538	1319	+2	−3	74	126
2022	06	11	MX	SR	3	0	CLA		2	1832	1317	0	−1	21	125
2022	09	22	SR	NI	2	1	F	NL	8	1325	1256	+3	−2	125	144
2022	11	19	SR	GF	1	3	F		-19	1306	1348	−8	+6	135	118
2022	11	24	SR	BQ	4	1	ABS	CW	8	1314	988	+4	−2	131	189
2022	11	26	CW	SR	2	2	ABS		-6	1362	1320	−2	+3	116	128
2023	03	23	SR	MX	0	2	CLA		-6	1314	1818	−3	0	131	23
2023	06	17	PR	SR	0	0	CCQ	US	11	1119	1303	+3	−7	173	136
2023	09	08	GD	SR	1	1	CLA		5	1119	1298	+3	−2	172	137
2023	09	12	CU	SR	1	0	CLA		15	1295	1283	+6	−5	138	143
2023	10	12	SR	HT	1	1	CLA		8	1291	1512	+3	−1	140	76
2023	10	15	SR	GD	4	0	CLA		12	1303	1095	+5	−1	138	176
2024	03	24	MQ	SR	1	1	F	NL	-4	1438	1307	−1	+3	97	135
2024	06	05	SR	VC	4	1	WQ		9	1316	1075	0	−4	135	178
2024	06	08	AI	SR	0	4	WQ		-2	601	1318	0	+3	233	131
2024	09	05	GY	SR	1	3	CLA		-35	1239	1353	−5	+17	152	118
2024	09	09	GP	SR	1	0	CLA		16	1337	1337	+4	−9	128	128
2024	10	11	SR	CR	1	1	CLA		11	1348	1650	+7	+1	120	53
2024	10	15	SR	GY	5	1	CLA		17	1365	1217	+7	0	114	155
2024	11	15	SR	CA	0	1	CNL		-6	1359	1781	−3	+2	117	29
2024	11	19	CA	SR	3	0	CNL		3	1784	1356	+2	−1	26	121
2025	03	21	SR	MQ	1	0	CCQ		18	1374	1400	+4	−6	117	104
2025	03	25	MQ	SR	0	1	CCQ		-27	1373	1401	−12	+12	116	103
2025	06	06	SR	PR	1	0	WQ		4	1405	1118	+1	0	101	171
2025	06	10	SV	SR	1	1	WQ		-5	1389	1410	−2	+1	105	98
2025	06	15	CR	SR	4	3	CCH	US	10	1668	1400	+3	−3	49	101
2025	06	18	MX	SR	2	0	CCH	US	6	1821	1394	0	−3	24	104
2025	06	22	DO	SR	0	0	CCH	US	8	1289	1386	+3	−2	141	107
2025	09	04	SR	PA	0	0	WQ		13	1399	1748	+5	−4	102	36
2025	09	08	SV	SR	1	2	WQ		-25	1370	1424	−8	+9	114	96
2025	10	10	SR	GT	1	1	WQ		-1	1423	1508	−2	0	100	81
2025	10	14	PA	SR	1	1	WQ		-17	1723	1440	−2	+5	36	94
2025	11	13	SR	SV	4	0	WQ		18	1458	1328	+7	−9	87	129
2025	11	18	GT	SR	3	1	WQ		18	1528	1440	+2	−6	78	93
2026	03	26	BO	SR	2	1	WQ	MX	9	1670	1431	+1	0	51	91