1972	03	17	AE	QA	1	0	GLF	SA	16	1116	1017	−	−2	150	160
1972	03	19	SA	AE	4	0	GLF		14	1285	1102	+3	−3	117	153
1972	03	22	KW	AE	7	0	GLF	SA	16	1378	1086	+5	−2	97	155
1972	03	25	BH	AE	2	0	GLF	SA	23	1186	1063	+3	−1	139	156
1973	08	11	LY	AE	2	2	PAL		-17	1415	1080	−5	+1	90	155
1973	08	13	DZ	AE	2	0	PAL	LY	4	1533	1076	+2	0	60	155
1973	08	16	NY	AE	0	0	PAL	LY	11	862	1065	0	−1	176	156
1973	08	20	IQ	AE	3	1	PAL	LY	3	1602	1062	0	0	47	156
1974	03	15	KW	AE	2	0	GLF		4	1441	1058	+3	0	80	156
1974	03	18	AE	BH	4	0	GLF	KW	51	1109	1136	+6	−9	150	145
1974	03	23	SA	AE	2	0	GLF	KW	13	1346	1096	+2	−3	106	153
1974	03	26	KW	AE	6	0	GLF		6	1451	1090	+2	−1	77	154
1974	03	28	QA	AE	1	1	GLF	KW	6	987	1084	0	0	163	154
1975	12	19	TN	AE	3	0	PAL		2	1602	1082	0	0	46	153
1975	12	21	IQ	AE	5	0	PAL	TN	5	1552	1077	0	0	56	153
1976	03	27	BH	AE	3	2	GLF	QA	20	1094	1057	+2	−2	152	155
1976	03	29	SA	AE	2	0	GLF	QA	13	1285	1044	+2	−1	117	156
1976	04	01	QA	AE	3	1	GLF		22	1066	1022	+1	−2	155	158
1976	04	03	KW	AE	0	0	GLF	QA	-19	1570	1041	−2	+1	53	157
1976	04	06	IQ	AE	4	0	GLF	QA	3	1589	1038	+1	0	49	157
1976	04	10	OM	AE	1	1	GLF	QA	11	830	1027	0	−1	177	158
1979	03	24	SA	AE	2	1	GLF	IQ	5	1362	1022	+3	0	98	161
1979	03	26	BH	AE	3	0	GLF	IQ	27	1126	995	+4	−2	146	163
1979	03	28	QA	AE	1	0	GLF	IQ	12	1163	983	+1	0	138	163
1979	03	31	KW	AE	7	0	GLF	IQ	2	1626	981	0	0	44	163
1979	04	03	IQ	AE	5	0	GLF		1	1685	980	0	0	33	163
1979	04	09	AE	OM	4	0	GLF	IQ	21	1001	791	+1	0	162	178
1979	10	21	AE	IN	0	0	F		4	1005	1226	0	0	162	126
1979	11	16	AE	LB	0	0	SQ		13	1018	1356	+1	−1	161	99
1979	11	20	AE	SY	0	0	SQ		8	1026	1258	0	−1	161	120
1980	02	06	AE	JO	3	1	F		18	1044	1178	+3	−3	158	138
1980	02	08	AE	JO	1	1	F		1	1045	1177	0	0	158	138
1980	09	05	AE	IR	0	2	F		-1	1044	1751	0	0	159	25
1980	09	07	AE	IR	0	3	F		-1	1043	1752	0	0	159	25
1980	09	15	KW	AE	1	1	AC		-24	1700	1067	−3	+6	31	153
1980	09	17	QA	AE	2	1	AC	KW	19	1165	1048	+3	−4	141	157
1980	09	20	MY	AE	2	0	AC	KW	6	1491	1042	+1	−2	72	159
1980	09	24	KR	AE	4	1	AC	KW	1	1800	1041	+1	0	20	159
1981	09	02	ID	AE	5	2	MRD	MY	14	1236	1027	+6	0	126	161
1981	09	05	IN	AE	2	0	MRD	MY	11	1228	1016	+5	0	130	161
1981	09	08	JP	AE	3	2	MRD	MY	2	1510	1014	+2	0	67	161
1981	09	10	AE	NZ	1	0	MRD	MY	29	1043	1531	+1	−8	160	62
1981	09	12	MY	AE	0	1	MRD		-28	1369	1071	−6	+5	98	155
1981	10	26	AE	IN	2	0	F		18	1089	1234	+3	−4	152	127
1981	10	28	AE	IN	3	1	F		17	1106	1217	+1	−7	151	134
1981	12	27	AE	TN	1	2	F		-1	1105	1651	−1	0	152	41
1981	12	29	AE	TN	1	4	F		-2	1103	1653	0	0	152	41
1982	03	01	AE	HN	0	1	F		-2	1101	1622	0	0	152	43
1982	03	03	AE	HN	0	0	F		8	1109	1614	+2	−2	150	45
1982	03	10	AE	SG	3	0	F		19	1128	1227	+2	−8	148	132
1982	03	12	AE	SG	5	3	F		15	1143	1212	+4	−4	144	136
1982	03	19	AE	QA	1	0	GLF		19	1162	1212	+1	−5	143	135
1982	03	21	AE	SA	1	0	GLF		27	1189	1361	+5	−6	138	96
1982	03	24	AE	KW	0	2	GLF		-6	1183	1666	−2	+1	140	37
1982	03	27	AE	BH	2	3	GLF		-26	1157	1210	−2	+3	143	137
1982	03	30	AE	IQ	0	1	GLF		-3	1154	1726	0	−1	143	30
1982	04	02	AE	OM	3	1	GLF		5	1159	822	0	0	143	181
1982	08	07	MY	AE	1	0	MRD		7	1269	1152	+3	0	118	143
1982	08	09	SN	AE	3	1	MRD	MY	4	1571	1148	+1	0	54	143
1982	08	12	KR	AE	3	2	MRD	MY	1	1666	1147	0	0	38	143
1982	08	14	AE	ID	2	1	MRD	MY	21	1168	1285	+1	−7	142	115
1983	09	16	IQ	AE	0	0	OQ		-19	1685	1187	−3	+1	37	142
1983	09	30	BH	AE	0	0	OQ		-9	1247	1196	−1	0	125	142
1983	10	10	AE	IQ	2	2	OQ		16	1212	1674	+5	−1	137	36
1983	10	14	AE	BH	1	2	OQ		-24	1188	1266	−5	+5	142	122
1984	03	10	AE	KW	2	0	GLF	OM	55	1243	1565	+13	−16	127	58
1984	03	13	AE	QA	1	0	GLF	OM	26	1269	1331	+5	−7	122	101
1984	03	15	IQ	AE	0	0	GLF	OM	-17	1671	1286	0	+3	34	119
1984	03	18	BH	AE	1	1	GLF	OM	1	1266	1285	+1	0	123	119
1984	03	21	OM	AE	1	1	GLF		16	827	1269	0	−3	181	122
1984	03	23	SA	AE	2	0	GLF	OM	14	1488	1255	+2	−4	74	126
1984	10	22	SA	AE	1	0	SQ		4	1529	1251	+1	−1	61	126
1984	10	24	AE	OM	8	0	SQ	SA	9	1260	841	+3	0	123	180
1984	10	26	AE	NP	11	0	SQ	SA	10	1270	851	+3	−1	120	179
1984	10	28	AE	LK	5	1	SQ	SA	10	1280	937	0	−3	120	171
1984	11	25	AE	SY	2	1	F		8	1288	1311	+2	−1	117	108
1984	12	01	IR	AE	3	0	AC	SG	6	1737	1282	0	−1	31	118
1984	12	04	AE	IN	2	0	AC	SG	32	1314	1199	+9	−12	110	140
1984	12	08	SG	AE	0	1	AC		-28	1227	1342	−5	+10	128	101
1984	12	11	CN	AE	5	0	AC	SG	18	1629	1324	+2	−9	42	109
1985	02	28	AE	MY	1	1	F		-1	1323	1385	−1	0	106	92
1985	03	02	AE	MY	0	2	F		-17	1306	1402	−5	0	111	92
1985	04	02	SY	AE	2	1	F	BH	8	1376	1298	+1	0	94	109
1985	04	05	BH	AE	3	2	F		6	1344	1292	0	−2	99	111
1985	04	07	AE	SY	4	0	F	BH	23	1315	1353	+4	−2	107	96
1985	04	12	SA	AE	0	0	WQ		-17	1608	1332	−2	+5	45	102
1985	04	19	AE	SA	1	0	WQ		29	1361	1579	+6	−8	96	53
1985	08	05	AE	DZ	1	0	PAR	MA	35	1396	1674	+8	−3	88	36
1985	08	08	SA	AE	1	0	PAR	MA	11	1568	1385	+2	−1	57	89
1985	08	11	NY	AE	2	1	PAR	MA	38	860	1347	+1	−10	180	99
1985	09	20	AE	IQ	2	3	WQ		-8	1339	1701	−2	+1	101	33
1985	09	27	AE	IQ	2	1	WQ	SA	36	1375	1665	+8	−4	92	38
1985	10	22	AE	MX	2	2	F		7	1382	1794	+2	−1	91	24
1986	03	24	IQ	AE	2	2	GLF	BH	-13	1646	1395	−1	+3	38	89
1986	03	28	KW	AE	1	0	GLF	BH	12	1562	1383	+3	−3	58	92
1986	03	30	AE	OM	1	0	GLF	BH	2	1385	891	+1	0	91	176
1986	04	02	AE	SA	2	0	GLF	BH	44	1429	1512	+7	−9	84	70
1986	04	05	BH	AE	1	3	GLF		-32	1325	1461	−7	+4	104	80
1986	04	07	QA	AE	3	2	GLF	BH	20	1488	1441	+5	−1	74	81
1986	09	21	AE	PK	1	0	ASG	KR	5	1446	1115	0	0	81	150
1986	09	23	AE	TH	2	1	ASG	KR	9	1455	1225	+1	−2	80	128
1986	09	25	AE	IQ	2	1	ASG	KR	26	1481	1540	+3	−7	76	65
1986	09	29	OM	AE	0	0	ASG	KR	18	1012	1463	0	−1	165	77
1986	10	01	ID	AE	2	2	ASG	KR	13	1206	1450	+5	−4	133	81
1987	03	19	AE	SY	1	1	F		-5	1445	1358	−2	+1	82	95
1987	03	23	AE	SY	2	1	F		5	1450	1353	+2	−1	80	96
1987	03	27	IQ	AE	1	1	OQ	KW	-5	1535	1455	+1	+2	62	78
1987	04	03	JO	AE	1	1	OQ		9	1198	1446	+4	−2	136	81
1987	04	10	AE	JO	3	0	OQ		8	1454	1190	+2	−2	79	139
1987	05	01	AE	IQ	0	3	OQ		-34	1420	1598	−6	+9	84	49
1988	01	15	AE	JO	1	0	F	BH	4	1424	1173	0	−1	83	143
1988	01	18	JO	AE	2	0	F	BH	24	1197	1400	+4	−7	139	90
1988	01	23	AE	BG	0	3	F		-6	1394	1780	−1	0	91	25
1988	01	26	AE	BG	1	3	F		-5	1389	1785	−1	+2	92	23
1988	01	27	AE	JP	1	1	F		0	1389	1492	0	0	92	74
1988	01	30	AE	JP	2	0	F		15	1404	1477	+2	−3	90	77
1988	02	04	AE	TH	3	0	SQ		15	1419	1261	+7	−7	83	122
1988	02	07	AE	NY	2	1	SQ		1	1420	878	0	0	83	179
1988	02	10	AE	CN	0	0	SQ		4	1424	1591	0	−1	83	51
1988	02	13	AE	IN	3	0	SQ		7	1431	1126	+1	−1	82	150
1988	02	17	AE	BD	4	0	SQ		4	1435	1039	+1	−2	81	163
1988	02	23	AE	EG	1	2	F		-6	1429	1681	−2	+2	83	33
1988	02	26	AE	EG	1	1	F		4	1433	1677	+2	−1	81	34
1988	03	03	AE	BH	2	0	GLF	SA	17	1450	1249	+2	−6	79	125
1988	03	05	AE	KW	1	0	GLF	SA	28	1478	1564	+3	−7	76	58
1988	03	08	QA	AE	2	1	GLF	SA	21	1479	1457	+4	−4	76	80
1988	03	10	IQ	AE	0	0	GLF	SA	-10	1647	1467	−1	+3	42	77
1988	03	13	SA	AE	2	2	GLF		-8	1516	1475	0	+1	66	76
1988	03	17	AE	OM	1	0	GLF	SA	4	1479	1074	0	0	76	157
1988	11	17	AE	JO	2	1	F		3	1482	1296	+1	0	73	108
1988	11	20	AE	JO	3	2	F		3	1485	1293	+1	+1	70	107
1988	11	24	AE	DZ	1	1	F		0	1485	1592	0	0	70	48
1988	11	27	AE	DZ	2	0	F		15	1500	1577	+3	−1	67	49
1988	12	03	KR	AE	1	0	AC	QA	17	1639	1483	+2	−4	42	71
1988	12	05	QA	AE	2	1	AC		23	1434	1460	+7	−6	83	77
1988	12	08	IR	AE	1	0	AC	QA	12	1681	1448	+1	−4	36	81
1988	12	10	AE	JP	1	0	AC	QA	23	1471	1404	+7	−6	74	92
1988	12	22	AE	BG	0	1	F		-5	1466	1776	−1	0	77	26
1989	01	13	KW	AE	3	2	WQ		14	1496	1452	+5	−3	67	79
1989	01	20	AE	PK	5	0	WQ		4	1456	1013	−1	−2	80	166
1989	02	03	AE	KW	1	0	WQ		17	1473	1481	+5	−6	75	73
1989	02	10	PK	AE	1	4	WQ		-8	1003	1481	−1	+1	168	74
1989	10	12	KP	AE	0	0	WQ	SG	-5	1557	1486	−1	+2	60	68
1989	10	17	AE	CN	2	1	WQ	SG	26	1512	1572	+2	−2	66	51
1989	10	21	SA	AE	0	0	WQ	SG	-3	1558	1515	−2	0	60	66
1989	10	24	QA	AE	1	1	WQ	SG	3	1460	1512	+2	0	73	66
1989	10	28	KR	AE	1	1	WQ	SG	-12	1742	1524	−2	+2	28	64
1990	01	28	AE	EG	1	2	F		-8	1516	1698	−2	0	66	33
1990	01	31	AE	EG	1	0	F		12	1528	1686	+3	0	63	33
1990	02	05	AE	DK	1	1	F		7	1535	1898	+1	0	62	12
1990	02	12	AE	FI	1	1	F		-1	1534	1607	0	0	62	47
1990	02	14	AE	SE	2	1	F		17	1551	1942	+2	−2	60	7
1990	02	17	AE	SE	0	2	F		-5	1546	1947	0	+1	60	6
1990	02	22	OM	AE	1	1	GLF	KW	18	1071	1528	+1	−4	161	64
1990	02	27	QA	AE	0	0	GLF	KW	3	1483	1525	0	0	70	64
1990	03	03	IQ	AE	2	2	GLF	KW	-7	1643	1532	−1	0	40	64
1990	03	05	BH	AE	1	0	GLF	KW	30	1380	1502	+5	−3	97	67
1990	03	09	KW	AE	6	1	GLF		28	1534	1474	+4	−3	63	71
1990	05	09	MA	AE	3	1	F		7	1600	1467	+1	−1	47	71
1990	05	21	PL	AE	4	0	F	FR	5	1787	1462	+2	−2	19	73
1990	05	28	HU	AE	3	0	F	FR	7	1723	1455	+1	−2	31	75
1990	06	09	CO	AE	2	0	WC	IT	11	1812	1444	0	−1	18	76
1990	06	15	WG	AE	5	1	WC	IT	4	2036	1440	0	−1	1	77
1990	06	19	YU	AE	4	1	WC	IT	8	1889	1432	+3	0	10	77
1992	01	29	AE	CH	0	2	F		-6	1426	1782	−1	0	87	24
1992	03	02	AE	IS	0	1	F		-9	1417	1582	−2	0	90	59
1992	05	14	AE	QA	1	0	F		9	1426	1460	+2	−1	89	82
1992	05	17	AE	SY	2	0	F		13	1439	1477	+3	−1	86	79
1992	05	20	AE	SY	0	0	F		-2	1437	1479	0	0	86	79
1992	05	27	AE	KW	3	2	SQ		18	1455	1481	+4	−5	83	79
1992	05	30	AE	BH	3	1	SQ		15	1470	1348	+2	−2	82	111
1992	10	21	KR	AE	0	0	F		-7	1666	1477	−2	+2	37	80
1992	10	24	KR	AE	1	1	F		-7	1659	1484	−2	0	39	80
1992	10	30	JP	AE	0	0	AC		-5	1453	1489	−1	+2	89	78
1992	11	01	IR	AE	0	0	AC	JP	-12	1653	1501	−6	+4	43	74
1992	11	03	AE	KP	2	1	AC	JP	24	1525	1469	+2	−5	72	83
1992	11	06	SA	AE	2	0	AC	JP	27	1653	1498	+6	−3	43	75
1992	11	08	CN	AE	1	1	AC	JP	3	1461	1495	+2	−3	87	78
1992	11	17	AE	SN	1	1	F		-2	1493	1522	−1	0	79	73
1992	11	19	AE	SN	2	2	F		-2	1491	1524	−1	0	80	73
1992	11	24	DZ	AE	0	0	F	BH	-4	1637	1495	−1	+2	47	79
1992	11	28	KW	AE	2	0	GLF	QA	29	1536	1466	+7	−4	69	84
1992	12	01	AE	SA	1	0	GLF	QA	27	1493	1564	+4	−4	81	62
1992	12	04	AE	BH	2	0	GLF	QA	20	1513	1350	+7	−5	75	116
1992	12	06	QA	AE	1	0	GLF		15	1516	1498	+4	−4	75	79
1992	12	09	AE	OM	1	0	GLF	QA	3	1501	1061	+1	0	78	181
1993	02	18	AE	BG	1	0	F		15	1516	1764	+3	−2	75	26
1993	02	20	AE	BG	1	3	F		-9	1507	1773	−2	+1	77	25
1993	03	27	CN	AE	0	0	F	MY	1	1482	1506	0	0	85	77
1993	03	30	AE	CN	2	1	F	MY	9	1515	1473	+3	−1	74	86
1993	04	02	MY	AE	0	1	F		-6	1278	1521	−1	+1	134	73
1993	04	08	AE	LK	4	0	WQ	JP	2	1523	855	+1	0	73	202
1993	04	13	AE	TH	1	0	WQ	JP	10	1533	1330	+4	0	70	119
1993	04	15	AE	BD	1	0	WQ	JP	3	1536	1070	0	−1	70	182
1993	04	18	JP	AE	2	0	WQ		20	1573	1516	+2	−6	63	76
1993	04	28	AE	LK	3	0	WQ		1	1517	842	+3	0	74	203
1993	04	30	AE	TH	2	1	WQ		7	1524	1328	+1	0	73	120
1993	05	03	AE	BD	7	0	WQ		3	1527	1051	+1	0	71	182
1993	05	07	AE	JP	1	1	WQ		-2	1525	1587	0	+2	71	58
1993	10	26	AE	JO	2	1	F		3	1528	1340	0	0	70	117
1993	10	28	AE	JO	0	2	F		-25	1503	1365	−7	+4	77	113
1994	02	02	AE	SK	0	1	FRT		-12	1491	1676	−5	+3	83	34
1994	02	04	AE	MA	1	1	FRT		3	1494	1659	+2	−1	81	39
1994	02	06	AE	EG	0	1	FRT		-12	1482	1673	−3	+1	84	36
1994	04	27	AE	DE	0	2	F		-2	1480	2022	−1	0	85	1
1994	08	26	AE	UA	1	1	F	DE	4	1484	1641	+1	−3	84	45
1994	08	30	IS	AE	1	0	F		5	1595	1479	0	−2	57	86
1994	09	06	CH	AE	1	0	F		1	1819	1478	0	0	22	85
1994	09	19	KR	AE	0	0	F		-7	1681	1485	−1	+2	33	82
1994	10	03	JP	AE	1	1	ASG		-13	1637	1498	−3	+3	44	79
1994	10	05	AE	MM	2	0	ASG	JP	9	1507	1194	0	−1	79	155
1994	10	09	QA	AE	2	2	ASG	JP	4	1439	1503	0	0	92	79
1994	10	11	KW	AE	2	1	ASG	JP	18	1559	1485	+3	−3	66	82
1994	10	28	AE	SN	3	2	F		5	1490	1387	+1	−2	81	107
1994	11	03	AE	QA	2	0	GLF		18	1508	1421	+3	−5	78	98
1994	11	06	AE	SA	1	1	GLF		2	1510	1643	+2	−1	76	41
1994	11	09	AE	KW	2	0	GLF		24	1534	1513	+7	−6	69	75
1994	11	12	AE	BH	0	0	GLF		-11	1523	1439	−1	+3	70	93
1994	11	16	AE	OM	2	0	GLF		8	1531	1289	+1	−2	69	133
1995	01	24	AE	JP	1	1	F		-2	1529	1568	−2	+1	71	63
1996	03	19	AE	KR	3	2	FRT		14	1543	1598	+3	−6	69	56
1996	03	22	AE	EG	0	0	FRT		-2	1541	1592	−2	0	71	59
1996	03	26	AE	MA	1	0	FRT		14	1555	1604	+6	−2	65	51
1996	05	21	SI	AE	2	2	F		-4	1588	1559	−1	+2	58	63
1996	05	29	RU	AE	1	0	F		1	1928	1558	0	0	7	64
1996	06	02	BG	AE	4	1	F		4	1836	1554	+2	−3	18	66
1996	08	14	HU	AE	3	1	F		10	1587	1544	+2	−2	58	69
1996	08	20	AE	BY	1	0	F	DE	7	1551	1445	+2	0	67	93
1996	09	18	RO	AE	1	2	F		-18	1823	1569	−1	+1	18	64
1996	09	25	PL	AE	1	0	F		5	1654	1564	0	0	41	64
1996	10	16	QA	AE	1	0	GLF	OM	26	1487	1538	+9	−6	81	69
1996	10	18	BH	AE	1	1	GLF	OM	7	1414	1531	+1	−1	104	70
1996	10	22	AE	KW	2	1	GLF	OM	21	1552	1523	+5	−4	66	71
1996	10	24	OM	AE	0	0	GLF		11	1256	1541	+4	−2	139	68
1996	10	27	SA	AE	2	2	GLF	OM	-3	1585	1544	−1	+1	59	67
1996	11	13	AE	MT	1	1	F		-8	1536	1299	−1	+2	68	131
1996	11	15	AE	MT	0	0	F		-7	1529	1306	−3	+3	71	128
1996	11	19	AE	UZ	4	2	F		17	1546	1649	+3	−4	68	42
1996	11	22	AE	UZ	2	0	F		15	1561	1634	+2	−1	66	43
1996	11	26	AE	SY	1	1	F		-5	1556	1495	0	0	65	80
1996	11	28	AE	SY	1	0	F		6	1562	1489	+2	0	64	80
1996	12	04	AE	KR	1	1	AC		-2	1560	1642	−1	0	66	43
1996	12	07	AE	KW	3	2	AC		17	1577	1531	+5	−1	59	70
1996	12	10	AE	ID	2	0	AC		6	1583	1237	+1	−1	59	143
1996	12	15	AE	IQ	1	0	AC		24	1607	1649	+7	−6	52	43
1996	12	18	AE	KW	1	0	AC		20	1627	1620	+7	−4	46	49
1996	12	21	AE	SA	0	0	AC		-7	1620	1631	−3	+3	49	45
1997	02	04	AE	MY	1	1	F		-8	1612	1309	−2	+1	52	128
1997	03	19	AE	LB	2	1	F		3	1615	1401	+1	−2	53	106
1997	03	29	AE	NO	1	4	F		-12	1603	1832	−1	+3	55	16
1997	03	30	AE	SY	0	2	F		-24	1579	1499	−4	+5	59	77
1997	04	08	JO	AE	0	0	WQ	BH	12	1349	1567	+1	−2	121	61
1997	04	11	BH	AE	1	2	WQ		-15	1369	1582	−5	+3	118	58
1997	04	22	AE	BH	3	0	WQ		9	1591	1333	0	−2	59	122
1997	04	26	AE	JO	2	0	WQ		8	1599	1368	+2	−1	56	117
1997	07	14	SY	AE	3	1	PAR	LB	41	1507	1558	+9	−11	75	66
1997	07	17	AE	MR	2	1	PAR	LB	4	1562	1193	0	0	66	157
1997	07	19	KW	AE	1	0	PAR	LB	16	1645	1546	+1	−3	46	69
1997	08	27	AE	ML	0	0	F		-7	1539	1366	0	+4	69	114
1997	09	02	AE	IR	3	1	F		18	1557	1688	+2	−3	67	39
1997	09	12	AE	KZ	4	0	WQ		23	1580	1494	+5	−4	60	78
1997	09	19	AE	JP	0	0	WQ		3	1583	1732	0	0	59	30
1997	09	27	UZ	AE	2	3	WQ		-25	1552	1608	−4	+7	66	52
1997	10	04	KR	AE	3	0	WQ		16	1738	1592	+6	−4	29	57
1997	10	10	AE	TG	3	0	F		5	1597	1384	+2	−1	55	111
1997	10	18	KZ	AE	3	0	WQ		34	1541	1563	+7	−7	68	62
1997	10	26	JP	AE	1	1	WQ		-12	1683	1575	−1	+2	41	59
1997	11	02	AE	UZ	0	0	WQ		-7	1568	1561	−1	+3	61	62
1997	11	09	AE	KR	1	3	WQ		-26	1542	1742	−7	+8	68	27
1997	12	13	UY	AE	2	0	CC	SA	20	1743	1522	+5	−5	29	73
1997	12	15	AE	ZA	1	0	CC	SA	38	1560	1692	+12	−7	61	40
1997	12	17	CZ	AE	6	1	CC	SA	16	1859	1544	+1	−5	14	66
1998	09	16	AE	LY	5	1	F		7	1551	1380	0	−1	66	113
1998	09	23	MA	AE	1	0	ARC	QA	8	1799	1543	0	0	21	65
1998	09	27	AE	SD	4	1	ARC	QA	25	1568	1414	+5	−5	61	100
1998	09	29	QA	AE	2	1	ARC		15	1568	1553	+4	−4	61	65
1998	10	01	KW	AE	4	1	ARC	QA	28	1656	1525	+3	−3	48	68
1998	10	17	AE	SD	2	1	FRT		7	1532	1418	0	−2	71	102
1998	10	19	AE	SY	1	0	FRT		10	1542	1497	+6	−2	65	77
1998	10	21	AE	LB	1	0	FRT		5	1547	1369	0	0	65	115
1998	10	30	BH	AE	0	1	GLF		-14	1333	1561	−2	+1	121	64
1998	11	03	AE	OM	3	2	GLF	BH	10	1571	1352	+3	−2	61	118
1998	11	05	QA	AE	0	0	GLF	BH	5	1485	1566	+1	0	81	61
1998	11	08	SA	AE	1	0	GLF	BH	11	1735	1555	+2	−4	29	65
1998	11	12	KW	AE	4	1	GLF	BH	23	1706	1532	+5	−5	35	70
1998	11	25	SG	AE	0	4	F		-14	1326	1546	−4	+5	124	65
1998	12	02	KP	AE	3	3	ASG	TH	3	1490	1543	0	0	78	65
1998	12	07	KW	AE	5	0	ASG	TH	23	1720	1520	+2	−6	33	72
1998	12	09	KR	AE	2	1	ASG	TH	9	1734	1511	+1	0	29	72
1998	12	11	AE	JP	1	0	ASG	TH	29	1540	1646	+6	−6	67	49
1999	08	18	SA	AE	1	1	PAR	JO	-7	1652	1547	0	0	44	69
1999	08	20	AE	LB	2	0	PAR	JO	19	1566	1401	+4	−3	65	106
1999	08	23	PS	AE	1	0	PAR	JO	34	1289	1532	+6	−8	133	73
1999	08	25	SY	AE	2	2	PAR	JO	3	1478	1529	−1	0	82	73
1999	08	27	LY	AE	1	0	PAR	JO	25	1468	1504	+11	−2	84	75
1999	10	16	TN	AE	1	0	F		4	1632	1500	+1	0	48	77
1999	10	30	AE	TM	3	1	FRT		14	1514	1449	+6	−6	71	94
1999	11	01	AE	EE	2	2	FRT		-11	1503	1322	−6	+6	77	124
1999	11	03	AE	IQ	2	2	FRT		1	1504	1636	0	0	77	47
1999	11	21	AE	IN	3	1	SQ		4	1508	1128	+2	−1	76	165
1999	11	23	AE	BD	3	0	SQ		2	1510	1032	+2	−1	74	183
1999	11	27	AE	UZ	0	1	SQ		-24	1486	1571	−6	+7	80	61
1999	11	29	AE	LK	6	0	SQ		1	1487	824	0	0	80	204
2000	02	19	SI	AE	1	1	FT	OM	-5	1606	1492	0	+2	56	78
2000	02	21	OM	AE	0	1	FT		-13	1328	1505	−2	+2	122	76
2000	02	23	AE	CH	1	0	FT	OM	24	1529	1720	+8	−7	68	34
2000	08	16	JP	AE	3	1	F		6	1666	1523	+1	0	46	71
2000	09	07	LB	AE	0	1	F		-11	1432	1534	−2	+5	93	67
2000	09	10	LB	AE	2	2	F		0	1432	1534	0	0	93	67
2000	09	28	SA	AE	6	1	F		9	1646	1525	+2	−6	51	72
2000	10	04	AE	KR	1	1	FRT		5	1530	1751	+4	0	68	28
2000	10	07	AE	KW	1	0	FRT		15	1545	1620	+3	−2	66	55
2000	11	12	AE	HK	1	1	F		-8	1537	1217	−1	+1	69	152
2000	12	10	AE	KZ	5	2	F		9	1546	1438	+1	−1	68	91
2001	01	06	EG	AE	2	1	F		4	1686	1542	0	0	42	68
2001	02	11	AE	KR	1	4	FRT		-18	1524	1771	−3	+5	71	26
2001	02	14	AE	MA	1	1	FRT		3	1527	1692	+1	−1	70	42
2001	03	27	OM	AE	2	1	F		13	1322	1514	+2	−2	125	73
2001	04	02	AE	LK	6	0	F		1	1515	897	0	0	72	197
2001	04	08	IN	AE	1	0	WQ		35	1119	1480	+6	−10	169	81
2001	04	14	BN	AE	0	12	WQ		-3	742	1483	0	+1	210	80
2001	04	26	AE	IN	1	0	WQ		3	1486	1115	0	−1	81	170
2001	05	04	AE	BN	4	0	WQ		1	1487	739	+1	0	80	210
2001	05	11	YE	AE	2	1	WQ		30	1216	1457	+6	−6	151	87
2001	05	18	AE	YE	3	2	WQ		5	1462	1211	+2	−2	85	153
2001	08	02	AE	IQ	2	2	F		1	1463	1590	+1	0	87	58
2001	08	08	SA	AE	1	0	F	QA	4	1688	1459	+2	−1	41	89
2001	08	17	AE	UZ	4	1	WQ		33	1492	1507	+10	−7	79	74
2001	08	25	CN	AE	3	0	WQ		11	1700	1481	+1	−5	40	84
2001	08	31	AE	QA	0	2	WQ		-32	1449	1591	−6	+5	90	58
2001	09	07	SA	AE	0	2	F		-26	1644	1475	−4	+5	51	86
2001	09	14	OM	AE	1	1	WQ		0	1376	1475	0	0	113	86
2001	09	22	UZ	AE	0	1	WQ		-28	1504	1503	−9	+9	76	77
2001	09	27	AE	CN	0	1	WQ		-13	1490	1737	−6	+4	83	31
2001	10	04	QA	AE	1	2	WQ		-31	1570	1521	−5	+10	62	72
2001	10	19	AE	OM	2	2	WQ		-12	1509	1391	−2	+3	73	109
2001	10	25	IR	AE	1	0	WQ		6	1717	1503	+3	−4	38	78
2001	10	31	AE	IR	0	3	WQ		-24	1479	1741	−5	+5	83	33
2002	01	17	AE	OM	1	0	GLF	SA	17	1496	1405	+4	−6	80	106
2002	01	20	QA	AE	2	0	GLF	SA	26	1564	1470	+3	−7	64	87
2002	01	24	SA	AE	1	0	GLF		5	1695	1465	+1	0	41	87
2002	01	27	BH	AE	2	1	GLF	SA	19	1500	1446	+3	−5	81	92
2002	01	29	KW	AE	2	1	GLF	SA	16	1528	1430	+1	−8	72	100
2002	09	25	OM	AE	2	1	F		7	1439	1423	+2	−3	95	102
2002	12	16	AE	EG	1	2	F		-8	1415	1607	−2	+1	105	56
2003	01	26	AE	NO	1	1	F		7	1422	1794	+3	−1	103	23
2003	09	26	AE	BH	1	4	F		-20	1402	1500	−9	+6	110	77
2003	10	11	AE	UZ	2	2	F		0	1402	1499	0	−2	110	79
2003	10	19	TM	AE	1	0	SQ		12	1453	1390	+3	−3	92	112
2003	10	30	AE	TM	1	1	SQ		-2	1388	1455	0	0	112	90
2003	11	07	SY	AE	1	3	SQ		-42	1390	1430	−15	+14	112	98
2003	11	14	AE	SY	3	1	SQ		19	1449	1371	+6	−6	92	116
2003	11	18	AE	LK	3	1	SQ		2	1451	936	0	0	91	193
2003	11	22	AE	LK	3	0	SQ		2	1453	934	0	0	91	193
2003	12	14	AE	AZ	3	3	F		-5	1448	1352	−1	+2	92	120
2003	12	21	AE	KE	2	2	F		-2	1446	1471	0	0	92	86
2003	12	26	SA	AE	2	0	GLF	KW	14	1670	1432	+4	−4	44	96
2003	12	29	KW	AE	0	2	GLF		-48	1518	1480	−9	+13	75	83
2003	12	31	OM	AE	2	0	GLF	KW	25	1559	1455	+4	−8	66	91
2004	01	03	QA	AE	0	0	GLF	KW	-4	1517	1459	−4	0	77	91
2004	01	07	BH	AE	3	1	GLF	KW	24	1558	1435	+4	−4	66	95
2004	01	11	AE	YE	3	0	GLF	KW	12	1447	1150	+3	−3	92	165
2004	02	18	AE	TH	1	0	WQ		14	1461	1429	+6	−4	85	97
2004	03	31	KP	AE	0	0	WQ		-3	1417	1464	−1	−2	104	88
2004	05	31	AE	BH	2	3	F		-10	1454	1565	−3	+1	91	66
2004	06	09	AE	YE	3	0	WQ		6	1460	1130	+1	−1	89	169
2004	07	10	CN	AE	2	2	F		-6	1615	1466	−1	+3	58	89
2004	07	19	KW	AE	3	1	AC	CN	39	1489	1427	+16	−12	82	101
2004	07	23	KR	AE	2	0	AC	CN	13	1705	1414	0	−2	33	103
2004	07	27	JO	AE	0	0	AC	CN	-16	1660	1430	−5	+3	45	100
2004	09	08	YE	AE	3	1	WQ		45	1187	1385	+9	−10	157	110
2004	10	08	SG	AE	1	2	F		-7	1156	1392	0	+3	164	107
2004	10	13	TH	AE	3	0	WQ		31	1358	1361	+6	−8	117	114
2004	11	11	AE	JO	4	0	F		28	1389	1617	+7	−8	107	57
2004	11	17	AE	KP	1	0	WQ		20	1409	1465	+7	−5	100	91
2004	11	22	AE	BY	2	3	F		-7	1402	1615	−2	+2	102	57
2004	11	27	AE	KW	0	1	F		-10	1392	1516	−3	0	105	80
2004	12	03	AE	KW	1	1	F		1	1393	1515	0	0	104	80
2004	12	10	QA	AE	2	2	GLF		-11	1486	1404	−2	+2	87	102
2004	12	13	OM	AE	2	1	GLF	QA	9	1622	1395	+4	−1	54	103
2004	12	16	IQ	AE	1	1	GLF	QA	-7	1509	1402	0	+1	80	102
2005	02	09	AE	CH	1	2	F		-5	1397	1698	−1	0	103	37
2005	05	24	PE	AE	0	0	KRN	JP	-11	1688	1408	−1	0	41	102
2005	05	27	JP	AE	0	1	KRN		-28	1785	1436	−5	+5	26	97
2005	07	29	KW	AE	1	1	FT	CH	-2	1469	1438	0	0	91	95
2005	07	31	EG	AE	0	0	FT	CH	-10	1698	1448	0	+2	40	93
2005	09	23	AE	BJ	0	0	F		-7	1441	1258	−1	+1	95	139
2005	10	11	AE	OM	2	2	F		2	1443	1615	0	0	95	57
2005	11	12	AE	BR	0	8	F		-3	1440	2028	0	0	96	1
2005	11	16	SY	AE	0	3	F		-23	1424	1463	−5	+4	99	92
2005	12	02	AE	LY	1	1	F		-2	1461	1481	−2	0	94	87
2006	01	18	AE	KR	1	0	F		13	1474	1673	+4	−4	90	48
2006	02	22	AE	OM	1	0	SQ		20	1494	1553	+7	−4	83	69
2006	03	01	PK	AE	1	4	SQ		-4	879	1498	−1	+1	200	82
2006	05	02	AE	SY	2	1	F		7	1505	1495	+2	−3	80	83
2006	08	08	IR	AE	1	0	F		2	1755	1503	0	0	32	80
2006	08	16	JO	AE	1	2	SQ		-26	1493	1529	−9	+4	85	76
2006	08	27	SA	AE	1	0	F		7	1554	1522	+2	0	70	77
2006	09	06	AE	JO	0	0	SQ		-6	1516	1518	0	+3	79	78
2006	10	11	OM	AE	2	1	SQ		11	1599	1505	+2	−2	58	82
2006	11	15	AE	PK	3	2	SQ		1	1506	896	−1	0	83	198
2006	12	06	AE	PL	2	5	F		-10	1496	1779	−4	+2	86	25
2006	12	10	AE	SK	1	2	F		-7	1489	1717	0	+1	86	42
2007	01	12	AE	IR	0	2	F		-7	1482	1790	−2	+2	88	21
2007	01	17	AE	OM	1	2	GLF		-21	1461	1584	−4	+6	93	62
2007	01	20	AE	YE	2	1	GLF		5	1466	1233	+1	0	92	147
2007	01	23	AE	KW	3	2	GLF		13	1479	1434	+2	−2	90	98
2007	01	27	AE	SA	1	0	GLF		22	1501	1598	+5	−3	85	58
2007	01	30	AE	OM	1	0	GLF		21	1522	1595	+5	−3	80	58
2007	06	21	MY	AE	1	3	F		-6	1184	1528	0	+1	159	76
2007	06	24	SA	AE	2	0	F	SG	13	1595	1515	+2	−4	60	79
2007	06	27	BH	AE	2	2	F	MY	1	1492	1514	0	0	86	79
2007	07	01	AE	KP	1	0	F	SG	9	1523	1469	+3	−2	76	91
2007	07	08	VN	AE	2	0	AC		52	1332	1471	+10	−15	123	91
2007	07	13	JP	AE	3	1	AC	VN	14	1744	1457	+4	0	35	90
2007	07	16	AE	QA	2	1	AC	VN	28	1485	1472	+5	−9	86	90
2007	09	12	SG	AE	1	1	F		2	1309	1483	0	0	130	86
2007	09	23	AE	LB	1	1	F		-6	1477	1332	0	+2	86	125
2007	10	03	TH	AE	1	1	F		-1	1403	1478	0	0	107	86
2007	10	08	VN	AE	0	1	WQ		-16	1297	1494	−5	+1	134	85
2007	10	17	AE	TN	0	1	F		-9	1485	1629	−2	0	85	56
2007	10	28	AE	VN	5	0	WQ		13	1498	1284	+5	0	81	134
2007	11	13	EG	AE	3	0	PAR		11	1692	1487	0	−5	41	87
2007	11	16	LY	AE	2	0	PAR	EG	36	1450	1451	+8	−7	95	94
2007	11	17	BJ	AE	1	0	FT	GH	19	1383	1432	+4	−5	110	99
2007	11	18	AE	SD	2	0	PAR	EG	28	1460	1382	+7	−6	92	110
2007	11	21	SA	AE	1	1	PAR	EG	-11	1663	1471	−6	−7	47	99
2007	11	21	TG	AE	5	0	FT	GH	35	1447	1436	+6	−7	96	99
2008	01	10	AE	CN	0	0	DBC		2	1438	1572	+1	−1	99	63
2008	01	31	AE	IQ	0	1	F		-7	1431	1647	−1	+1	99	50
2008	02	06	AE	KW	2	0	WQ		21	1452	1405	+5	−1	95	103
2008	03	19	OM	AE	1	1	F		-4	1496	1456	−2	0	85	93
2008	03	26	SY	AE	1	1	WQ		-9	1524	1465	−1	0	79	93
2008	06	02	IR	AE	0	0	WQ		-16	1722	1481	−4	+2	39	92
2008	06	07	AE	IR	0	1	WQ		-12	1469	1734	−2	+4	94	35
2008	06	14	KW	AE	2	3	WQ		-24	1423	1493	−5	+6	101	88
2008	06	22	AE	SY	1	3	WQ		-39	1454	1530	−8	+9	95	79
2008	08	20	DZ	AE	1	0	F	FR	11	1417	1443	+4	−3	103	98
2008	08	29	AE	BH	2	3	F		-10	1433	1553	−1	+5	99	69
2008	09	06	AE	KP	1	2	WQ		-20	1413	1547	−6	+6	106	74
2008	09	10	AE	SA	1	2	WQ		-11	1402	1698	−1	0	108	43
2008	10	09	JP	AE	1	1	F		-9	1762	1411	−3	+1	28	107
2008	10	15	KR	AE	4	1	WQ		8	1686	1403	+1	−2	44	107
2008	11	19	AE	IR	1	1	WQ		14	1417	1782	+7	−2	102	24
2008	12	27	AE	IQ	2	2	F		2	1419	1596	+1	0	102	59
2008	12	30	AE	KW	0	0	F		-3	1416	1421	−1	+2	103	101
2009	01	05	AE	YE	3	1	GLF	OM	14	1430	1202	+3	−1	101	156
2009	01	08	QA	AE	0	0	GLF	OM	-5	1513	1435	−2	+1	85	100
2009	01	11	SA	AE	3	0	GLF	OM	16	1662	1419	+3	−5	47	105
2009	01	21	MY	AE	0	5	SQ		-23	1140	1442	−4	+8	169	97
2009	01	28	AE	UZ	0	1	SQ		-19	1423	1572	−6	+5	103	64
2009	03	28	KP	AE	2	0	WQ		15	1536	1408	+6	−2	76	105
2009	04	01	SA	AE	3	2	WQ		4	1682	1404	0	0	47	106
2009	06	02	AE	DE	2	7	F		-3	1401	1957	−2	0	109	6
2009	06	06	AE	KR	0	2	WQ		-13	1388	1743	−4	+2	113	31
2009	06	10	IR	AE	1	0	WQ		3	1714	1385	0	−2	40	115
2009	10	10	AE	PS	1	1	F		-7	1378	1216	−2	+2	115	154
2009	10	14	AE	JO	3	1	F		14	1392	1433	+6	−5	109	102
2009	11	15	AE	CZ	0	0	INC		11	1403	1787	0	−2	110	21
2009	11	18	AE	IQ	0	1	INC		-13	1390	1557	−3	+2	113	73
2009	12	16	KW	AE	0	0	F		-5	1471	1395	−2	+1	91	112
2010	01	06	AE	MY	1	0	SQ		5	1400	1168	+1	−2	111	164
2010	03	03	UZ	AE	0	1	SQ		-32	1514	1432	−11	+4	87	106
2010	05	29	AE	MD	3	2	F	AT	10	1442	1439	+6	−6	99	102
2010	06	05	DZ	AE	1	0	F	DE	7	1539	1435	+1	−4	80	104
2010	09	07	AE	KW	3	0	F		17	1452	1514	+6	−2	96	83
2010	10	09	AE	CL	0	2	F		-4	1448	1876	−1	0	99	9
2010	10	12	AE	AO	0	2	F		-20	1428	1458	−8	+6	107	97
2010	11	18	AE	IN	5	0	F		4	1432	1152	0	−1	107	168
2010	11	23	IQ	AE	0	0	GLF	YE	-7	1561	1439	−2	+3	72	104
2010	11	26	OM	AE	0	0	GLF	YE	-5	1532	1444	+1	+2	77	102
2010	11	29	AE	BH	3	1	GLF	YE	35	1479	1465	+9	−6	93	96
2010	12	02	SA	AE	1	0	GLF	YE	9	1692	1470	+2	−1	40	95
2011	01	02	AE	SY	2	0	F		13	1483	1508	+3	−3	92	84
2011	01	05	AE	AU	0	0	F		5	1488	1770	0	0	92	22
2011	01	11	KP	AE	0	0	AC	QA	-3	1533	1491	−1	+1	79	91
2011	01	15	IQ	AE	1	0	AC	QA	20	1583	1471	+12	−2	62	95
2011	01	19	IR	AE	3	0	AC	QA	16	1743	1455	+5	−4	28	99
2011	07	17	AE	LB	6	2	F		4	1459	1204	0	−2	94	156
2011	07	23	AE	IN	3	0	WQ		8	1467	1188	+2	0	92	159
2011	07	28	IN	AE	2	2	WQ		9	1197	1458	+2	−2	157	94
2011	08	25	AE	QA	3	1	F		12	1470	1479	+2	−2	92	91
2011	09	02	AE	KW	2	3	WQ		-19	1451	1601	−5	+3	97	60
2011	09	06	LB	AE	3	1	WQ		45	1211	1406	+9	−10	153	108
2011	10	06	CN	AE	2	1	F		3	1645	1403	+1	0	51	109
2011	10	11	KR	AE	2	1	WQ		2	1794	1401	−1	0	22	105
2011	11	11	AE	KR	0	2	WQ		-9	1392	1803	−4	+1	109	21
2011	11	15	KW	AE	2	1	WQ		8	1548	1384	+1	−2	73	112
2012	01	29	AE	UZ	1	0	F		14	1398	1599	+2	−3	108	58
2012	02	24	AE	PS	3	0	F		7	1405	1237	+2	−2	106	146
2012	02	29	AE	LB	4	2	WQ		16	1421	1318	+3	−3	104	127
2012	09	06	JP	AE	1	0	F		1	1793	1420	0	0	21	104
2012	09	11	AE	KW	3	0	F		19	1439	1526	+4	−6	101	80
2012	10	12	AE	UZ	2	2	F		2	1441	1607	+2	0	98	58
2012	10	16	AE	BH	6	2	F		13	1454	1425	+3	−5	95	105
2012	11	14	AE	EE	2	1	F		9	1463	1494	0	−1	95	88
2012	12	25	AE	YE	2	0	F	QA	8	1471	1272	+1	−1	94	142
2012	12	29	AE	YE	3	1	F	QA	7	1478	1265	+1	0	93	142
2013	01	05	AE	QA	3	1	GLF	BH	30	1508	1445	+9	−2	84	96
2013	01	08	BH	AE	1	2	GLF		-25	1467	1533	−5	+6	95	78
2013	01	11	AE	OM	2	0	GLF	BH	27	1560	1475	+7	−7	71	93
2013	01	15	AE	KW	1	0	GLF	BH	17	1577	1493	+5	−6	66	88
2013	01	18	AE	IQ	2	1	GLF	BH	23	1600	1607	+7	−4	59	55
2013	01	31	KP	AE	1	0	F	CN	10	1594	1590	+3	−4	59	62
2013	02	06	VN	AE	1	2	SQ		-8	1236	1598	−2	+7	147	55
2013	03	22	AE	UZ	2	1	SQ		16	1614	1614	+2	−5	54	54
2013	09	05	TT	AE	3	3	OSN	SA	7	1447	1607	+2	−1	99	56
2013	09	09	AE	NZ	2	0	OSN	SA	22	1629	1581	+6	−3	52	62
2013	10	05	AE	LA	2	0	F	CN	0	1629	865	0	0	54	205
2013	10	09	AE	MY	3	1	F	CN	2	1631	1180	0	−1	54	164
2013	10	15	HK	AE	0	4	SQ		-10	1190	1641	−3	+4	159	50
2013	11	09	AE	PH	4	0	F		2	1643	1199	+1	0	49	156
2013	11	15	AE	HK	4	0	SQ		3	1646	1187	0	−2	49	161
2013	11	19	AE	VN	5	0	SQ		4	1650	1218	0	−1	49	152
2014	03	05	UZ	AE	1	1	SQ		-6	1644	1656	−2	+1	51	48
2014	05	27	AM	AE	4	3	F	CH	12	1588	1644	+1	−1	63	49
2014	06	03	AE	GE	1	0	F	CH	6	1650	1504	+1	−2	48	84
2014	08	27	NO	AE	0	0	F		-2	1616	1652	0	0	54	47
2014	09	03	LT	AE	1	1	F	AT	5	1471	1647	+1	0	93	47
2014	09	07	PY	AE	0	0	F	AT	-2	1706	1649	−1	0	35	47
2014	10	10	AE	AU	0	0	F		-2	1647	1668	+1	+1	47	44
2014	10	14	AE	UZ	0	4	F		-26	1621	1635	−7	+7	58	52
2014	11	06	AE	LB	3	2	F	SA	5	1626	1409	+3	−1	54	109
2014	11	14	OM	AE	0	0	GLF	SA	4	1566	1622	+2	−2	66	56
2014	11	17	KW	AE	2	2	GLF	SA	5	1544	1617	+1	−3	74	59
2014	11	20	AE	IQ	2	0	GLF	SA	23	1640	1514	+8	−5	51	82
2014	11	23	SA	AE	3	2	GLF		23	1512	1617	+5	−8	84	59
2014	11	25	AE	OM	1	0	GLF	SA	17	1634	1551	+6	−1	53	68
2014	12	30	AE	JO	1	0	F	AU	7	1641	1536	+1	−1	52	75
2015	01	11	AE	QA	4	1	AC	AU	40	1681	1574	+12	−7	41	67
2015	01	15	AE	BH	2	1	AC	AU	11	1692	1456	+5	−4	37	98
2015	01	19	IR	AE	1	0	AC	AU	23	1737	1669	+5	−9	28	47
2015	01	23	JP	AE	1	1	AC	AU	-7	1758	1676	0	+3	25	45
2015	01	27	AU	AE	2	0	AC		27	1706	1649	+4	−6	39	51
2015	01	30	AE	IQ	3	2	AC	AU	17	1666	1514	+3	−5	48	78
2015	06	11	KR	AE	3	0	F	MY	14	1748	1652	+1	−3	29	50
2015	06	16	TL	AE	0	1	WQS		0	724	1652	0	0	217	50
2015	08	28	AE	MM	1	0	F		0	1652	1038	0	0	49	186
2015	09	03	AE	MY	10	0	WQS		3	1655	1146	0	0	49	171
2015	09	08	PS	AE	0	0	WQS		11	1343	1644	+2	−1	125	51
2015	10	08	SA	AE	2	1	WQS		23	1521	1621	+7	−4	79	55
2015	11	05	AE	TM	5	1	F		2	1623	1251	+1	0	53	142
2015	11	12	AE	TL	8	0	WQS		0	1623	735	0	+1	53	215
2015	11	17	MY	AE	1	2	WQS		-4	1123	1627	0	+3	173	50
2016	01	16	AE	IS	2	1	F		9	1636	1672	+1	0	49	43
2016	03	18	AE	BD	6	1	F		0	1636	901	0	0	49	202
2016	03	24	AE	PS	2	0	WQS		6	1642	1351	0	−3	49	119
2016	03	29	AE	SA	1	1	WQS		-11	1631	1527	−2	+3	50	76
2016	06	03	JO	AE	3	1	KNG	TH	29	1561	1602	+7	−9	69	59
2016	06	05	SY	AE	1	0	KNG	TH	19	1514	1583	+5	−5	80	63
2016	08	24	KP	AE	2	0	F	CN	18	1531	1565	+7	−6	75	67
2016	09	01	JP	AE	1	2	WQ		-34	1720	1599	−10	+7	38	60
2016	09	06	AE	AU	0	1	WQ		-19	1580	1734	−4	+6	63	33
2016	10	06	AE	TH	3	1	WQ		10	1590	1395	+2	−1	61	109
2016	10	11	SA	AE	3	0	WQ		28	1587	1562	+7	−8	61	67
2016	11	09	AE	BH	2	0	F		7	1569	1439	+1	−2	67	98
2016	11	15	AE	IQ	2	0	WQ		16	1585	1475	+4	−1	64	87
2017	03	23	AE	JP	0	2	WQ		-24	1561	1778	−6	+7	71	23
2017	03	28	AU	AE	2	0	WQ		12	1713	1549	+2	−2	36	72
2017	06	07	AE	LA	4	0	F	MY	1	1550	807	0	0	72	209
2017	06	13	TH	AE	1	1	WQ		4	1390	1546	−1	−1	110	73
2017	08	29	AE	SA	2	1	WQ		18	1564	1590	+3	−6	70	63
2017	09	05	IQ	AE	1	0	WQ	JO	21	1564	1543	+3	−3	70	73
2017	11	10	AE	HT	0	1	F		-14	1529	1493	−2	+6	74	81
2017	11	14	AE	UZ	1	0	F		10	1539	1610	+2	−5	72	59
2017	12	17	AE	IQ	1	0	F		8	1547	1557	+1	−2	71	70
2017	12	22	AE	OM	1	0	GLF	KW	15	1562	1449	+1	−5	70	95
2017	12	25	SA	AE	0	0	GLF	KW	-3	1611	1565	−2	+2	57	68
2017	12	28	KW	AE	0	0	GLF		2	1425	1563	+1	−3	98	71
2018	01	02	IQ	AE	0	0	GLF	KW	-1	1571	1564	0	+2	67	69
2018	01	05	OM	AE	0	0	GLF	KW	2	1533	1562	+1	−2	74	71
2018	03	22	SK	AE	2	1	KNG	TH	8	1755	1554	+1	−1	26	70
2018	03	25	GA	AE	1	0	KNG	TH	21	1436	1533	+5	−2	97	73
2018	08	18	AD	AE	0	0	F	AT	9	1047	1524	+1	−2	185	75
2018	09	06	TT	AE	2	0	F	ES	19	1442	1505	+6	−5	94	80
2018	09	11	AE	LA	3	0	F	ES	1	1506	770	+1	0	79	213
2018	10	11	HN	AE	1	1	F	ES	-2	1588	1508	−1	−1	59	80
2018	10	16	VE	AE	2	0	F	ES	6	1752	1502	+4	+1	28	81
2018	11	16	AE	BO	0	0	F		2	1504	1658	0	+1	80	46
2018	11	20	AE	YE	2	0	F		3	1507	1193	−1	0	82	165
2018	12	28	AE	KW	0	2	F		-23	1484	1438	−3	+3	85	98
2019	01	05	AE	BH	1	1	AC		-10	1474	1442	0	+2	85	96
2019	01	10	AE	IN	2	0	AC		12	1486	1271	0	−3	86	143
2019	01	14	AE	TH	1	1	AC		-15	1471	1362	−3	+4	89	114
2019	01	21	AE	KG	3	2	AC		9	1480	1294	+2	−4	87	139
2019	01	25	AE	AU	1	0	AC		34	1514	1679	+7	−4	80	45
2019	01	29	AE	QA	0	4	AC		-37	1477	1722	−7	+4	87	40
2019	03	21	AE	SA	2	1	F		10	1487	1565	+2	−2	85	65
2019	03	26	AE	SY	0	0	F		-2	1485	1532	0	+1	86	73
2019	08	30	AE	DO	4	0	F	BH	7	1492	1224	+1	−3	85	156
2019	08	31	AE	LK	5	1	F	BH	0	1492	685	0	0	85	224
2019	09	10	MY	AE	1	2	WQS		-8	1150	1500	−2	+2	169	83
2019	10	10	AE	ID	5	0	WQS		6	1506	1157	+1	−1	80	167
2019	10	15	TH	AE	2	1	WQS		23	1378	1483	+5	−6	112	85
2019	11	14	VN	AE	1	0	WQS		19	1419	1464	+6	−5	100	90
2019	11	26	AE	YE	3	0	GLF	QA	13	1477	1195	+1	−3	87	159
2019	11	29	IQ	AE	2	0	GLF	QA	18	1647	1459	+4	−5	49	92
2019	12	02	QA	AE	4	2	GLF		8	1701	1451	+1	−1	42	92
2020	10	12	AE	UZ	1	2	F		-10	1441	1571	−5	+3	96	64
2020	11	12	AE	TJ	3	2	F		3	1444	1229	+2	−2	94	149
2020	11	16	AE	BH	1	3	F		-15	1429	1564	−2	+4	96	67
2021	01	12	AE	IQ	0	0	F		3	1432	1624	+1	−1	95	52
2021	03	29	AE	IN	6	0	F		5	1437	1195	+4	0	94	161
2021	05	24	AE	JO	5	1	F		16	1453	1475	+3	−4	92	86
2021	06	03	AE	MY	4	0	WQS		8	1461	1186	+1	−1	91	163
2021	06	07	AE	TH	3	1	WQS		13	1474	1318	+4	−5	87	132
2021	06	11	AE	ID	5	0	WQS		5	1479	1102	+2	0	85	179
2021	06	15	AE	VN	3	2	WQS		12	1491	1420	+4	−4	82	101
2021	09	02	AE	LB	0	0	WQ		-12	1479	1375	−3	+6	85	108
2021	09	07	SY	AE	1	1	WQ	JO	2	1445	1477	0	0	91	85
2021	10	07	AE	IR	0	1	WQ		-8	1469	1834	−1	0	87	20
2021	10	12	AE	IQ	2	2	WQ		2	1471	1601	−1	+1	85	60
2021	11	11	KR	AE	1	0	WQ		4	1769	1467	0	−1	29	85
2021	11	16	LB	AE	0	1	WQ		-22	1380	1489	−2	+1	105	85
2021	11	30	AE	SY	2	1	ARC	QA	16	1505	1407	+4	−2	81	99
2021	12	03	AE	MR	1	0	ARC	QA	11	1516	1318	+3	−6	78	129
2021	12	06	TN	AE	1	0	ARC	QA	15	1621	1501	+4	−5	57	83
2021	12	10	QA	AE	5	0	ARC		14	1691	1487	+1	−2	44	85
2022	01	27	AE	SY	2	0	WQ		17	1504	1410	+5	−2	81	99
2022	02	01	IR	AE	1	0	WQ		3	1844	1501	0	0	19	82
2022	03	24	IQ	AE	1	0	WQ	SA	17	1571	1484	+1	−2	65	84
2022	03	29	AE	KR	1	0	WQ		32	1516	1800	+7	−5	77	27
2022	05	29	AE	GM	1	1	F		-5	1511	1440	−1	+1	78	93
2022	06	07	AU	AE	2	1	WQ	QA	11	1695	1500	+2	−3	44	81
2022	09	23	PY	AE	1	0	F	AT	4	1740	1496	0	0	36	81
2022	09	27	VE	AE	4	0	F	AT	10	1681	1486	+1	0	47	82
2022	11	16	AE	AR	0	5	F		-2	1484	2143	+1	0	81	2
2022	11	19	AE	KZ	2	1	F		5	1489	1391	0	−3	81	105
2022	12	30	AE	LB	1	0	F		4	1493	1316	0	−2	81	130
2023	01	07	BH	AE	2	1	GLF	IQ	20	1514	1473	+1	−3	79	84
2023	01	10	KW	AE	1	0	GLF	IQ	29	1333	1444	+11	−6	124	90
2023	01	13	QA	AE	1	1	GLF	IQ	-7	1557	1451	0	+3	68	88
2023	03	25	AE	TJ	0	0	F		-6	1445	1333	−3	0	93	124
2023	03	28	AE	TH	2	0	F		9	1454	1378	+2	−2	90	109
2023	09	12	AE	CR	4	1	F	HR	26	1480	1623	+4	−5	86	54
2023	10	12	AE	KW	1	0	F		5	1485	1378	+2	0	84	112
2023	10	17	AE	LB	2	1	F		3	1488	1307	+2	−1	83	136
2023	11	16	AE	NP	4	0	WQS		2	1490	928	0	0	83	195
2023	11	21	BH	AE	0	2	WQS		-38	1449	1528	−8	+11	93	72
2023	12	30	AE	KG	1	0	F		2	1530	1252	0	0	72	154
2024	01	06	AE	OM	0	1	F		-12	1518	1568	−3	+2	74	65
2024	01	14	AE	HK	3	1	AC	QA	6	1524	1074	+2	−3	72	178
2024	01	18	PS	AE	1	1	AC	QA	8	1411	1516	+2	−3	103	75
2024	01	23	IR	AE	2	1	AC	QA	7	1845	1509	0	−2	17	77
2024	01	28	TJ	AE	1	1	AC	QA	8	1400	1501	+1	−2	106	81
2024	03	21	AE	YE	2	1	WQS		2	1503	1102	0	−1	81	172
2024	03	26	AE	YE	3	0	WQS	SA	6	1509	1096	+2	−1	79	172
2024	06	06	AE	NP	4	0	WQS	SA	2	1511	894	−1	0	79	201
2024	06	11	AE	BH	1	1	WQS		-9	1502	1455	−3	+2	82	91
2024	09	05	QA	AE	1	3	WQ		-47	1584	1549	−9	+8	63	74
2024	09	10	AE	IR	0	1	WQ		-11	1538	1820	−3	+1	74	19
2024	10	10	AE	KP	1	1	WQ		-12	1526	1419	0	+2	74	101
2024	10	15	UZ	AE	1	0	WQ		7	1700	1519	0	−2	47	79
2024	11	14	AE	KG	3	0	WQ		9	1528	1284	+2	−3	77	142
2024	11	19	AE	QA	5	0	WQ		35	1563	1552	+9	−9	68	72
2024	12	21	QA	AE	1	1	GLF	KW	1	1553	1562	0	0	72	68
2024	12	24	KW	AE	2	1	GLF		28	1347	1534	+7	−7	124	75
2024	12	27	OM	AE	1	1	GLF	KW	1	1511	1533	0	0	80	75
2025	03	20	IR	AE	2	0	WQ		5	1843	1528	+1	−1	17	77
2025	03	25	AE	KP	2	1	WQ	SA	13	1541	1381	+5	−6	72	113
2025	06	05	AE	UZ	0	0	WQ		3	1544	1694	0	0	72	47
2025	06	10	KG	AE	1	1	WQ		7	1332	1537	+4	−2	127	75
2025	09	04	AE	SY	3	1	F		7	1544	1436	0	0	74	93
2025	09	08	AE	BH	1	0	F		5	1549	1448	0	+1	73	89
2025	10	11	AE	OM	2	1	WQ	QA	18	1567	1502	+1	−5	70	82
2025	10	14	QA	AE	2	1	WQ		19	1502	1548	+4	−2	81	73
2025	11	13	AE	IQ	1	1	WQ		-4	1544	1584	0	+1	73	67
2025	11	18	IQ	AE	2	1	WQ		12	1596	1532	+3	−2	64	76
2025	12	03	JO	AE	2	1	ARC	QA	16	1625	1516	+3	−3	58	79
2025	12	06	EG	AE	1	1	ARC	QA	-6	1624	1522	−2	0	58	79
2025	12	09	AE	KW	3	1	ARC	QA	16	1538	1328	+3	−8	76	127
2025	12	12	DZ	AE	1	1	ARC	QA	-10	1726	1548	−4	+2	40	74
2025	12	15	MA	AE	3	0	ARC	QA	11	1842	1537	+2	−2	20	76
2025	12	18	SA	AE	0	0	ARC	QA	-3	1592	1540	0	0	64	76