1876	03	25	SQ	WA	4	0	F		1	2011	1499	0	−	1	3
1877	03	05	WA	SQ	0	2	F		-2	1497	2031	0	0	3	1
1878	03	23	SQ	WA	9	0	F		1	2043	1496	0	0	1	3
1879	01	18	EN	WA	2	1	F		1	1962	1495	0	0	2	3
1879	04	07	WA	SQ	0	3	F		-3	1492	2037	0	0	3	1
1880	03	15	WA	EN	2	3	F		-2	1490	1967	0	0	3	2
1880	03	27	SQ	WA	5	1	F		1	2044	1489	0	0	1	3
1881	02	26	EN	WA	0	1	F		-19	1948	1508	0	0	2	3
1881	03	14	WA	SQ	1	5	F		-3	1505	2067	0	0	3	1
1882	02	25	WA	IE	7	1	F		6	1511	1291	0	0	3	4
1882	03	13	WA	EN	5	3	F		26	1537	1897	0	0	3	2
1882	03	25	SQ	WA	5	0	F		1	2076	1536	0	0	1	3
1883	02	03	EN	WA	5	0	F		3	1900	1533	0	0	2	3
1883	03	12	WA	SQ	0	3	F		-2	1531	2086	0	0	3	1
1883	03	17	IE	WA	1	1	F		4	1294	1527	0	0	4	3
1884	02	09	WA	IE	6	0	BC		11	1538	1282	0	0	3	4
1884	03	17	WA	EN	0	4	BC		-14	1524	1906	0	0	3	2
1884	03	29	SQ	WA	4	1	BC		1	2094	1523	0	0	1	3
1885	03	14	EN	WA	1	1	BC		-18	1889	1541	0	0	2	3
1885	03	23	WA	SQ	1	8	BC		-6	1535	2094	0	0	3	1
1885	04	11	IE	WA	2	8	BC		-24	1252	1559	0	0	4	3
1886	02	27	WA	IE	5	0	BC		7	1566	1245	0	0	3	4
1886	03	29	WA	EN	1	3	BC		-12	1554	1924	0	0	3	2
1886	04	10	SQ	WA	4	1	BC		2	2083	1552	0	0	1	3
1887	02	26	EN	WA	4	0	BC		5	1930	1547	0	0	2	3
1887	03	12	IE	WA	4	1	BC		54	1294	1493	0	0	4	3
1887	03	21	WA	SQ	0	2	BC		-3	1490	2103	0	0	3	1
1888	02	04	EN	WA	5	1	BC		4	1917	1486	0	0	2	3
1888	03	03	WA	IE	11	0	BC		17	1503	1277	0	0	3	4
1888	03	10	SQ	WA	5	1	BC		1	2104	1502	0	0	1	3
1889	02	23	EN	WA	4	1	BC		2	1988	1500	0	0	2	3
1889	04	15	WA	SQ	0	0	BC		17	1517	2046	0	0	3	1
1889	04	27	IE	WA	1	3	BC		-18	1253	1535	0	0	4	3
1890	02	08	WA	IE	5	2	BC	EN	12	1547	1241	0	0	3	4
1890	03	15	WA	EN	1	3	BC		-8	1539	1977	0	0	3	2
1890	03	22	SQ	WA	5	0	BC		2	2048	1537	0	0	1	3
1891	02	07	IE	WA	7	2	BC		61	1298	1476	0	0	4	3
1891	03	07	EN	WA	4	1	BC		2	1988	1474	0	0	2	3
1891	03	21	WA	SQ	3	4	BC		-3	1471	2043	0	0	3	1
1892	02	27	WA	IE	1	1	BC		-13	1458	1310	0	0	3	4
1892	03	05	WA	EN	0	2	BC		-4	1454	2012	0	0	3	2
1892	03	26	SQ	WA	6	1	BC		2	2029	1452	0	0	1	3
1893	03	13	EN	WA	6	0	BC		1	2060	1451	0	0	1	3
1893	03	18	WA	SQ	0	8	BC		-7	1444	1990	0	0	3	2
1893	04	08	IE	WA	4	3	BC		22	1327	1422	0	0	4	3
1894	02	24	WA	IE	4	1	BC		17	1439	1310	0	0	3	4
1894	03	12	WA	EN	1	5	BC		-4	1435	2064	0	0	3	1
1894	03	24	SQ	WA	5	2	BC		2	1974	1433	0	0	2	3
1895	03	16	IE	WA	2	2	BC		0	1326	1433	0	0	4	3
1895	03	18	EN	WA	1	1	BC		-19	2047	1452	0	0	1	3
1895	03	23	WA	SQ	2	2	BC		17	1469	1958	0	0	3	2
1896	02	29	WA	IE	6	1	BC		16	1485	1309	0	0	3	4
1896	03	16	WA	EN	1	9	BC		-6	1479	2072	0	0	3	1
1896	03	21	SQ	WA	4	0	BC		3	1944	1476	0	0	2	3
1897	03	06	IE	WA	4	3	BC		23	1348	1453	0	0	4	3
1897	03	20	WA	SQ	2	2	BC		16	1469	1933	0	0	3	2
1897	03	29	EN	WA	4	0	BC		1	2051	1468	0	0	1	3
1898	02	19	WA	IE	0	1	BC		-31	1437	1378	0	0	3	4
1898	03	19	SQ	WA	5	2	BC		2	1967	1435	0	0	2	3
1898	03	28	WA	EN	0	3	BC		-4	1431	2026	0	0	3	1
1899	03	04	IE	WA	1	0	BC		18	1389	1413	0	0	4	3
1899	03	18	WA	SQ	0	6	BC		-7	1406	1944	0	0	3	2
1899	03	20	EN	WA	4	0	BC		1	2062	1405	0	0	1	3
1900	02	03	SQ	WA	5	2	BC		2	1939	1403	0	0	2	3
1900	02	24	WA	IE	2	0	BC		20	1423	1367	0	0	3	4
1900	03	26	WA	EN	1	1	BC		18	1441	2055	0	0	3	1
1901	03	02	WA	SQ	1	1	BC		17	1458	1964	0	0	3	2
1901	03	18	EN	WA	6	0	BC		2	2022	1456	0	0	1	3
1901	03	23	IE	WA	0	1	BC		-20	1338	1476	0	0	4	3
1902	02	22	WA	IE	0	3	BC		-56	1420	1394	0	0	3	4
1902	03	03	WA	EN	0	0	BC		18	1438	1995	0	0	3	1
1902	03	15	SQ	WA	5	1	BC		2	1979	1436	0	0	2	3
1903	03	02	EN	WA	2	1	BC		1	1997	1435	0	0	2	7
1903	03	09	WA	SQ	0	1	BC		-3	1432	1986	0	0	7	3
1903	03	28	IE	WA	2	0	BC		21	1465	1411	0	0	7	8
1904	02	29	WA	EN	2	2	BC		17	1428	1951	0	−1	9	3
1904	03	12	SQ	WA	1	1	BC		-19	1937	1447	−1	0	3	9
1904	03	21	WA	IE	0	1	BC		-25	1422	1484	0	0	9	8
1905	03	06	WA	SQ	3	1	BC		54	1476	1844	0	−3	12	7
1905	03	27	EN	WA	3	1	BC		2	1964	1474	0	0	2	12
1905	04	08	IE	WA	2	2	BC		-8	1504	1482	0	0	10	12
1906	03	03	SQ	WA	0	2	BC		-56	1785	1538	0	+3	8	11
1906	03	19	WA	EN	0	1	BC		-5	1533	1987	0	0	11	2
1906	04	02	WA	IE	4	4	BC		-8	1525	1493	0	0	11	14
1907	02	23	IE	WA	2	3	BC		-24	1468	1549	−1	0	16	12
1907	03	04	WA	SQ	1	0	BC		29	1578	1791	+1	0	11	10
1907	03	18	EN	WA	1	1	BC		-18	1956	1596	0	0	2	11
1908	03	07	SQ	WA	2	1	BC		6	1816	1590	+1	−1	9	12
1908	03	16	WA	EN	1	7	BC		-13	1577	1997	0	0	12	2
1908	04	11	WA	IE	0	1	BC		-32	1545	1474	0	0	13	17
1909	03	01	WA	SQ	3	2	BC		30	1575	1805	+1	0	14	10
1909	03	15	EN	WA	2	0	BC		1	2150	1574	0	0	1	14
1909	03	20	IE	WA	2	3	BC		-20	1447	1594	0	0	19	14
1910	03	05	SQ	WA	1	0	BC		6	1813	1588	0	0	10	14
1910	03	14	WA	EN	0	1	BC		-2	1586	2190	0	0	14	1
1910	04	11	WA	IE	4	1	BC		18	1604	1480	0	−1	14	18
1911	01	28	IE	WA	1	2	BC		-19	1461	1623	−1	0	20	15
1911	03	06	WA	SQ	2	2	BC		6	1629	1826	0	0	15	9
1911	03	13	EN	WA	3	0	BC		2	2153	1627	0	0	1	15
1912	03	02	SQ	WA	1	0	BC		5	1852	1622	+1	0	8	15
1912	03	11	WA	EN	0	2	BC		-5	1617	2155	0	0	15	1
1912	04	13	WA	IE	2	3	BC		-33	1584	1476	0	0	15	21
1913	01	18	IE	WA	0	1	BC		-20	1456	1604	−1	0	22	16
1913	03	03	WA	SQ	0	0	BC		9	1613	1864	+2	−1	14	8
1913	03	17	EN	WA	4	3	BC		1	2177	1612	0	0	1	14
1914	01	19	WA	IE	1	2	BC		-31	1581	1519	−2	+1	17	20
1914	02	28	SQ	WA	0	0	BC		-16	1851	1597	−1	+2	8	16
1914	03	16	WA	EN	0	2	BC		-5	1592	2120	−1	0	17	1
1919	10	11	WA	EN	2	1	F		18	1610	2056	+2	0	18	1
1919	10	18	EN	WA	2	0	F		1	2057	1609	0	0	1	18
1920	02	14	IE	WA	2	2	BC		-6	1609	1615	−1	+1	19	18
1920	02	26	WA	SQ	1	1	BC		9	1624	1873	0	0	18	8
1920	03	15	EN	WA	1	2	BC		-38	1982	1662	−1	+2	2	16
1921	02	12	SQ	WA	2	1	BC		6	1878	1656	0	0	9	17
1921	03	14	WA	EN	0	0	BC		10	1666	1944	0	−1	17	4
1921	04	09	WA	IE	2	1	BC		11	1677	1582	+1	0	16	23
1922	02	04	WA	SQ	2	1	BC		28	1705	1897	+2	−1	17	7
1922	03	13	EN	WA	1	0	BC		5	1931	1700	0	−2	5	18
1922	04	01	EI	WA	1	1	BC		-6	1695	1706	−2	+2	19	16
1923	03	05	WA	EN	2	2	BC		6	1712	1906	0	0	16	5
1923	03	17	SQ	WA	2	0	BC		8	1950	1704	0	−1	3	17
1923	04	14	WA	EI	0	3	BC		-48	1656	1713	−6	+7	23	16
1924	02	16	WA	SQ	2	0	BC		45	1701	1898	+6	−4	18	7
1924	03	03	EN	WA	1	2	BC		-34	1870	1735	−3	+2	9	16
1924	03	15	EI	WA	0	1	BC		-25	1703	1760	−1	0	18	16
1924	10	04	WA	ZA	1	0	F		8	1768	1785	+1	−1	17	14
1925	02	14	SQ	WA	3	1	BC		12	1924	1756	0	0	4	18
1925	02	28	WA	EN	1	2	BC		-17	1739	1919	0	0	18	5
1925	04	18	WA	EI	0	0	BC		-9	1730	1670	0	+1	18	24
1925	10	31	WA	SQ	0	3	BC		-22	1708	1987	−2	+1	19	2
1926	02	13	EI	WA	3	0	BC		28	1707	1680	+6	−6	19	25
1926	03	01	EN	WA	1	3	BC		-53	1872	1733	−2	+6	7	19
1926	10	30	SQ	WA	3	0	BC		7	2021	1726	+1	−1	1	17
1927	02	12	WA	EN	3	3	BC		2	1728	1853	0	0	16	9
1927	04	09	WA	EI	2	2	BC		-7	1721	1705	−1	+2	18	20
1927	10	29	WA	SQ	2	2	BC		10	1731	1992	+1	0	17	3
1927	11	28	EN	WA	1	2	BC		-32	1846	1763	−1	+1	9	16
1928	02	04	EI	WA	1	2	BC		-25	1719	1788	−1	+2	18	14
1928	10	27	SQ	WA	4	2	BC		9	2001	1779	0	0	3	14
1928	11	17	WA	EN	2	3	BC		-22	1757	1868	−2	0	16	10
1929	02	02	WA	EI	2	2	BC		-7	1750	1731	0	0	16	17
1929	10	26	WA	SQ	2	4	BC		-15	1735	2050	−1	+2	16	1
1929	11	20	EN	WA	6	0	BC		12	1956	1723	+1	0	4	17
1930	02	01	EI	WA	7	0	BC		37	1724	1686	+3	−3	17	20
1930	10	25	SQ	WA	1	1	BC		-17	2006	1703	0	+2	3	19
1930	11	22	WA	EN	0	4	BC		-18	1685	2017	−2	+1	21	3
1931	04	22	WA	EI	3	2	BC		16	1701	1705	+1	0	19	18
1931	10	31	WA	SQ	2	3	BC		-10	1691	2004	−1	0	19	3
1931	11	18	EN	WA	3	1	BC		5	1996	1686	0	−1	4	20
1931	12	05	EI	WA	4	0	BC		28	1707	1658	+4	−4	18	24
1932	10	26	SQ	WA	2	5	BC		-65	1939	1723	−1	+8	6	17
1932	11	16	WA	EN	0	0	BC		11	1734	2024	0	0	17	2
1932	12	07	WA	EI	4	1	BC		21	1755	1663	+3	−3	14	27
1933	05	25	FR	WA	1	1	F		1	1606	1754	0	0	32	14
1933	10	04	WA	SQ	3	2	BC		24	1778	1899	+3	−1	12	8
1933	11	04	EI	WA	1	1	BC		0	1684	1778	0	0	23	12
1933	11	15	EN	WA	1	2	BC		-35	2000	1813	−1	+1	3	11
1934	09	29	WA	EN	0	4	BC		-29	1784	2023	0	+1	13	2
1934	11	21	SQ	WA	3	2	BC		11	1868	1773	+1	0	10	13
1935	03	27	WA	EI	3	1	BC		17	1790	1689	0	0	13	18
1935	10	05	WA	SQ	1	1	BC		2	1792	1917	0	0	14	6
1936	02	05	EN	WA	1	2	BC		-34	1976	1826	−2	+1	4	12
1936	03	11	EI	WA	3	2	BC		23	1693	1803	+4	−1	20	13
1936	10	17	WA	EN	2	1	BC		22	1825	1919	+1	−1	12	6
1936	12	02	SQ	WA	1	2	BC		-32	1924	1857	−3	+1	7	11
1937	03	17	WA	EI	4	1	BC		11	1868	1657	0	−2	11	25
1937	10	30	WA	SQ	2	1	BC		20	1888	1948	+1	−2	9	5
1937	11	17	EN	WA	2	1	BC		11	1978	1877	0	0	3	9
1938	03	16	EI	WA	1	0	BC		27	1682	1850	+4	−3	24	12
1938	10	22	WA	EN	4	2	BC		31	1881	1932	+1	−3	9	7
1938	11	09	SQ	WA	3	2	BC		9	2003	1872	0	0	3	9
1939	03	15	WA	EI	3	1	BC		8	1880	1649	0	−3	9	32
1939	05	20	FR	WA	2	1	F		13	1684	1867	+3	0	24	9
1945	10	20	EN	WA	0	1	BC		-30	1933	1897	−2	+2	6	8
1945	11	10	SQ	WA	2	0	BC		15	1998	1882	0	−2	3	10
1946	05	04	WA	EI	0	1	BC		-35	1847	1667	−1	+7	10	29
1946	10	19	WA	SQ	3	1	BC		36	1883	1976	+1	0	9	3
1946	11	13	EN	WA	3	0	BC		20	1967	1863	0	0	5	9
1947	04	16	EI	WA	2	1	BC		26	1686	1837	+4	−1	27	10
1947	10	18	WA	EN	0	3	BC		-31	1806	2007	−2	+1	14	3
1947	11	12	SQ	WA	1	2	BC		-30	1876	1836	−1	+1	8	13
1948	03	10	WA	EI	2	0	BC		15	1851	1730	+1	0	12	18
1948	10	23	WA	SQ	1	3	BC		-41	1810	1864	−3	+2	13	10
1948	11	10	EN	WA	1	0	BC		5	2070	1805	0	0	2	12
1949	03	09	EI	WA	0	2	BC		-31	1682	1836	−7	0	29	12
1949	05	15	PT	WA	3	2	F		11	1700	1825	0	0	27	11
1949	05	22	BE	WA	3	1	F		21	1609	1804	+3	0	36	11
1949	05	26	CH	WA	4	0	F		17	1748	1787	+3	−3	17	14
1949	10	15	WA	EN	1	4	WQB		-24	1763	2019	−1	+1	15	2
1949	11	09	SQ	WA	2	0	WQB		9	1969	1754	0	0	6	15
1949	11	23	WA	BE	5	1	F		9	1763	1634	0	−3	15	35
1950	03	08	WA	EI	0	0	WQB		-11	1752	1662	0	+2	15	29
1950	10	21	WA	SQ	1	3	BC		-22	1730	1975	−5	+1	20	5
1950	11	15	EN	WA	4	2	BC		7	2001	1723	0	0	3	20
1951	03	07	EI	WA	1	2	BC		-21	1619	1744	−3	+3	35	17
1951	05	12	WA	PT	2	1	F		6	1750	1672	+1	−2	15	29
1951	05	16	WA	CH	3	2	F		7	1757	1733	0	0	15	17
1951	10	20	WA	EN	1	1	BC		6	1763	1967	0	0	15	5
1951	11	14	SQ	WA	0	1	BC		-35	1964	1798	−2	+1	5	14
1952	03	19	WA	EI	3	0	BC		11	1809	1592	0	−2	14	40
1952	10	18	WA	SQ	1	2	BC		-19	1790	1953	0	0	14	5
1952	11	12	EN	WA	5	2	BC		10	2008	1780	0	−1	4	15
1953	04	15	EI	WA	2	3	BC		-17	1602	1797	−2	0	39	14
1953	05	14	FR	WA	6	1	F		17	1773	1780	+1	0	15	14
1953	05	21	YU	WA	5	2	F		7	1937	1773	0	0	5	14
1953	10	10	WA	EN	1	4	WQB		-23	1750	2022	−3	0	18	3
1953	11	04	SQ	WA	3	3	WQB		-14	1929	1764	−1	+1	6	17
1954	03	31	WA	EI	1	2	WQB		-33	1731	1619	−2	+6	18	39
1954	05	09	AT	WA	2	0	F		7	1861	1724	0	0	11	19
1954	09	22	WA	YU	1	3	F		-11	1713	1925	−2	0	21	9
1954	10	16	WA	SQ	0	1	BC		-21	1692	1825	−3	+1	24	12
1954	11	10	EN	WA	3	2	BC		4	1986	1688	0	0	5	23
1955	04	20	EI	WA	2	3	BC		-22	1600	1710	−2	+3	42	23
1955	10	22	WA	EN	2	1	BC		29	1739	1953	+3	−1	21	6
1955	11	09	SQ	WA	2	0	BC		17	1823	1722	+1	−1	12	22
1955	11	23	WA	AT	1	2	F		-7	1715	1933	−3	0	24	7
1956	04	11	WA	EI	1	1	BC		-10	1705	1631	0	+1	23	38
1956	10	20	WA	SQ	2	2	BC		1	1706	1824	0	0	23	12
1956	11	14	EN	WA	3	1	BC		6	1989	1700	0	−3	4	26
1957	04	10	EI	WA	0	0	BC		-3	1643	1703	0	0	37	25
1957	05	01	WA	CS	1	0	WQ		22	1725	1823	+6	−2	20	14
1957	05	19	DD	WA	2	1	WQ		28	1506	1697	+6	−7	63	27
1957	05	26	CS	WA	2	0	WQ		12	1855	1685	+1	−2	12	29
1957	09	25	WA	DD	4	1	WQ		11	1696	1491	+2	−1	27	67
1957	10	19	WA	EN	0	4	BC		-16	1680	2032	−4	0	31	3
1957	11	13	SQ	WA	1	1	BC		-13	1849	1693	0	+4	12	28
1958	01	15	IL	WA	0	2	WQ		-19	1443	1712	−5	+1	81	27
1958	02	05	WA	IL	2	0	WQ		6	1718	1437	+1	0	26	81
1958	04	16	WA	EI	1	1	BC		-5	1713	1735	−1	+2	27	21
1958	06	08	HU	WA	1	1	WC	SE	-24	2057	1737	0	+6	1	22
1958	06	11	MX	WA	1	1	WC	SE	-1	1742	1738	−1	−1	21	23
1958	06	15	SE	WA	0	0	WC		-18	1859	1756	−3	+3	12	20
1958	06	17	WA	HU	2	1	WC	SE	50	1806	1986	+5	0	15	2
1958	06	19	BR	WA	1	0	WC	SE	12	2064	1794	0	+1	1	14
1958	10	18	WA	SQ	0	3	BC		-47	1747	1817	−7	+5	21	13
1958	11	26	EN	WA	2	2	BC		-14	1948	1761	−1	+1	4	20
1959	04	22	EI	WA	4	1	BC		24	1799	1737	+2	−3	15	24
1959	10	17	WA	EN	1	1	BC		4	1741	1912	0	−2	26	7
1959	11	04	SQ	WA	1	1	BC		-11	1844	1752	0	+3	13	22
1960	04	06	WA	EI	3	2	BC		14	1766	1730	+4	0	19	25
1960	09	28	IE	WA	2	3	F		-13	1762	1779	−4	+1	21	17
1960	10	22	WA	SQ	2	0	BC		23	1802	1779	+3	−3	15	18
1960	11	23	EN	WA	5	1	BC		16	1947	1786	+1	−3	6	18
1961	04	12	EI	WA	1	5	BC		-35	1632	1821	−5	+1	40	15
1961	04	19	WA	ES	1	2	WQ		-20	1801	1948	0	+2	15	7
1961	05	18	ES	WA	1	1	WQ		-12	1936	1813	−1	0	8	16
1961	05	28	HU	WA	3	2	F		3	2021	1810	0	0	2	15
1961	10	14	WA	EN	1	1	BC		3	1813	1955	0	0	15	5
1961	11	08	SQ	WA	2	0	BC		17	1887	1796	+1	−1	12	17
1962	04	11	WA	EI	4	0	BC		12	1808	1595	+1	−2	15	46
1962	05	12	BR	WA	3	1	F		3	2100	1805	0	0	1	15
1962	05	16	BR	WA	3	1	F		3	2103	1802	0	0	1	15
1962	05	22	MX	WA	2	1	F		7	1809	1795	0	−1	15	16
1962	10	20	WA	SQ	2	3	BC		-21	1774	1900	−1	0	18	10
1962	11	07	HU	WA	3	1	EQ		9	1980	1765	0	−1	4	20
1962	11	21	EN	WA	4	0	BC		14	1941	1751	+2	−2	7	22
1963	03	20	WA	HU	1	1	EQ		8	1759	1988	0	0	21	3
1963	04	03	EI	WA	1	4	BC		-33	1603	1792	−6	+2	48	19
1963	10	12	WA	EN	0	4	BC		-36	1756	1946	−6	+5	24	4
1963	11	20	SQ	WA	2	1	BC		8	1912	1748	0	0	9	24
1964	04	15	WA	EI	2	3	BC		-31	1717	1660	−1	+9	26	34
1964	10	03	WA	SQ	3	2	BC		26	1743	1905	+1	−3	25	9
1964	10	21	DK	WA	1	0	WQ		20	1655	1723	+4	0	37	24
1964	11	18	EN	WA	2	1	BC		6	1927	1717	+2	−2	5	26
1964	12	09	GR	WA	2	0	WQ		38	1556	1679	+12	−6	57	33
1965	03	17	WA	GR	4	1	WQ		15	1694	1533	+2	−3	30	61
1965	03	31	EI	WA	0	5	BC		-49	1621	1743	−8	+7	42	23
1965	05	01	IT	WA	4	1	F		6	1926	1737	+1	0	5	24
1965	05	30	SU	WA	2	1	WQ		5	1981	1732	0	0	1	26
1965	10	02	WA	EN	0	0	BC		7	1739	1943	0	0	26	5
1965	10	27	WA	SU	2	1	WQ		28	1767	1954	+4	0	22	4
1965	11	24	SQ	WA	4	1	BC		17	1883	1750	+2	−3	10	27
1965	12	01	WA	DK	4	2	WQ		13	1763	1615	+2	−2	25	44
1966	03	30	WA	EI	1	4	BC		-53	1710	1713	−5	+9	29	28
1966	05	14	BR	WA	3	1	F		3	2001	1707	0	0	1	29
1966	05	18	BR	WA	1	0	F		2	1996	1705	0	0	2	29
1966	05	22	CL	WA	2	0	F		8	1781	1697	+3	−2	18	31
1966	10	22	WA	SQ	1	1	EQB		0	1697	1800	0	0	31	16
1966	11	16	EN	WA	5	1	EQB		4	2091	1693	0	−1	1	31
1967	04	12	EI	WA	0	0	EQB		-6	1698	1699	−1	+1	32	31
1967	10	21	WA	EN	0	3	EQB		-12	1687	2077	−1	0	32	1
1967	11	22	SQ	WA	3	2	EQB		7	1850	1680	+1	−1	13	33
1968	02	28	WA	EI	2	0	EQB		25	1705	1693	+4	−5	30	33
1968	05	08	WA	WG	1	1	F		5	1710	1997	0	0	29	3
1968	10	23	WA	IT	0	1	WQ		-12	1698	1976	−2	0	30	5
1969	03	26	WG	WA	1	1	F		-8	2003	1706	0	0	2	29
1969	04	16	DD	WA	2	1	WQ		8	1868	1698	+1	−1	11	30
1969	05	03	WA	SQ	3	5	BC		-23	1675	1901	−3	+2	33	8
1969	05	07	EN	WA	2	1	BC		2	2071	1673	0	0	1	33
1969	05	10	EI	WA	0	0	BC		-10	1745	1683	−2	0	25	33
1969	10	22	WA	DD	1	3	WQ		-23	1660	1891	−2	+1	36	9
1969	11	04	IT	WA	4	1	WQ		6	1985	1654	0	−1	4	37
1970	04	18	WA	EN	1	1	BC		15	1669	2074	+1	0	38	1
1970	04	22	SQ	WA	0	0	BC		-13	1839	1682	−2	+3	12	35
1970	04	25	WA	EI	1	0	BC		16	1698	1699	+1	−4	34	32
1970	11	11	WA	RO	0	0	EQ		1	1699	1808	+3	0	32	17
1971	04	21	WA	CS	1	3	EQ		-28	1671	1849	−5	+3	38	10
1971	05	15	WA	SQ	0	0	BC		1	1672	1791	+1	0	37	19
1971	05	19	EN	WA	0	0	BC		-18	2037	1690	−1	+1	3	36
1971	05	22	EI	WA	1	0	BC		12	1739	1678	+3	−1	27	37
1971	05	26	FI	WA	0	1	EQ		-11	1403	1689	−2	+1	94	36
1971	10	13	WA	FI	3	0	EQ		7	1696	1388	+5	0	33	92
1971	10	27	CS	WA	1	0	EQ		7	1878	1689	+2	−5	8	38
1971	11	24	RO	WA	2	0	EQ		13	1821	1676	+2	0	14	38
1972	05	20	WA	EN	0	3	BC		-14	1662	2030	−1	0	38	3
1972	05	24	SQ	WA	1	0	BC		9	1797	1653	+3	−3	17	41
1972	05	27	WA	EI	0	0	BC		1	1654	1762	0	−1	41	25
1972	11	15	WA	EN	0	1	WQ		-8	1646	2012	−1	0	38	3
1973	01	24	EN	WA	1	1	WQ		-17	1995	1663	0	+1	3	39
1973	03	28	WA	PL	2	0	WQ		46	1709	1919	+8	−3	31	7
1973	05	12	WA	SQ	0	2	BC		-29	1680	1852	−4	+5	34	14
1973	05	15	EN	WA	3	0	BC		5	2021	1675	0	−1	3	35
1973	05	19	EI	WA	1	0	BC	EN	16	1766	1659	+1	−4	25	39
1973	09	26	PL	WA	3	0	WQ		6	1975	1653	0	0	5	37
1974	05	11	WA	EN	0	2	BC		-13	1640	1994	−3	0	39	4
1974	05	14	SQ	WA	2	0	BC		12	1791	1628	+3	−1	20	40
1974	05	18	WA	EI	1	0	BC		24	1652	1777	+4	−3	36	22
1974	09	04	AT	WA	2	1	EQ		7	1823	1645	0	−1	18	37
1974	10	30	WA	HU	2	0	EQ		43	1688	1858	+6	−5	32	14
1974	11	20	WA	LU	5	0	EQ		5	1693	1310	0	−2	32	115
1975	04	16	HU	WA	1	2	EQ		-33	1820	1726	−2	+3	18	28
1975	05	01	LU	WA	1	3	EQ		-8	1299	1734	0	+1	117	27
1975	05	17	WA	SQ	2	2	BC		3	1737	1892	0	−1	27	10
1975	05	21	EN	WA	2	2	BC		-15	1975	1752	0	+2	5	25
1975	05	23	EI	WA	1	0	BC		12	1812	1740	0	−2	20	27
1975	11	19	WA	AT	1	0	EQ		19	1759	1797	+1	0	25	19
1976	03	24	WA	EN	1	2	F		-7	1752	1985	0	0	27	5
1976	04	24	YU	WA	2	0	EQ		9	1954	1743	0	0	7	28
1976	05	06	SQ	WA	3	1	BC		11	1912	1732	0	0	10	28
1976	05	08	WA	EN	0	1	BC		-12	1720	1997	−1	0	29	4
1976	05	14	WA	EI	1	0	BC		17	1737	1745	+1	0	28	27
1976	05	22	WA	YU	1	1	EQ		6	1743	1948	0	0	28	7
1976	10	06	WA	WG	0	2	F		-5	1738	2128	0	0	27	1
1976	11	17	SQ	WA	1	0	WQ		6	1935	1732	0	0	9	26
1977	03	30	WA	CS	3	0	WQ		51	1783	1953	+5	−2	21	6
1977	05	28	WA	SQ	0	0	BC		3	1786	1939	0	0	21	7
1977	05	31	EN	WA	0	1	BC		-33	1928	1819	−2	+2	8	19
1977	06	03	EI	WA	1	1	BC		0	1721	1819	0	0	28	19
1977	09	06	WA	KW	0	0	F		-6	1813	1672	0	+1	19	37
1977	09	20	KW	WA	0	0	F		1	1673	1812	0	0	37	19
1977	10	12	SQ	WA	2	0	WQ	EN	16	1998	1796	0	−1	4	20
1977	11	16	CS	WA	1	0	WQ		10	1889	1786	0	−1	13	21
1977	12	14	WG	WA	1	1	F		-9	2131	1795	0	+1	1	21
1978	04	18	IR	WA	0	1	F		-13	1787	1808	−2	+3	22	19
1978	05	13	WA	EN	1	3	BC		-28	1780	1956	−2	+2	22	6
1978	05	17	SQ	WA	1	1	BC		-14	1970	1794	0	+1	4	21
1978	05	19	WA	EI	1	0	BC		12	1806	1727	+1	−1	20	27
1978	10	25	WA	MT	7	0	EQ		4	1810	1350	+2	−1	18	102
1978	11	29	WA	TR	1	0	EQ		7	1817	1632	+1	−1	17	42
1979	05	02	WA	WG	0	2	EQ		-22	1795	2028	−4	+3	21	3
1979	05	19	WA	SQ	3	0	BC		34	1829	1853	+5	−1	16	15
1979	05	23	EN	WA	0	0	BC		-14	2017	1843	−1	0	5	16
1979	05	25	EI	WA	1	1	BC		-1	1758	1844	0	0	24	16
1979	06	02	MT	WA	0	2	EQ		-6	1358	1850	−2	+1	102	15
1979	09	11	WA	IE	2	1	F		4	1854	1718	+1	−2	15	27
1979	10	17	WG	WA	5	1	EQ		12	2054	1842	0	−1	2	17
1979	11	21	TR	WA	1	0	EQ		25	1672	1817	+5	−2	36	19
1980	05	17	WA	EN	4	1	BC		50	1867	2026	+1	−2	16	4
1980	05	21	SQ	WA	1	0	BC		18	1819	1849	0	0	18	16
1980	05	23	WA	EI	0	1	BC		-30	1819	1789	−1	+3	17	20
1980	06	02	IS	WA	0	4	WQ		-9	1353	1828	0	+1	98	16
1980	10	15	WA	TR	4	0	WQ		10	1838	1600	0	−2	16	48
1980	11	19	WA	CS	1	0	WQ		19	1857	1898	+1	0	15	13
1981	02	24	IE	WA	1	3	F		-15	1736	1872	0	0	26	15
1981	03	25	TR	WA	0	1	WQ		-11	1583	1883	−2	+1	49	14
1981	05	16	WA	SQ	2	0	BC		17	1900	1803	+2	−3	13	22
1981	05	20	EN	WA	0	0	BC		-9	1951	1909	−2	+1	7	12
1981	05	30	WA	SU	0	0	WQ		-3	1906	1960	0	0	12	6
1981	09	09	CS	WA	2	0	WQ		23	1915	1883	+4	−2	10	15
1981	10	14	WA	IS	2	2	WQ		-18	1865	1498	−1	+3	16	73
1981	11	18	SU	WA	3	0	WQ		15	2003	1850	0	0	4	16
1982	03	24	ES	WA	1	1	F		-4	1887	1854	0	0	15	16
1982	04	27	WA	EN	0	1	BC		-22	1832	1937	−1	+4	17	6
1982	05	24	SQ	WA	1	0	BC		14	1861	1818	0	0	16	17
1982	05	27	WA	EI	3	0	BC		20	1838	1741	0	−5	17	28
1982	06	02	FR	WA	0	1	F		-14	1880	1852	−2	+1	15	16
1982	09	22	WA	NO	1	0	EQ		4	1856	1548	+1	−1	14	60
1982	12	15	YU	WA	4	4	EQ		-6	1855	1862	−1	+1	15	14
1983	02	23	EN	WA	2	1	BC		7	2027	1855	0	0	2	14
1983	04	27	WA	BG	1	0	EQ		7	1862	1692	+2	0	12	34
1983	05	28	WA	SQ	0	2	BC		-42	1820	1856	−4	+2	17	15
1983	05	31	EI	WA	0	1	BC		-24	1768	1844	−3	+1	23	16
1983	06	12	WA	BR	1	1	F		5	1849	2118	0	0	16	1
1983	09	21	NO	WA	0	0	EQ		9	1594	1840	+3	−1	46	16
1983	10	12	WA	RO	5	0	F		14	1854	1817	0	−1	16	19
1983	11	16	BG	WA	1	0	EQ		20	1775	1834	+2	−2	26	19
1983	12	14	WA	YU	1	1	EQ		-5	1829	1851	−2	0	20	15
1984	02	28	SQ	WA	2	1	BC		14	1848	1815	+2	−3	16	23
1984	05	02	WA	EN	1	0	BC		24	1839	1970	+3	0	18	3
1984	05	22	WA	EI	1	1	BC		-6	1833	1831	−1	0	19	20
1984	06	06	NO	WA	1	0	F		14	1615	1819	+2	−2	42	20
1984	06	10	IL	WA	0	0	F		0	1709	1819	0	0	32	20
1984	09	12	IS	WA	1	0	WQ		33	1487	1786	+7	−2	76	21
1984	10	17	ES	WA	3	0	WQ		17	1899	1769	+4	−5	9	26
1984	11	14	WA	IS	2	1	WQ		4	1773	1493	+1	0	26	71
1985	02	26	WA	NO	1	1	F		-5	1768	1673	−1	+2	26	34
1985	03	27	SQ	WA	0	1	WQ		-30	1839	1798	−4	+4	15	23
1985	04	30	WA	ES	3	0	WQ		34	1832	1852	+5	−2	17	11
1985	06	05	NO	WA	4	2	F		18	1691	1814	+3	−2	33	20
1985	09	10	WA	SQ	1	1	WQ		-3	1811	1865	−1	0	22	11
1985	10	16	WA	HU	0	3	F		-20	1791	1875	−5	+6	25	9
1986	02	25	SA	WA	1	2	F		-8	1604	1799	−3	+1	47	24
1986	03	26	IE	WA	0	1	F		-10	1700	1809	−1	+1	32	23
1986	04	21	WA	UY	0	0	F		-2	1807	1852	0	0	23	15
1986	05	10	CA	WA	2	0	F		17	1667	1790	+2	−4	34	27
1986	05	19	CA	WA	0	3	F		-16	1651	1806	−2	+5	36	22
1986	09	10	FI	WA	1	1	EQ		8	1572	1798	+1	−2	56	21
1987	02	18	WA	SU	0	0	F		3	1801	1990	+2	−1	17	4
1987	04	01	WA	FI	4	0	EQ		9	1810	1549	−1	−3	18	61
1987	04	29	WA	CS	1	1	EQ		-2	1808	1873	+1	−1	17	13
1987	09	09	WA	DK	1	0	EQ		21	1829	1902	+3	−2	17	9
1987	10	14	DK	WA	1	0	EQ		11	1908	1818	0	−1	8	18
1987	11	11	CS	WA	2	0	EQ		21	1843	1797	+2	−2	16	21
1988	03	23	WA	YU	1	2	F		-12	1785	1848	−2	+2	22	15
1988	04	27	SE	WA	4	1	F		6	1953	1779	+1	−3	5	24
1988	06	01	MT	WA	2	3	F		-4	1414	1783	0	+1	86	23
1988	06	04	IT	WA	0	1	F		-17	1936	1800	0	+1	6	22
1988	09	14	NL	WA	1	0	WQ		5	2055	1795	0	−2	1	23
1988	10	19	WA	FI	2	2	WQ		-14	1781	1613	−1	+2	26	46
1989	02	08	IL	WA	3	3	F		2	1616	1779	−1	0	45	23
1989	04	26	WA	SE	0	2	F		-12	1767	1963	−1	0	24	6
1989	05	31	WA	WG	0	0	WQ		7	1774	1991	0	0	25	3
1989	09	06	FI	WA	1	0	WQ		25	1617	1749	+4	−2	44	27
1989	10	11	WA	NL	1	2	WQ		-10	1739	2059	−2	0	29	1
1989	11	15	WG	WA	2	1	WQ		5	2000	1734	0	+1	2	29
1990	03	28	IE	WA	1	0	F		4	1891	1730	−1	−1	15	30
1990	04	25	SE	WA	4	2	F		4	1949	1726	0	0	7	30
1990	05	20	WA	CR	1	0	F		5	1731	1611	0	−1	30	48
1990	09	11	DK	WA	1	0	F		3	1907	1728	0	−1	9	30
1990	10	17	WA	BE	3	1	EQ		32	1760	1816	+3	−3	26	19
1990	11	14	LU	WA	0	1	EQ		-2	1175	1762	−1	0	143	26
1991	02	06	WA	IE	0	3	F		-16	1746	1903	−4	+1	29	9
1991	03	27	BE	WA	1	1	EQ		-9	1815	1755	0	+3	18	27
1991	05	01	WA	IS	1	0	F		3	1758	1552	+1	0	26	57
1991	05	29	PL	WA	0	0	F		-4	1786	1762	0	+2	22	24
1991	06	05	WA	DE	1	0	EQ		31	1793	2057	+2	0	22	1
1991	09	11	WA	BR	1	0	F		12	1805	1940	+2	0	19	6
1991	10	16	DE	WA	4	1	EQ		8	2076	1797	0	−1	1	20
1991	11	13	WA	LU	1	0	EQ		1	1798	1179	0	0	20	151
1992	02	19	IE	WA	0	1	F		-15	1897	1813	0	+2	10	18
1992	04	29	AT	WA	1	1	F		3	1616	1810	+1	−1	48	18
1992	05	20	RO	WA	5	1	WQ		28	1830	1782	+4	−4	17	23
1992	05	30	NL	WA	4	0	F		6	1962	1776	0	0	6	23
1992	06	03	AR	WA	1	0	KRN	JP	7	1994	1769	0	−3	3	26
1992	06	07	JP	WA	0	1	KRN		-5	1368	1774	−3	+2	108	24
1992	09	09	WA	FO	6	0	WQ		2	1776	1227	+1	−1	25	148
1992	10	14	CY	WA	0	1	WQ		-5	1319	1781	−1	0	121	25
1992	11	18	BE	WA	2	0	WQ		16	1874	1765	+2	−3	13	28
1993	02	17	IE	WA	2	1	F		4	1893	1761	+1	0	11	27
1993	03	31	WA	BE	2	0	WQ		32	1793	1847	+6	−2	22	15
1993	04	28	CS	WA	1	1	WQ		-6	1804	1799	−2	0	20	22
1993	06	06	FO	WA	0	3	WQ		-4	1208	1803	0	+1	152	22
1993	09	08	WA	CS	2	2	WQ		-4	1799	1836	0	0	23	19
1993	10	13	WA	CY	2	0	WQ		3	1802	1363	0	−1	23	113
1993	11	17	WA	RO	1	2	WQ		-26	1776	1829	−2	+2	25	20
1994	03	09	WA	NO	1	3	F		-17	1759	1850	−1	+2	26	18
1994	04	20	WA	SE	0	2	F		-14	1745	1901	−2	+1	27	10
1994	05	23	EE	WA	1	2	F		-1	1177	1746	0	0	161	27
1994	09	07	WA	AL	2	0	EQ		4	1750	1380	0	−1	28	110
1994	10	12	MD	WA	3	2	EQ		27	1556	1723	+3	−1	67	29
1994	11	16	GE	WA	5	0	EQ		49	1592	1674	+10	−6	58	35
1994	12	14	WA	BG	0	3	EQ		-30	1644	1859	−7	+1	40	21
1995	03	29	BG	WA	3	1	EQ		9	1855	1635	0	−4	21	43
1995	04	26	DE	WA	1	1	EQ		-18	1993	1653	−1	+6	3	37
1995	06	07	WA	GE	0	1	EQ		-28	1625	1634	−12	+11	47	42
1995	09	06	WA	MD	1	0	EQ		7	1632	1446	+3	−1	42	93
1995	10	11	WA	DE	1	2	EQ		-6	1626	2027	−3	0	46	2
1995	11	15	AL	WA	1	1	EQ		5	1436	1621	0	0	97	47
1996	01	24	IT	WA	3	0	F		2	1992	1619	0	−3	3	49
1996	04	24	CH	WA	2	0	F		5	1814	1614	0	−1	23	49
1996	06	02	SM	WA	0	5	WQ		-3	960	1617	−1	0	192	48
1996	08	31	WA	SM	6	0	WQ		1	1618	959	+1	0	47	192
1996	10	05	WA	NL	1	3	WQ		-15	1603	1922	−4	+1	53	9
1996	11	09	NL	WA	7	1	WQ		7	1929	1596	0	−2	9	56
1996	12	14	WA	TR	0	0	WQ		0	1596	1697	0	0	57	34
1997	02	11	WA	IE	0	0	F		1	1597	1731	0	0	55	29
1997	03	29	WA	BE	1	2	WQ		-18	1579	1755	−2	+2	59	24
1997	05	27	SQ	WA	0	1	F		-17	1780	1596	−2	+2	24	58
1997	08	20	TR	WA	6	4	WQ		15	1697	1581	+2	−4	37	60
1997	10	11	BE	WA	3	2	WQ		6	1785	1575	0	−2	22	61
1997	11	11	BR	WA	3	0	F		1	2151	1574	0	0	1	59
1998	03	25	WA	JM	0	0	F		0	1574	1677	0	−1	59	42
1998	06	03	MT	WA	0	3	F		-7	1224	1581	−2	0	148	59
1998	06	06	TN	WA	4	0	F		12	1632	1569	+1	0	52	60
1998	09	05	IT	WA	2	0	EQ	EN	4	2020	1565	0	−1	3	62
1998	10	10	DK	WA	1	2	EQ		-36	1823	1601	−2	+4	18	56
1998	10	14	WA	BY	3	2	EQ		7	1608	1412	+1	−1	55	103
1999	03	31	CH	WA	2	0	EQ		16	1700	1592	+4	−2	38	57
1999	06	05	IT	WA	4	0	EQ		4	2015	1588	0	0	3	57
1999	06	09	DK	WA	2	0	EQ	EN	13	1828	1575	+1	−4	17	61
1999	09	04	BY	WA	1	2	EQ		-17	1403	1592	−4	+6	108	56
1999	10	09	WA	CH	0	2	EQ		-29	1563	1735	−6	+2	63	33
2000	02	23	QA	WA	0	1	F		-9	1434	1572	−2	+1	94	62
2000	03	29	WA	FI	1	2	F		-13	1559	1575	−2	+2	63	61
2000	05	23	WA	BR	0	3	F		-3	1556	2090	−1	0	63	1
2000	06	02	PT	WA	3	0	F		2	1908	1554	+1	0	10	63
2000	09	02	BY	WA	2	1	WQ		24	1411	1530	+4	−7	106	71
2000	10	07	WA	NO	1	1	WQ		11	1541	1836	+3	−2	67	15
2000	10	11	PL	WA	0	0	WQ		-15	1757	1556	−5	+4	29	65
2001	03	24	AM	WA	2	2	WQ		2	1416	1554	+1	−1	101	65
2001	03	28	WA	UA	1	1	WQ		2	1556	1680	0	0	65	44
2001	06	02	WA	PL	1	2	WQ		-12	1544	1817	−1	−2	67	22
2001	06	06	UA	WA	1	1	WQ		-12	1667	1556	−4	+1	47	66
2001	09	01	WA	AM	0	0	WQ		-12	1544	1436	0	+2	65	98
2001	09	05	NO	WA	3	2	WQ		6	1737	1538	+2	0	31	65
2001	10	06	WA	BY	1	0	WQ		14	1552	1508	+1	−5	64	76
2002	02	13	WA	AR	1	1	F		8	1560	2016	+1	−1	62	3
2002	03	27	WA	CZ	0	0	F		5	1565	1830	+2	+1	61	17
2002	05	14	WA	DE	1	0	F		15	1580	1863	+4	−2	57	13
2002	08	21	HR	WA	1	1	F		-8	1838	1588	−1	0	16	59
2002	09	07	FI	WA	0	2	EQ		-48	1681	1636	−3	+11	39	49
2002	10	16	WA	IT	2	1	EQ		29	1665	1881	+1	−2	47	11
2002	11	20	AZ	WA	0	2	EQ		-12	1308	1677	−1	+3	131	43
2003	02	12	WA	BA	2	2	F		-7	1670	1509	−2	+2	45	72
2003	03	29	WA	AZ	4	0	EQ		5	1675	1322	+2	−1	43	129
2003	05	26	US	WA	2	0	F		6	1837	1669	0	−1	16	45
2003	08	20	RM	WA	1	0	EQ		13	1717	1656	+2	−2	35	47
2003	09	06	IT	WA	4	0	EQ		7	1947	1649	0	−2	7	48
2003	09	10	WA	FI	1	1	EQ		-3	1646	1705	−1	+2	50	37
2003	10	11	WA	RM	2	3	EQ		-21	1625	1745	−3	+5	54	29
2003	11	15	RU	WA	0	0	EQ		-13	1777	1638	−3	+1	25	52
2003	11	19	WA	RU	0	1	EQ		-18	1620	1795	−3	+5	55	21
2004	02	18	WA	SQ	4	0	F		16	1636	1662	+1	−4	53	47
2004	03	31	HU	WA	1	2	F		-10	1542	1646	−3	+3	71	51
2004	05	27	NO	WA	0	0	F		-6	1787	1652	−3	0	23	51
2004	05	30	WA	CA	1	0	F		6	1658	1595	+1	−2	50	60
2004	08	18	LV	WA	0	2	F		-14	1517	1672	−3	+6	77	41
2004	09	04	AZ	WA	1	1	WQ		10	1393	1662	+3	−3	108	44
2004	09	08	WA	EI	2	2	WQ		-13	1649	1504	−3	+1	49	81
2004	10	09	EN	WA	2	0	WQ		5	1983	1644	0	−3	4	51
2004	10	13	WA	PL	2	3	WQ		-18	1626	1795	−3	+3	54	26
2005	02	09	WA	HU	2	0	F		10	1636	1597	−1	−1	52	62
2005	03	26	WA	AT	0	2	WQ		-38	1598	1675	−9	+6	62	46
2005	03	30	AT	WA	1	0	WQ		11	1686	1587	+4	−2	42	65
2005	08	17	WA	SI	0	0	F		-1	1586	1650	+2	0	61	53
2005	09	03	WA	EN	0	1	WQ		-6	1580	1977	−2	+2	63	3
2005	09	07	PL	WA	1	0	WQ		5	1839	1575	+1	+1	16	62
2005	10	08	EI	WA	2	3	WQ		-23	1505	1598	−9	+2	82	60
2005	10	12	WA	AZ	2	0	WQ		7	1605	1349	+3	−2	57	113
2005	11	16	CY	WA	1	0	F		12	1463	1593	+1	−4	92	61
2006	03	01	WA	PY	0	0	F		2	1595	1776	−1	−1	60	29
2006	05	27	WA	TT	2	1	F	AT	10	1605	1579	+4	−1	56	62
2006	08	15	WA	BG	0	0	F		0	1605	1711	0	0	57	42
2006	09	02	CZ	WA	2	1	EQ		5	1859	1600	+1	0	12	60
2006	09	05	BR	WA	2	0	F	EN	2	2070	1598	0	0	2	62
2006	10	07	WA	SK	1	5	EQ		-40	1558	1718	−7	+5	68	41
2006	10	11	WA	CY	3	1	EQ		18	1576	1490	+5	−5	63	88
2006	11	14	WA	LI	4	0	F		1	1577	1114	+2	0	62	172
2007	02	06	EI	WA	0	0	F		-2	1534	1579	0	+1	76	62
2007	03	24	IE	WA	1	0	EQ		7	1754	1572	+2	−2	34	66
2007	03	28	WA	SM	3	0	EQ		1	1573	936	−1	−1	67	194
2007	05	26	WA	NZ	2	2	F		-5	1568	1489	−1	+1	69	86
2007	06	02	WA	CZ	0	0	EQ		11	1579	1864	+3	0	66	13
2007	08	22	BG	WA	0	1	F		-17	1757	1596	−4	+2	31	60
2007	09	08	WA	DE	0	2	EQ		-9	1587	2013	−1	+1	61	3
2007	09	12	SK	WA	2	5	EQ		-55	1661	1642	−5	+6	45	55
2007	10	13	CY	WA	3	1	EQ		34	1530	1608	+10	−3	74	58
2007	10	17	SM	WA	1	2	EQ		-1	928	1609	0	−1	195	58
2007	11	17	WA	IE	2	2	EQ		4	1613	1770	+1	0	57	26
2007	11	21	DE	WA	0	0	EQ		-17	1943	1630	0	+1	7	56
2008	02	06	WA	NO	3	0	F		20	1650	1752	+5	−6	50	35
2008	03	26	LU	WA	0	2	F		-1	1037	1651	0	+2	184	48
2008	05	28	IS	WA	0	1	F		-6	1418	1657	−2	0	104	47
2008	06	01	NL	WA	2	0	F		3	1971	1654	0	−1	6	47
2008	08	20	WA	GE	1	2	F		-16	1638	1520	−1	+6	49	81
2008	09	06	WA	AZ	1	0	WQ		4	1642	1367	0	−1	49	116
2008	09	10	RU	WA	2	1	WQ		5	1880	1637	0	−3	11	52
2008	10	11	WA	LI	2	0	WQ		2	1639	1187	0	0	52	157
2008	10	15	DE	WA	1	0	WQ		3	1979	1636	+1	−1	5	52
2008	11	19	DK	WA	0	1	F		-17	1828	1653	−4	+2	17	50
2009	02	11	PL	WA	1	0	F	PT	7	1755	1646	+1	0	30	50
2009	03	28	WA	FI	0	2	WQ		-38	1608	1695	−6	+3	56	45
2009	04	01	WA	DE	0	2	WQ		-12	1596	1961	−2	+1	58	6
2009	05	29	WA	EE	1	0	F		3	1599	1417	0	0	58	104
2009	06	06	AZ	WA	0	1	WQ		-13	1361	1612	−2	+3	118	56
2009	08	12	ME	WA	2	1	F		6	1660	1606	+1	−1	47	58
2009	09	09	WA	RU	1	3	WQ		-15	1591	1913	0	+1	59	8
2009	10	10	FI	WA	2	1	WQ		11	1663	1580	+3	−5	47	64
2009	10	14	LI	WA	0	2	WQ		-8	1158	1588	−1	+3	165	61
2009	11	14	WA	SQ	3	0	F		17	1605	1670	+4	−3	57	47
2010	03	03	WA	SE	0	1	F		-8	1597	1783	−2	+5	58	19
2010	05	23	HR	WA	2	0	F		3	1901	1594	0	−2	8	60
2010	08	11	WA	LU	5	1	F		1	1595	1098	+1	0	61	176
2010	09	03	ME	WA	1	0	EQ		12	1649	1583	+1	−5	49	66
2010	10	08	WA	BG	0	1	EQ		-20	1563	1700	−7	+4	72	38
2010	10	12	CH	WA	4	1	EQ		12	1755	1551	+2	−3	25	74
2011	02	08	IE	WA	3	0	NTC		8	1747	1543	+3	0	28	74
2011	03	26	WA	EN	0	2	EQ		-10	1533	1941	−4	0	78	6
2011	05	25	SQ	WA	3	1	NTC	IE	14	1688	1519	+3	−5	41	85
2011	05	27	WA	EI	2	0	NTC	IE	24	1543	1519	+10	−10	75	85
2011	08	10	WA	AU	1	2	F		-5	1538	1817	0	+1	75	16
2011	09	02	WA	ME	2	1	EQ		24	1562	1677	+6	−2	69	42
2011	09	06	EN	WA	1	0	EQ		2	1946	1560	0	−1	6	69
2011	10	07	WA	CH	2	0	EQ		40	1600	1739	+9	−9	60	32
2011	10	11	BG	WA	0	1	EQ		-28	1628	1628	−6	+7	53	53
2011	11	12	WA	NO	4	1	F		20	1648	1754	+3	−5	50	31
2012	02	29	WA	CR	0	1	F		-12	1636	1675	−4	+2	55	43
2012	05	27	MX	WA	2	0	F	US	7	1861	1629	+1	−1	13	56
2012	08	15	WA	BA	0	2	F		-17	1612	1699	−4	+2	58	39
2012	09	07	WA	BE	0	2	WQ		-31	1581	1735	−6	+7	65	31
2012	09	11	RS	WA	6	1	WQ		17	1731	1564	+2	−4	32	69
2012	10	12	WA	SQ	2	1	WQ		21	1585	1667	+5	−2	64	42
2012	10	16	HR	WA	2	0	WQ		6	1879	1579	+1	−3	13	66
2013	02	06	WA	AT	2	1	F		8	1587	1595	+3	−2	62	58
2013	03	22	SQ	WA	1	2	WQ		-29	1630	1616	−2	+10	50	52
2013	03	26	WA	HR	1	2	WQ		-10	1606	1911	−5	+1	58	8
2013	08	14	WA	IE	0	0	F		1	1607	1748	+1	0	57	29
2013	09	06	MK	WA	2	1	WQ		18	1560	1589	+8	−5	69	61
2013	09	10	WA	RS	0	3	WQ		-35	1554	1728	−10	+10	70	29
2013	10	11	WA	MK	1	0	WQ		14	1568	1524	+4	−5	64	80
2013	10	15	BE	WA	1	1	WQ		-17	1866	1585	−1	+5	14	60
2013	11	16	WA	FI	1	1	F		0	1585	1672	0	0	60	45
2014	03	05	WA	IS	3	1	F		9	1594	1528	+2	0	60	75
2014	06	04	NL	WA	2	0	F		2	1985	1592	0	−1	5	62
2014	09	09	AD	WA	1	2	EQ		-2	983	1594	0	+1	190	60
2014	10	10	WA	BA	0	0	EQ		3	1597	1740	0	0	61	28
2014	10	13	WA	CY	2	1	EQ		6	1603	1401	0	−1	61	112
2014	11	16	BE	WA	0	0	EQ		-17	1897	1620	−2	+4	11	57
2015	03	28	IL	WA	0	3	EQ		-50	1633	1670	−10	+11	53	46
2015	06	12	WA	BE	1	0	EQ		28	1698	1897	+5	−2	41	11
2015	09	03	CY	WA	0	1	EQ		-10	1400	1708	0	+2	109	39
2015	09	06	WA	IL	0	0	EQ		-10	1698	1618	−2	+2	41	56
2015	10	10	BA	WA	2	0	EQ		20	1740	1678	+4	−2	32	43
2015	10	13	WA	AD	2	0	EQ		1	1679	959	0	0	42	192
2015	11	13	WA	NL	2	3	F		-7	1672	1897	−1	+1	44	13
2016	03	24	WA	EI	1	1	F		-5	1667	1599	−1	0	43	59
2016	03	28	UA	WA	1	0	F		4	1821	1663	0	0	16	44
2016	06	05	SE	WA	3	0	F		9	1762	1654	+4	−1	27	47
2016	06	11	WA	SK	2	1	EC	FR	33	1687	1732	+5	−11	42	35
2016	06	16	EN	WA	2	1	EC	FR	9	1965	1678	0	−1	8	44
2016	06	20	WA	RU	3	0	EC	FR	52	1730	1692	+10	−12	34	42
2016	06	25	WA	EI	1	0	EC	FR	20	1750	1642	+5	−2	28	49
2016	07	01	WA	BE	3	1	EC	FR	57	1807	1889	+9	−7	20	14
2016	07	06	PT	WA	2	0	EC	FR	29	1921	1778	+3	−3	10	23
2016	09	05	WA	MD	4	0	WQ		3	1781	1347	0	0	23	119
2016	10	06	AT	WA	2	2	WQ		-3	1723	1784	−1	0	37	23
2016	10	09	WA	GE	1	1	WQ		-17	1767	1485	−4	+4	27	85
2016	11	12	WA	RS	1	1	WQ		-7	1760	1754	0	+2	26	30
2017	03	24	IE	WA	0	0	WQ		-8	1793	1768	0	+2	20	26
2017	06	11	RS	WA	1	1	WQ		-5	1757	1773	−2	0	30	26
2017	09	02	WA	AT	1	0	WQ		11	1784	1684	+7	−2	22	42
2017	09	05	MD	WA	0	2	WQ		-8	1341	1792	−2	+1	122	23
2017	10	06	GE	WA	0	1	WQ		-10	1483	1802	−2	+1	88	22
2017	10	09	WA	IE	0	1	WQ		-29	1773	1771	−5	+6	26	27
2017	11	10	FR	WA	2	0	F		4	1982	1769	0	−2	6	25
2017	11	14	WA	PA	1	1	F		-5	1764	1670	+1	0	24	48
2018	03	22	CN	WA	0	6	CHN		-23	1541	1787	−3	+1	71	23
2018	03	26	UY	WA	1	0	CHN	CN	11	1890	1776	0	0	13	23
2018	05	28	MX	WA	0	0	F	US	-2	1856	1778	0	0	16	24
2018	09	06	WA	IE	4	1	ENB		21	1799	1708	+2	−7	21	40
2018	09	09	DK	WA	2	0	ENB		16	1890	1783	+2	−3	14	24
2018	10	11	WA	ES	1	4	F		-10	1773	2061	−1	0	24	4
2018	10	16	IE	WA	0	1	ENB		-23	1694	1796	−3	+3	42	23
2018	11	16	WA	DK	1	2	ENB		-20	1776	1912	+1	+1	23	12
2018	11	20	AL	WA	1	0	F		15	1514	1761	+3	−4	80	27
2019	03	20	WA	TT	1	0	F		2	1763	1431	0	0	29	98
2019	03	24	WA	SK	1	0	EQ		14	1777	1745	+5	−2	26	34
2019	06	08	HR	WA	2	1	EQ		9	1903	1768	+1	−1	13	27
2019	06	11	HU	WA	1	0	EQ		21	1669	1747	+1	−5	49	34
2019	09	06	WA	AZ	2	1	EQ		2	1749	1363	+2	−1	29	117
2019	09	09	WA	BY	1	0	F		3	1752	1519	0	−1	29	75
2019	10	10	SK	WA	1	1	EQ		-5	1744	1757	−2	+1	32	28
2019	10	13	WA	HR	1	1	EQ		3	1760	1908	−1	0	30	13
2019	11	16	AZ	WA	0	2	EQ		-11	1380	1771	−2	+2	109	27
2019	11	19	WA	HU	2	0	EQ		12	1783	1618	+2	−2	25	54
2020	09	03	FI	WA	0	1	ENB		-18	1629	1801	−4	+2	53	23
2020	09	06	WA	BG	1	0	ENB		5	1806	1558	0	0	23	67
2020	10	08	EN	WA	3	0	F		6	1972	1800	0	+1	10	23
2020	10	11	IE	WA	0	0	ENB		0	1700	1800	+1	0	39	23
2020	10	14	BG	WA	0	1	ENB		-10	1503	1810	−2	+2	79	21
2020	11	12	WA	US	0	0	F		-5	1805	1731	−1	0	21	37
2020	11	15	WA	IE	1	0	ENB		9	1814	1671	0	−3	22	45
2020	11	18	WA	FI	3	1	ENB		15	1829	1708	+3	−2	18	40
2021	03	24	BE	WA	3	1	WQ		6	2116	1823	0	−1	2	19
2021	03	27	WA	MX	1	0	F		10	1833	1918	+1	0	18	13
2021	03	30	WA	CZ	1	0	WQ		12	1845	1768	+3	−1	16	29
2021	06	02	FR	WA	3	0	F		4	2086	1841	0	−1	3	17
2021	06	05	WA	AL	0	0	F		-8	1833	1560	0	+1	17	71
2021	06	12	CH	WA	1	1	EC	AZ	-4	1885	1837	0	0	14	17
2021	06	16	WA	TR	2	0	EC	AZ	32	1869	1756	+2	−9	15	34
2021	06	20	IT	WA	1	0	EC		9	2052	1860	0	−1	4	17
2021	06	26	DK	WA	4	0	EC	NL	38	1963	1822	+1	−2	10	19
2021	09	01	FI	WA	0	0	F		0	1705	1822	0	0	40	20
2021	09	05	WA	BY	3	2	WQ	RU	5	1827	1483	0	−1	20	84
2021	09	08	WA	EE	0	0	WQ		-18	1809	1412	−2	+3	22	100
2021	10	08	CZ	WA	2	2	WQ		-7	1821	1816	0	0	21	22
2021	10	11	EE	WA	0	1	WQ		-7	1432	1823	−1	0	94	21
2021	11	13	WA	BY	5	1	WQ		5	1828	1443	+2	−1	20	91
2021	11	16	WA	BE	1	1	WQ		8	1836	2074	0	0	21	4
2022	03	24	WA	AT	2	1	WQ		9	1845	1721	+6	−3	17	38
2022	03	29	WA	CZ	1	1	F		-4	1841	1822	−2	+3	20	23
2022	06	01	PL	WA	2	1	ENA		17	1815	1824	+2	−3	25	22
2022	06	05	WA	UA	1	0	WQ		16	1840	1832	+4	−3	18	19
2022	06	08	WA	NL	1	2	ENA		-17	1823	2010	−4	0	22	8
2022	06	11	WA	BE	1	1	ENA		6	1829	2019	0	−1	23	6
2022	06	14	NL	WA	3	2	ENA		7	2003	1822	+2	0	6	22
2022	09	22	BE	WA	2	1	ENA		6	2039	1816	0	−1	4	22
2022	09	25	WA	PL	0	1	ENA		-27	1789	1808	−4	+4	27	23
2022	11	21	US	WA	1	1	WC	QA	-1	1795	1790	+1	+1	23	24
2022	11	25	IR	WA	2	0	WC	QA	49	1810	1741	+7	−9	23	35
2022	11	29	EN	WA	3	0	WC	QA	25	1968	1716	+2	−4	8	39
2023	03	25	HR	WA	1	1	EQ		-15	1935	1731	−1	+1	11	38
2023	03	28	WA	LV	1	0	EQ		2	1733	1348	+1	−2	37	119
2023	06	16	WA	AM	2	4	EQ		-54	1679	1489	−9	+14	47	81
2023	06	19	TR	WA	2	0	EQ		19	1728	1660	+4	−2	36	49
2023	09	07	WA	KR	0	0	F		0	1660	1760	0	0	48	32
2023	09	11	LV	WA	0	2	EQ		-13	1318	1673	−4	+1	127	47
2023	10	11	WA	GI	4	0	F		1	1674	1060	0	0	46	182
2023	10	15	WA	HR	2	1	EQ		31	1705	1947	+3	−2	44	10
2023	11	18	AM	WA	1	1	EQ		8	1470	1697	+1	−1	89	45
2023	11	21	WA	TR	1	1	EQ		-2	1695	1765	0	+1	45	29
2024	03	21	WA	FI	4	1	EQ		20	1715	1621	+5	−7	38	57
2024	03	26	WA	PL	0	0	EQ		-6	1709	1720	−4	+1	41	38
2024	06	06	GI	WA	0	0	F	PT	10	1056	1699	+2	−2	180	43
2024	06	09	SK	WA	4	0	F		16	1670	1683	+2	0	46	43
2024	09	06	WA	TR	0	0	ENB		1	1684	1804	−1	0	47	21
2024	09	09	ME	WA	1	2	ENB		-17	1516	1701	−3	+2	79	45
2024	10	11	IS	WA	2	2	ENB		2	1576	1699	+1	0	67	45
2024	10	14	WA	ME	1	0	ENB		6	1705	1506	0	0	44	83
2024	11	16	TR	WA	0	0	ENB		-12	1823	1717	−1	+3	19	42
2024	11	19	WA	IS	4	1	ENB		15	1732	1576	+5	−3	38	64
2025	03	22	WA	KZ	3	1	WQ		5	1737	1421	+1	−2	38	97
2025	03	25	NM	WA	1	1	WQ		1	1613	1736	0	0	56	36
2025	06	06	WA	LI	3	0	WQ		0	1736	906	−1	0	38	201
2025	06	09	BE	WA	4	3	WQ		10	1847	1726	+2	0	17	38
2025	09	04	KZ	WA	0	1	WQ		-9	1393	1735	−7	+1	108	38
2025	09	09	WA	CA	0	1	F		-11	1724	1797	−2	+2	38	27
2025	10	09	EN	WA	3	0	F		3	2022	1721	0	0	5	38
2025	10	13	WA	BE	2	4	WQ		-29	1692	1865	−9	+4	47	17
2025	11	15	LI	WA	0	1	WQ		-1	900	1693	0	0	201	46
2025	11	18	WA	NM	7	1	WQ		22	1715	1592	+4	−5	41	65
2026	03	26	WA	BA	1	1	WQ		-12	1703	1584	−3	+2	45	67
2026	03	31	WA	EI	1	1	F		-5	1698	1600	−1	−1	46	64
2026	06	02	WA	GH	1	1	F		-7	1691	1510	−3	0	50	82
2026	06	06	RO	WA	2	1	F		9	1639	1682	+3	−2	57	52