1929	06	27	ZD	EN	0	4	F		-6	1494	1892	−	0	44	9
1929	06	29	ZD	EN	1	6	F		-6	1488	1898	−1	0	45	9
1931	05	00	ND	ZD	0	0	EIE	BC	-5	1595	1493	−	+2	31	44
1931	05	00	ND	ZD	3	3	FT	BC	-4	1591	1497	−	+2	31	44
1946	00	00	ZD	ND	0	4	F		-19	1478	1610	−1	+2	57	40
1947	00	00	ND	ZD	2	2	F		-6	1604	1484	−1	0	40	56
1948	00	00	ZD	ND	4	0	F		21	1505	1596	+1	0	54	39
1950	00	00	ND	ZD	3	2	F		5	1598	1500	+2	−1	37	57
1950	06	14	ZD	AU	0	5	F		-13	1487	1747	−2	+1	60	17
1950	06	17	ZD	AU	1	4	F		-10	1477	1757	−1	+1	61	16
1951	11	30	ZD	ND	2	1	F		11	1488	1594	+2	−3	61	41
1952	00	00	ND	ZD	1	4	F		-27	1567	1515	−6	+6	47	55
1952	11	30	ND	ZD	3	2	F		6	1573	1509	0	−1	44	56
1953	07	12	ND	ZD	2	1	LVY		8	1581	1501	+1	−3	44	58
1953	08	01	ND	ZD	0	1	RCT		-22	1559	1523	−3	+3	47	55
1954	05	05	ZD	IL	2	1	F		5	1528	1412	+3	−1	57	84
1954	05	09	ZD	IL	1	2	F		-16	1512	1428	−3	+3	60	81
1954	05	22	ZD	ND	2	4	CRR		-26	1486	1579	−5	+6	65	47
1954	05	23	ZD	ND	1	0	LVY		15	1501	1564	+4	−3	61	50
1955	05	07	ND	ZD	3	4	CRR		-22	1542	1523	−7	+4	56	59
1955	05	08	ND	ZD	0	2	LVY		-30	1512	1553	−5	+7	61	52
1958	00	00	ZD	ND	4	2	LVY		16	1569	1534	−3	+3	58	54
1958	00	00	ZD	ND	0	2	LVY		-31	1538	1565	−3	+3	58	54
1959	00	00	ZD	UG	2	7	TFT		-41	1497	1545	−13	+9	71	58
1961	09	01	ZD	ND	5	0	LVY		25	1522	1516	+6	−7	63	65
1961	09	02	ZD	ND	2	4	LVY		-29	1493	1545	−7	+7	70	58
1962	09	01	ND	ZD	1	1	LVY		-6	1539	1499	−2	0	60	70
1962	09	03	ND	ZD	4	1	LVY		16	1555	1483	+6	−5	54	75
1963	10	06	MU	ZD	1	0	F		6	1543	1477	+1	−2	60	74
1963	10	10	MU	ZD	2	0	F		8	1551	1469	+1	−2	59	76
1963	10	13	MU	ZD	3	1	F		8	1559	1461	+2	−2	56	78
1964	06	21	NN	ZD	2	2	F		5	1174	1456	0	−1	136	80
1967	03	25	MW	RH	3	6	F		-6	1093	1462	−1	+2	151	78
1967	11	11	RH	MW	1	1	F		-9	1453	1102	−3	+2	80	149
1967	11	12	RH	MW	1	0	F		1	1454	1101	+1	0	79	149
1967	11	25	RH	MU	1	2	F		-11	1443	1524	−3	+1	81	64
1967	11	26	RH	MU	2	3	F		-11	1432	1535	−5	+1	86	63
1969	01	31	MW	RH	0	0	F		5	1127	1427	0	−1	148	86
1969	02	01	MW	RH	2	2	F		5	1132	1422	+1	−1	147	87
1969	02	02	MW	RH	0	1	F		-5	1127	1427	−1	+1	148	86
1969	02	08	RH	MW	4	0	F		3	1430	1124	0	0	86	148
1969	02	09	RH	MW	1	1	F		-8	1422	1132	−1	+1	87	147
1969	05	04	RH	MW	4	1	F		3	1425	1129	+1	0	86	147
1969	11	23	AU	RH	1	1	WQ	MZ	-11	1622	1436	−2	+3	44	85
1969	11	27	AU	RH	0	0	WQ	MZ	-10	1612	1446	−4	+4	48	81
1969	11	29	AU	RH	3	1	WQ	MZ	17	1629	1429	+4	−5	44	86
1969	12	01	MW	RH	2	2	F		5	1142	1424	+1	−1	144	87
1977	04	09	ZA	RH	7	0	F		3	1791	1421	0	0	21	90
1977	07	03	RH	ZA	1	1	F		7	1428	1784	+1	0	88	22
1980	04	20	ZW	MZ	6	0	IND		17	1445	1330	+5	−5	81	103
1980	04	21	ZW	ZM	2	1	IND		16	1461	1556	+1	−1	80	56
1980	06	07	ZM	ZW	2	1	F		5	1568	1456	0	0	55	81
1980	06	08	ZM	ZW	1	3	F		-23	1545	1479	−7	+5	62	76
1980	07	01	MZ	ZW	3	1	F		18	1332	1461	+4	−6	103	81
1980	07	06	MW	ZW	0	1	IND		-22	1519	1483	−4	+9	65	72
1980	07	08	MW	ZW	1	1	IND		-6	1513	1489	−1	+1	66	71
1980	08	30	ZW	ZM	1	1	F		-2	1487	1518	−1	0	74	63
1980	08	31	ZW	ZM	1	2	F		-12	1475	1530	−2	+2	76	61
1980	10	12	CM	ZW	2	0	WQ		14	1598	1461	0	−4	50	79
1980	10	26	MW	ZW	0	1	FQ		-28	1483	1489	−8	+6	77	74
1980	11	09	ZW	MW	1	1	FQ		-6	1483	1489	−2	+3	76	73
1980	11	16	ZW	CM	1	0	WQ		21	1504	1577	+7	−6	69	53
1981	04	11	ZW	ZM	0	1	FQ		-26	1478	1521	−4	+5	74	66
1981	04	19	ZW	MZ	6	1	IND		12	1490	1321	+3	−1	71	106
1981	04	20	ZW	MW	4	0	IND		22	1512	1486	+4	−4	67	73
1981	04	25	ZM	ZW	2	0	FQ		22	1532	1490	+6	−3	62	70
1981	06	21	MZ	ZW	0	0	IND		3	1324	1487	+1	−1	105	73
1981	06	25	MG	ZW	2	0	IND	MZ	28	1435	1459	+7	−4	82	77
1981	06	27	AO	ZW	1	1	IND	MZ	-2	1493	1461	0	0	72	77
1981	07	08	ZW	MZ	4	2	IND	MW	12	1473	1279	+1	−3	77	116
1981	07	10	MW	ZW	2	0	IND		14	1522	1459	+4	−1	65	78
1981	08	01	ZW	NG	2	0	F		19	1478	1625	+2	−3	76	44
1981	09	04	ZW	MW	2	1	IND	SZ	17	1495	1505	+4	−4	72	70
1981	09	05	SZ	ZW	0	2	IND		-7	1098	1502	0	+1	151	71
1981	09	06	ZW	LS	5	2	IND	SZ	7	1509	1172	+3	−1	68	140
1981	09	30	BW	ZW	0	1	IND		-3	1038	1512	0	+1	161	68
1981	11	17	SD	ZW	0	0	CEC	TZ	4	1451	1508	0	−1	83	68
1981	11	19	ZM	ZW	1	1	CEC	TZ	-3	1551	1511	−1	+1	57	67
1981	11	20	UG	ZW	0	0	CEC	TZ	1	1487	1510	0	0	75	67
1982	06	06	ZW	UG	2	1	F		5	1515	1434	+3	0	64	86
1982	06	13	ZW	UG	1	1	F		-5	1510	1439	−3	0	67	86
1982	06	27	MZ	ZW	1	1	IND		5	1305	1505	+3	−1	108	68
1982	07	18	ZW	RE	1	1	F		-9	1496	1115	−1	+2	69	150
1982	07	25	ZW	RE	2	3	F		-19	1477	1134	−9	+4	78	146
1982	08	29	MU	ZW	2	0	IOT	RE	36	1273	1441	+10	−6	118	84
1982	09	01	RE	ZW	0	1	IOT		-7	1127	1448	−3	+1	149	83
1982	09	12	MW	ZW	2	0	FQ		20	1494	1428	+9	−5	70	88
1982	10	03	ZW	MW	0	2	FQ		-33	1395	1527	−1	+7	89	63
1982	11	14	ZW	TZ	3	0	CEC	UG	41	1436	1411	+6	−5	84	87
1982	11	16	MW	ZW	1	1	CEC	UG	-4	1505	1440	−1	0	69	84
1982	11	20	UG	ZW	1	1	CEC		-8	1484	1448	−3	+2	75	82
1982	11	24	KE	ZW	2	1	CEC	UG	17	1510	1431	+3	−2	69	84
1982	11	26	ZW	ZN	3	0	CEC	UG	10	1441	1100	0	−1	84	153
1983	05	29	MZ	ZW	0	1	OQ		-21	1343	1462	−7	+3	100	81
1983	06	12	ZW	MZ	2	0	OQ		13	1475	1330	+4	−3	77	103
1983	07	06	MW	ZW	0	0	IND		-7	1530	1482	−1	+2	64	75
1983	07	08	MW	ZW	1	0	IND		9	1539	1473	+2	−5	62	80
1983	08	29	LY	ZW	3	1	F		7	1576	1466	+2	0	53	79
1983	10	02	ZW	ET	3	2	OQ		9	1475	1345	+1	−2	77	98
1983	10	16	ET	ZW	1	0	OQ		22	1367	1453	+4	−5	94	81
1983	11	13	ZW	MW	1	0	CEC	KE	25	1478	1514	+7	−3	75	66
1983	11	16	ZW	ZN	2	1	CEC	KE	4	1482	1095	+2	−1	74	153
1983	11	19	ZW	SO	2	1	CEC	KE	4	1486	1109	+1	−1	74	149
1983	11	23	ZW	UG	1	0	CEC	KE	20	1506	1469	+7	−4	67	77
1983	11	26	KE	ZW	1	0	CEC		13	1554	1493	+1	−4	62	71
1983	12	04	ZW	CH	3	2	F		15	1508	1767	+3	−2	68	27
1984	06	07	ZW	DJ	3	1	FT	ET	1	1509	877	0	0	69	176
1984	06	10	ZM	ZW	1	1	F		-5	1595	1514	−1	+1	46	68
1984	06	11	ET	ZW	2	0	FT		28	1350	1486	+9	−6	97	74
1984	07	01	ZW	ZM	2	1	F		10	1496	1585	+6	−2	69	48
1984	07	22	ZW	UG	1	0	F		7	1503	1484	0	−6	69	77
1984	08	28	EG	ZW	1	0	WQ		7	1687	1496	0	−3	35	71
1984	09	30	ZW	EG	1	1	WQ		5	1501	1682	+3	0	69	35
1984	10	14	ZW	SZ	3	0	FQ		4	1505	1118	+1	−1	68	150
1984	11	04	SZ	ZW	1	5	FQ		-12	1106	1517	−2	+2	152	66
1984	11	17	MW	ZW	3	0	F		13	1514	1504	+3	−4	65	68
1984	11	19	MW	ZW	1	0	F		7	1521	1497	+3	−2	62	70
1984	12	02	ZM	ZW	2	0	CEC	UG	23	1607	1474	+4	−6	45	77
1984	12	04	UG	ZW	4	1	CEC		27	1485	1447	+6	−6	76	83
1984	12	08	TZ	ZW	2	2	CEC	UG	2	1410	1445	0	0	89	83
1985	02	02	ZW	ZM	1	1	F		2	1447	1628	0	−2	83	43
1985	02	03	ZW	ZM	2	3	F		-8	1439	1636	−1	+3	84	40
1985	03	03	MG	ZW	0	1	FQ		-28	1463	1467	−8	+2	82	81
1985	03	23	ZW	MG	5	2	FQ		25	1492	1438	+9	0	73	83
1985	05	02	ZW	MW	1	3	F		-17	1475	1573	−5	+3	77	55
1985	08	18	ZW	SN	1	0	FQ		18	1493	1524	+5	−4	74	65
1985	09	01	SN	ZW	3	0	FQ		22	1546	1471	+5	−6	61	80
1985	10	04	ZW	TZ	1	0	CEC		12	1483	1407	+3	−1	77	87
1985	10	06	ZW	KE	1	1	CEC		-11	1472	1384	−2	+4	79	89
1985	10	11	ZW	MW	1	0	CEC		20	1492	1557	+4	−3	76	57
1985	10	13	ZW	KE	2	0	CEC		16	1508	1395	+4	−1	71	87
1985	11	10	AO	ZW	2	3	IND		-18	1461	1526	−1	+6	80	64
1985	11	11	MZ	ZW	2	2	IND	AO	6	1390	1520	+1	−4	89	68
1986	07	19	MW	ZW	1	1	AGQ		-7	1538	1527	−1	+2	63	66
1986	08	03	ZW	MW	1	1	AGQ		-5	1522	1543	−2	+1	68	62
1987	03	29	MZ	ZW	1	1	FQ		4	1357	1518	−1	0	97	68
1987	04	12	ZW	MZ	3	2	FQ		7	1525	1350	+1	−1	66	99
1987	04	26	ZW	ZM	0	1	F		-11	1514	1586	−1	+2	68	51
1987	06	07	SZ	ZW	0	2	OQ		-8	1072	1522	−2	0	157	67
1987	06	13	MW	ZW	1	4	F		-23	1516	1545	−3	+4	67	63
1987	06	14	MW	ZW	2	1	F		8	1524	1537	−1	−2	68	65
1987	06	21	ZW	SZ	6	1	OQ		3	1540	1069	+1	0	64	157
1987	07	05	ZW	KE	1	1	FQ		-12	1528	1414	−3	+2	67	86
1987	07	18	KE	ZW	0	0	FQ		2	1399	1526	+1	0	88	68
1987	10	04	ZW	NG	0	0	OQ		-5	1521	1533	−1	+1	70	67
1987	10	17	NG	ZW	2	0	OQ		21	1554	1500	+6	−1	61	71
1987	12	13	MW	ZW	1	1	CEC	ET	-4	1566	1504	−1	0	59	70
1987	12	16	UG	ZW	0	0	CEC	ET	-4	1569	1508	−1	0	57	70
1987	12	20	ZM	ZW	2	2	CEC	ET	-4	1568	1512	−2	+2	56	68
1987	12	23	ZW	ZN	1	0	CEC	ET	4	1516	1142	0	0	68	149
1987	12	27	ET	ZW	1	1	CEC		0	1411	1516	0	0	88	68
1988	06	04	ZM	ZW	3	2	F		6	1586	1510	+1	−1	52	67
1988	08	07	ZM	ZW	2	0	BLR	BW	17	1609	1493	+3	−2	45	71
1988	09	30	BW	ZW	1	0	IND		25	1129	1468	+2	−3	150	73
1988	11	07	UG	ZW	0	0	CEC	MW	-3	1521	1471	0	0	62	74
1988	11	11	ZM	ZW	1	1	CEC	MW	-9	1640	1480	−1	+1	41	74
1988	11	13	ZW	ET	2	1	CEC	MW	18	1498	1430	+5	−5	69	84
1988	11	16	MW	ZW	0	0	CEC		-8	1527	1506	−2	+3	62	66
1988	11	17	MW	ZW	2	0	CEC		20	1547	1486	+3	−5	59	71
1988	11	19	KE	ZW	0	0	CEC	MW	6	1376	1480	+1	−2	98	73
1989	01	06	DZ	ZW	3	0	WQ		17	1594	1463	+3	−5	47	78
1989	01	22	ZW	CI	0	0	WQ		5	1468	1649	+2	+1	76	40
1989	04	09	MU	ZW	1	4	FQ		-25	1237	1493	−4	+10	123	68
1989	04	23	ZW	MU	1	0	FQ		5	1498	1232	+1	−1	67	125
1989	06	16	ZW	ZM	0	0	F		1	1499	1640	0	0	68	41
1989	06	25	ZW	DZ	1	2	WQ		-18	1481	1654	−5	+4	72	39
1989	07	15	NG	ZW	3	0	FQ		16	1611	1465	+5	−6	45	76
1989	07	30	ZW	NG	1	1	FQ		3	1468	1608	0	0	75	46
1989	08	13	CI	ZW	5	0	WQ		12	1681	1456	+2	−1	33	76
1989	12	03	ZW	TZ	3	0	CEC	KE	15	1471	1215	+3	−4	73	133
1989	12	06	UG	ZW	1	1	CEC	KE	-1	1482	1472	0	+1	71	72
1989	12	09	KE	ZW	2	1	CEC		16	1463	1456	+4	−5	75	77
1990	03	07	ZW	LS	4	1	SDC	MZ	7	1463	1136	+1	0	74	148
1990	03	08	ZW	AO	2	0	SDC	MZ	21	1484	1417	+5	−6	69	85
1990	03	10	MZ	ZW	3	1	SDC		24	1390	1460	+4	−6	96	74
1990	03	23	NA	ZW	1	5	F		-10	1185	1470	−1	+2	141	72
1990	04	01	SZ	ZW	4	4	SDC	ZM	11	1133	1459	+2	−2	151	74
1990	08	13	ZW	MZ	3	2	F	SZ	8	1467	1384	+1	0	71	92
1990	08	25	ZM	ZW	3	1	SDC	BW	16	1585	1451	+1	−3	50	75
1990	08	26	BW	ZW	0	7	F		-9	1112	1460	−2	+2	156	73
1990	09	02	CG	ZW	2	0	FQ		26	1434	1434	+10	−3	77	77
1990	12	09	MW	ZW	0	0	CEC	ZN	1	1409	1433	0	0	86	77
1990	12	12	ZN	ZW	0	1	CEC		-11	1147	1444	−2	0	148	78
1990	12	14	TZ	ZW	2	0	CEC	ZN	47	1275	1397	+12	−11	121	89
1991	04	14	ZW	MW	4	0	FQ		26	1423	1365	+5	−9	83	101
1991	07	14	ZW	CG	2	2	FQ		-2	1421	1483	0	0	82	73
1991	07	27	MW	ZW	2	2	FQ		0	1326	1421	0	0	111	82
1992	07	06	MW	ZW	0	0	IND		-1	1342	1422	0	0	116	95
1992	07	08	MW	ZW	0	0	IND		-1	1341	1423	−1	0	117	95
1992	07	11	MW	ZW	1	0	IND		14	1355	1409	+4	−3	113	98
1992	08	16	ZW	ZA	4	1	FQ		57	1466	1711	+14	−3	84	31
1992	08	30	MU	ZW	0	1	FQ		-14	1237	1480	−4	+3	142	79
1992	10	09	ZW	TG	1	0	WQ		9	1489	1365	+1	−2	77	111
1992	11	07	ZW	MW	0	1	F		-15	1474	1397	−1	+3	80	104
1992	11	09	ZW	MW	4	1	F		9	1483	1388	+1	−1	81	104
1992	12	20	ZW	EG	2	1	WQ		24	1507	1638	+7	−9	74	46
1993	01	10	AO	ZW	1	1	WQ		1	1383	1506	+1	−1	107	75
1993	01	17	TG	ZW	1	2	WQ		-17	1330	1523	−3	+2	119	73
1993	01	31	ZW	AO	2	1	WQ		8	1531	1383	+5	−3	68	107
1993	02	28	EG	ZW	2	1	WQ		9	1645	1522	+2	−4	44	72
1993	04	10	ZM	ZW	0	0	FQ		-10	1610	1532	−2	+4	52	69
1993	04	15	EG	ZW	0	0	WQ	FR	-7	1655	1539	−5	+4	40	66
1993	04	24	ZA	ZW	1	1	FQ		-11	1637	1550	−3	+1	45	66
1993	05	02	GN	ZW	3	0	WQ		40	1444	1510	+7	−10	93	76
1993	07	04	ZW	CM	1	0	WQ		21	1531	1598	+5	−13	71	58
1993	07	11	ZW	MU	2	0	FQ		6	1537	1236	+2	0	69	144
1993	07	25	ZW	ZM	1	1	FQ		1	1538	1647	0	−1	69	41
1993	08	08	ZW	SZ	2	0	F		3	1541	1244	0	−1	69	143
1993	09	06	SZ	ZW	0	1	IND		-7	1237	1548	0	0	144	68
1993	09	19	ZW	SN	2	0	F		8	1556	1477	+3	−1	65	85
1993	09	26	ZW	GN	1	0	WQ		10	1566	1452	0	0	65	94
1993	10	10	CM	ZW	3	1	WQ		17	1643	1549	+4	−3	44	68
1994	02	26	ZW	ZM	2	2	F		0	1549	1658	0	0	70	39
1994	03	12	ZM	ZW	2	1	F		5	1663	1544	0	0	38	70
1994	04	24	ZA	ZW	1	0	F		5	1619	1539	+2	0	54	69
1994	09	04	ZW	LS	5	0	FQ		5	1544	1175	0	0	68	160
1994	10	15	MW	ZW	3	1	FQ		34	1436	1510	+8	−7	94	75
1994	11	13	ZW	ZR	2	1	FQ		13	1523	1462	+7	−1	70	86
1995	01	22	ZW	CM	4	1	FQ		29	1552	1530	+7	−6	66	71
1995	04	09	LS	ZW	0	2	FQ		-11	1190	1563	−3	+1	156	64
1995	04	23	ZW	MW	1	1	FQ		-11	1552	1453	0	+1	65	91
1995	06	04	ZR	ZW	5	0	FQ		33	1545	1519	+11	−11	66	75
1995	06	25	MZ	ZW	3	1	F		17	1389	1502	+9	−3	108	78
1995	07	30	CM	ZW	1	0	FQ		12	1565	1490	+3	−1	65	79
1995	08	13	ZW	ZM	1	1	F		1	1491	1640	0	0	79	41
1995	08	27	ZM	ZW	1	2	F		-16	1604	1507	−4	+1	52	78
1995	11	22	EG	ZW	2	2	SMB	ZA	-5	1635	1512	0	+1	43	77
1995	11	24	ZM	ZW	1	1	SMB	ZA	-5	1617	1517	−2	+1	49	76
1995	11	26	ZA	ZW	2	0	SMB		9	1679	1508	+2	−2	35	78
1996	01	07	ZW	GA	1	2	F		-14	1494	1493	−1	+3	80	81
1996	01	09	ZW	GH	1	1	F		2	1496	1660	0	0	80	38
1996	06	02	MG	ZW	1	2	WQ		-25	1459	1521	−9	+5	90	74
1996	06	16	ZW	MG	2	2	WQ		-9	1512	1468	−1	+4	76	86
1996	09	29	ZW	TZ	1	0	F		4	1516	1389	+2	−1	75	110
1996	10	06	SD	ZW	0	3	FQ		-38	1403	1554	−11	+9	106	65
1996	11	10	AO	ZW	2	1	WQ		19	1489	1535	+6	−4	81	69
1996	12	21	ZW	ZM	2	2	F		-1	1534	1612	0	0	69	53
1997	01	12	ZW	TG	3	0	WQ		14	1548	1379	+1	−8	68	116
1997	01	19	MZ	ZW	1	2	F		-8	1354	1556	−1	+3	120	65
1997	01	26	ZW	GH	0	0	FQ		-6	1550	1562	−3	+1	68	64
1997	02	22	ID	ZW	0	0	DNH	MY	11	1248	1539	+2	−1	141	69
1997	02	23	ZW	AO	1	0	FQ		12	1551	1487	+1	−1	68	78
1997	02	24	BA	ZW	2	2	DNH	MY	-3	1609	1554	−2	+1	54	67
1997	02	26	ZW	VN	6	0	DNH	MY	9	1563	1235	+3	−1	64	143
1997	02	28	CN	ZW	3	1	DNH	MY	21	1614	1542	+6	−4	52	68
1997	03	16	NA	ZW	2	1	CSF		30	1278	1512	+5	−5	136	73
1997	04	06	CM	ZW	1	0	WQ		12	1567	1500	+6	−4	62	77
1997	04	27	ZW	AO	0	0	WQ		-5	1495	1516	−3	+1	79	72
1997	06	08	TG	ZW	2	1	WQ		22	1387	1473	+9	−6	109	85
1997	07	13	GH	ZW	2	1	FQ		12	1524	1461	0	−4	72	86
1997	07	27	AO	ZW	2	1	FQ		11	1540	1450	+2	−3	70	88
1997	08	17	ZW	CM	1	2	WQ		-19	1431	1578	−10	+6	97	60
1998	01	03	MW	ZW	1	0	F		9	1360	1422	+1	−4	118	101
1998	01	04	MW	ZW	0	2	F		-17	1343	1439	−2	+7	120	94
1998	01	18	LS	ZW	0	2	CSF		-17	1167	1456	−2	+5	162	89
1998	04	19	ZW	NA	5	2	CSF		16	1472	1331	+7	−5	83	126
1998	05	24	MZ	ZW	0	2	CSF		-28	1320	1500	−8	+9	127	74
1998	07	18	MW	ZW	1	0	F		12	1345	1488	+3	−5	119	79
1998	07	20	MW	ZW	0	0	F		1	1346	1487	0	0	119	78
1998	08	30	AO	ZW	2	1	CSF		16	1480	1471	+7	−6	80	85
1998	09	27	ZW	ZM	0	1	CSF		-20	1451	1598	−5	+3	90	57
1998	11	07	TN	ZW	1	1	F		-7	1621	1458	0	+1	52	89
1999	01	23	ZW	MW	3	0	F		7	1465	1300	+5	−1	85	130
1999	01	24	ZW	MW	1	0	F		4	1469	1296	+4	0	81	130
1999	02	20	ZW	ZM	1	1	F		1	1470	1606	0	0	81	56
1999	06	16	ZA	ZW	0	1	F		-16	1613	1486	0	+1	52	79
1999	06	29	ZW	EG	1	1	F		2	1488	1669	+3	−1	78	46
1999	07	03	ER	ZW	0	1	FQ		-12	1221	1500	−2	0	150	78
1999	07	18	SZ	ZW	1	1	CSF		10	1226	1490	+1	0	150	77
1999	07	30	ZW	SN	2	1	FQ		13	1503	1453	0	−4	77	90
1999	08	08	SN	ZW	2	0	FQ		26	1479	1477	+9	−5	81	82
1999	08	15	ZW	ER	4	0	FQ		8	1485	1193	+3	−1	79	156
1999	11	27	ZW	LY	2	1	F		6	1491	1449	+2	0	78	91
2000	03	05	ZW	LS	2	1	CSF		2	1493	1107	0	0	80	171
2000	03	21	NA	ZW	2	1	IND		18	1337	1475	+5	−4	120	83
2000	04	09	CF	ZW	0	1	WQ		-14	1245	1489	−3	+3	145	81
2000	04	23	ZW	CF	3	1	WQ		7	1496	1238	+3	−1	79	145
2000	05	14	ZW	NA	3	2	CSF		7	1503	1324	+4	−3	73	124
2000	06	18	GN	ZW	3	0	WQ		28	1499	1475	+7	−7	77	81
2000	07	01	SC	ZW	0	1	FQ		-4	989	1479	0	0	190	81
2000	07	09	ZW	ZA	0	2	WQ		-24	1455	1671	−5	+6	86	45
2000	07	16	ZW	SC	5	0	FQ		3	1458	986	+1	0	85	190
2000	07	29	ZA	ZW	0	1	CSF		-34	1637	1492	−10	+6	53	79
2000	08	13	LS	ZW	0	3	CSF		-16	1164	1508	−2	+2	163	77
2000	08	27	ZW	LS	3	0	CSF		5	1513	1159	+2	−2	75	165
2000	09	03	ZW	CD	3	2	FQ		13	1526	1466	+3	−4	71	84
2000	10	08	GH	ZW	4	1	FQ		25	1558	1501	+6	−3	64	77
2000	10	30	RW	ZW	1	0	CMS	ZM	23	1309	1478	+9	−3	125	79
2001	01	14	ZW	LS	1	2	FQ		-36	1442	1218	−9	+7	88	152
2001	02	24	BF	ZW	1	2	WQ		-24	1386	1466	−6	+6	111	82
2001	03	11	ZW	MW	2	0	WQ		9	1475	1248	+1	−1	80	143
2001	03	24	LS	ZW	0	1	FQ		-11	1199	1486	−2	0	155	80
2001	05	05	ZA	ZW	2	1	WQ		6	1682	1480	+1	−2	43	83
2001	06	03	ZW	GH	1	2	FQ		-27	1453	1488	−8	+8	89	79
2001	06	17	CD	ZW	2	1	FQ		16	1436	1437	+5	−5	95	94
2001	07	08	ZW	SZ	2	1	CSF		5	1442	1192	+2	0	91	156
2001	07	15	ZW	BF	1	0	WQ		12	1454	1384	+3	−2	89	110
2001	07	28	MW	ZW	0	1	WQ		-17	1280	1471	−7	+5	138	85
2001	08	25	MW	ZW	0	2	CSF		-22	1258	1493	−4	+8	142	79
2001	09	16	AO	ZW	0	0	CSF		-7	1510	1500	−2	+2	74	78
2001	09	30	ZW	AO	0	1	CSF		-25	1475	1535	−8	+7	86	67
2001	12	30	SA	ZW	0	2	F		-26	1688	1501	−3	+5	42	80
2002	01	05	KW	ZW	3	0	F		10	1565	1491	+2	−1	63	80
2002	01	08	QA	ZW	0	2	F		-22	1538	1513	−3	+7	68	72
2002	05	05	ZW	SZ	0	2	CSF		-55	1458	1243	−13	+8	87	148
2002	07	07	MW	ZW	3	2	IND		17	1323	1441	+4	−5	126	93
2002	07	08	MW	ZW	2	2	IND		1	1324	1440	0	−1	126	94
2002	08	30	ZW	LS	2	0	F		3	1443	1146	+1	0	92	162
2002	09	08	ZW	ML	1	0	FQ		17	1460	1472	+7	−4	85	83
2002	09	28	ZW	ZM	0	0	F		-3	1457	1472	−1	+1	86	83
2002	10	12	ER	ZW	0	1	FQ		-9	1135	1466	−2	+1	165	85
2003	03	16	ZW	MW	0	0	F		-6	1460	1350	−2	+3	91	124
2003	03	30	ZW	SC	3	1	FQ		2	1462	1003	+3	0	89	189
2003	04	20	ZW	AO	1	0	CSF		15	1477	1467	+4	−6	84	88
2003	06	07	SC	ZW	2	1	FQ		36	1039	1441	+3	−11	186	95
2003	06	22	ML	ZW	0	0	FQ		-10	1523	1451	−1	+3	72	92
2003	07	05	ZW	ER	2	0	FQ		6	1457	1163	+1	−3	90	162
2003	07	19	ZA	ZW	0	1	CSF		-35	1645	1492	−6	+11	48	77
2003	08	30	ZW	SZ	2	0	CSF		8	1500	1256	+4	−4	75	145
2003	09	27	MW	ZW	1	2	CSF		-15	1301	1515	−1	+2	130	74
2003	10	05	ZW	MW	2	0	CSF		8	1523	1293	+2	0	72	130
2003	10	12	ZW	MR	3	0	WQA		3	1526	1106	+1	0	71	169
2003	10	23	ZW	BF	4	1	AAG	IN	29	1555	1437	+6	−8	65	96
2003	10	29	IN	ZW	5	3	AAG		53	1155	1502	+11	−15	162	80
2003	11	14	MR	ZW	2	1	WQA		34	1140	1468	+2	−5	168	86
2003	12	13	BW	ZW	0	2	F		-10	1236	1478	−2	+2	147	84
2004	01	25	EG	ZW	2	1	AR	TN	12	1698	1466	+3	−3	39	85
2004	01	29	CM	ZW	5	3	AR	TN	11	1778	1455	+2	−4	24	89
2004	02	03	ZW	DZ	2	1	AR	TN	32	1487	1522	+7	−5	81	74
2004	05	01	ZM	ZW	1	1	F		-2	1438	1489	0	0	96	80
2004	05	16	ZW	ZM	0	0	F		-4	1485	1442	−1	+1	81	95
2004	05	24	EG	ZW	2	0	F		5	1676	1480	0	−1	45	82
2004	06	05	GA	ZW	1	1	WQA		2	1346	1478	+1	0	124	83
2004	06	20	ZW	DZ	1	1	WQA		-5	1473	1486	0	+1	84	82
2004	06	27	SZ	ZW	0	5	CSF		-20	1160	1493	−5	+3	163	82
2004	07	03	RW	ZW	0	2	WQA		-28	1347	1521	−6	+7	121	75
2004	08	18	ZW	BW	2	0	F		4	1525	1274	0	−3	76	139
2004	08	22	ZW	UG	2	0	F		6	1531	1374	+1	−2	75	115
2004	09	05	ZW	NG	0	3	WQA		-19	1512	1816	−2	0	77	22
2004	10	10	AO	ZW	1	0	WQA		14	1534	1498	+3	−4	74	83
2004	10	24	ZW	ZM	0	0	CSF		-6	1492	1494	−1	+1	85	84
2005	02	27	MW	ZW	2	1	F		13	1297	1479	+3	−2	133	86
2005	03	16	ZW	BW	1	1	F		-6	1473	1318	−3	+3	90	125
2005	03	27	ZW	AO	2	0	WQA		28	1501	1521	+6	−5	81	75
2005	04	16	ZW	MZ	3	0	CSF	NA	15	1516	1255	+4	−1	77	140
2005	04	17	ZW	BW	2	0	CSF	NA	14	1530	1292	+6	−4	71	134
2005	06	05	ZW	GA	1	0	WQA		8	1538	1393	0	−1	71	102
2005	06	19	DZ	ZW	2	2	WQA		1	1418	1537	0	−1	99	73
2005	08	13	ZW	AO	2	1	CSF	ZA	19	1556	1508	+4	−8	69	82
2005	08	14	ZW	ZM	1	0	CSF	ZA	18	1574	1500	+4	−8	65	83
2005	08	28	ZW	MZ	0	0	F		-8	1566	1267	0	+1	65	137
2005	09	04	ZW	RW	3	1	WQA		8	1574	1325	0	−3	64	124
2005	09	24	MW	ZW	2	0	AFD	MZ	39	1290	1535	+5	−9	135	72
2005	09	25	MZ	ZW	3	2	AFD		22	1289	1513	+2	−8	136	80
2005	10	08	NG	ZW	5	1	WQA		9	1760	1504	+1	−3	31	83
2005	12	31	ZW	ZM	1	1	F		-2	1502	1526	−1	0	82	75
2006	01	05	EG	ZW	2	0	F		4	1717	1498	+2	−1	37	83
2006	01	14	MA	ZW	1	0	F		3	1689	1495	+1	−2	44	85
2006	01	23	SN	ZW	2	0	AR	EG	18	1711	1477	+2	−4	41	89
2006	01	27	NG	ZW	2	0	AR	EG	12	1777	1465	+2	−3	27	92
2006	01	31	ZW	GH	2	1	AR	EG	35	1500	1571	+10	−9	81	66
2006	06	24	MW	ZW	1	1	IND	MZ	7	1333	1493	+1	−5	122	86
2006	06	25	ZW	SZ	2	1	IND	MZ	5	1498	1188	+4	−1	82	160
2006	07	15	ZM	ZW	0	0	F		-3	1503	1501	−1	+1	80	81
2006	09	17	ZW	AO	1	2	CSF		-20	1481	1623	−2	+4	87	54
2006	10	07	MW	ZW	1	0	FQ		24	1333	1457	+4	−5	121	93
2006	11	15	ZW	NA	3	2	F		2	1459	1203	0	0	94	155
2007	03	25	ZW	MA	1	1	FQ		5	1464	1652	+2	−1	92	50
2007	04	28	ZW	MG	1	0	CSF	MZ	6	1470	1170	+1	−4	91	167
2007	04	29	MZ	ZW	0	0	CSF		4	1301	1466	+1	−2	130	93
2007	05	25	ZW	LS	1	1	F		-8	1458	1170	0	0	93	168
2007	05	29	ZW	BF	1	1	F		-4	1454	1413	0	0	93	101
2007	06	02	MA	ZW	2	0	FQ		9	1661	1445	+3	−2	47	94
2007	08	20	MZ	ZW	0	0	F		0	1343	1445	0	0	120	94
2007	09	09	ZW	MW	3	1	FQ		10	1455	1254	+4	−3	91	143
2008	03	11	ZA	ZW	2	1	F		7	1488	1448	+2	−2	89	95
2008	03	26	BW	ZW	0	1	F		-10	1345	1458	−1	0	116	94
2008	06	01	GN	ZW	0	0	WQA		-12	1595	1470	−2	+2	59	93
2008	06	08	ZW	NA	2	0	WQA		10	1480	1272	+1	−2	92	137
2008	06	14	KE	ZW	2	0	WQA		33	1382	1447	+6	−4	113	96
2008	06	22	ZW	KE	0	0	WQA		-9	1438	1391	−2	+2	98	111
2008	07	27	ZM	ZW	0	0	CSF	ZA	-5	1523	1443	0	0	81	98
2008	08	20	ZW	BW	1	0	F		5	1448	1327	+3	−1	95	123
2008	09	07	ZW	GN	0	0	WQA		1	1449	1561	0	−1	95	68
2008	09	10	OM	ZW	3	2	F		6	1502	1443	0	0	87	95
2008	10	11	NA	ZW	4	2	WQA		37	1300	1406	+10	−11	129	106
2008	12	28	YE	ZW	1	0	F		13	1224	1393	+3	−4	153	112
2008	12	30	YE	ZW	0	1	F		-8	1216	1401	−2	+1	155	111
2009	02	11	TZ	ZW	0	0	F		-2	1365	1403	−1	+3	121	108
2009	03	23	BH	ZW	5	2	F		6	1589	1397	0	−4	60	112
2009	05	13	JO	ZW	2	0	F		8	1494	1389	+1	−3	85	113
2009	08	12	ZW	LS	1	1	F		-8	1381	1143	−2	+1	114	169
2009	10	17	ZW	MU	3	0	CSF		6	1387	1052	+1	0	114	181
2009	10	19	ZW	LS	2	2	CSF		-15	1372	1144	−4	+2	118	169
2009	10	26	ZW	BW	1	0	CSF		11	1383	1292	+3	0	115	132
2009	10	28	ZW	ZA	1	1	CSF		4	1387	1542	+1	−1	114	76
2009	11	01	ZW	ZM	3	1	CSF		28	1415	1435	+6	−8	108	100
2009	12	01	ER	ZW	0	0	CEC	KE	12	1199	1403	+1	−1	159	111
2009	12	03	ZW	SO	2	0	CEC	KE	4	1407	933	0	−1	111	193
2009	12	05	RW	ZW	1	0	CEC	KE	24	1368	1383	+3	−3	117	114
2009	12	08	RW	ZW	4	1	CEC	KE	37	1405	1346	+6	−6	111	120
2009	12	29	TH	ZW	3	0	F		8	1475	1338	+3	−2	89	122
2010	01	27	ZA	ZW	3	0	F		6	1528	1332	+2	0	83	122
2010	03	03	ZW	MW	2	1	F		9	1341	1373	+2	−2	121	115
2010	06	02	ZW	BR	0	3	F		-1	1340	2108	0	0	121	1
2010	06	10	JP	ZW	0	0	F	ZA	-8	1678	1348	−3	+1	45	120
2010	08	04	BW	ZW	2	0	F		10	1368	1338	0	−1	119	122
2010	09	05	LR	ZW	1	1	FQ		0	1232	1338	0	0	148	124
2010	10	10	ZW	CV	0	0	FQ		-3	1335	1395	−1	+1	123	111
2011	03	26	ML	ZW	1	0	FQ		7	1523	1328	0	0	83	123
2011	06	05	ZW	ML	2	1	FQ		25	1353	1498	+6	−7	119	90
2011	08	10	ZW	ZM	2	0	F		19	1372	1532	+3	−6	114	78
2011	09	04	ZW	LR	3	0	FQ		16	1388	1240	+4	−5	110	146
2011	10	08	CV	ZW	2	1	FQ		15	1396	1373	+5	−5	109	116
2011	11	15	ZW	ZA	2	1	F		14	1387	1599	+6	−3	110	60
2011	11	27	ZW	DJ	2	0	CEC	TZ	2	1389	789	+1	0	109	207
2011	11	29	RW	ZW	2	0	CEC	TZ	31	1413	1358	+10	−9	103	118
2011	12	03	TZ	ZW	1	2	CEC		-22	1273	1380	−6	+5	139	113
2011	12	06	UG	ZW	1	0	CEC	TZ	13	1528	1367	+3	−5	79	118
2012	01	07	BW	ZW	0	0	F		-4	1413	1371	0	+1	103	117
2012	02	29	BI	ZW	2	1	FQ		22	1266	1349	+5	−3	139	119
2012	06	03	ZW	GN	0	1	WQ		-15	1334	1553	−1	+3	122	74
2012	06	10	MZ	ZW	0	0	WQ		-5	1325	1339	0	+3	126	121
2012	06	17	ZW	BI	1	0	FQ		11	1350	1255	+3	0	118	145
2012	07	16	BW	ZW	1	0	FT		12	1338	1338	+5	−3	121	121
2012	07	17	ZW	LS	5	3	FT	BW	11	1349	1138	+3	−1	118	169
2012	08	08	ZM	ZW	2	1	F		2	1608	1347	+1	0	59	118
2012	09	09	ZW	AO	3	1	FQ		34	1381	1461	+6	−7	113	96
2012	10	14	AO	ZW	2	0	FQ		16	1477	1365	+3	−3	93	116
2013	02	06	ZW	BW	2	1	F		5	1370	1287	+1	0	118	139
2013	03	26	EG	ZW	2	1	WQ		5	1620	1365	+2	+1	51	118
2013	04	28	ZM	ZW	2	0	F		5	1547	1360	+2	−1	71	119
2013	05	25	MW	ZW	1	1	F		-3	1377	1363	−1	+2	116	117
2013	06	09	ZW	EG	2	4	WQ		-18	1345	1629	−8	+2	126	54
2013	06	16	GN	ZW	1	0	WQ		7	1519	1338	+2	+1	84	127
2013	07	13	MW	ZW	1	1	CSF	ZM	-1	1348	1339	0	0	125	127
2013	07	17	ZW	LS	2	1	CSF	ZM	12	1351	1189	+2	−4	124	161
2013	07	20	ZM	ZW	2	0	CSF		10	1547	1341	+3	−2	73	127
2013	09	08	ZW	MZ	1	1	WQ		-5	1336	1365	+1	+2	125	118
2013	09	10	ZA	ZW	1	2	F		-17	1548	1353	−4	0	72	125
2013	11	19	TZ	ZW	0	0	F		-3	1354	1356	−2	+3	122	121
2014	03	05	MW	ZW	1	4	F		-21	1312	1377	−2	+4	129	119
2014	05	18	TZ	ZW	1	0	FQ		16	1367	1361	+6	−5	119	121
2014	06	01	ZW	TZ	2	2	FQ		-5	1356	1378	−4	−1	124	116
2015	05	17	ZW	MU	2	0	CSF	ZA	8	1364	1024	+2	0	118	187
2015	05	19	ZW	SC	1	0	CSF	ZA	4	1368	992	0	−2	118	190
2015	05	21	NA	ZW	4	1	CSF	ZA	44	1324	1324	+6	−10	128	128
2015	06	13	MW	ZW	1	2	FQ		-29	1364	1353	−9	+5	119	124
2015	09	06	ZW	GN	1	1	FQ		3	1356	1498	+2	−1	120	83
2016	03	25	SZ	ZW	1	1	FQ		0	1260	1356	−1	+1	143	115
2016	03	28	ZW	SZ	4	0	FQ		18	1374	1242	+1	−6	115	149
2016	05	31	ZW	UG	2	0	F		16	1390	1485	+4	−4	110	88
2016	06	05	ZW	MW	3	0	FQ		18	1408	1294	+4	−3	107	130
2016	06	11	SZ	ZW	2	2	CSF	NA	7	1294	1401	+4	−1	132	109
2016	06	13	MG	ZW	0	0	CSF	NA	8	1253	1393	+2	−1	146	111
2016	06	15	ZW	SC	5	0	CSF	NA	6	1399	962	+1	−1	110	191
2016	09	04	GN	ZW	1	0	FQ		9	1535	1390	+1	−2	77	112
2016	11	05	ZW	ZM	1	0	F		8	1398	1411	+2	−2	109	105
2016	11	13	ZW	TZ	3	0	F		9	1407	1312	+4	−2	105	126
2016	12	26	CI	ZW	0	0	F		-8	1717	1415	0	+2	34	104
2017	01	10	CM	ZW	1	1	F		-7	1618	1422	0	+1	56	103
2017	01	15	DZ	ZW	2	2	AR	GA	-14	1621	1436	−2	+6	55	97
2017	01	19	SN	ZW	2	0	AR	GA	13	1723	1423	+3	−8	34	104
2017	01	23	TN	ZW	4	2	AR	GA	21	1610	1402	+3	−5	59	109
2017	03	26	ZW	ZM	0	0	F		-2	1400	1442	0	+2	107	95
2017	06	11	ZW	LR	3	0	FQ		19	1419	1304	+4	−7	101	132
2017	06	26	ZW	MZ	4	0	CSF	ZA	32	1451	1331	+11	−4	91	123
2017	06	28	MG	ZW	0	0	CSF	ZA	8	1321	1443	+1	−3	127	94
2017	06	30	ZW	SC	6	0	CSF	ZA	5	1448	939	+3	0	91	197
2017	07	02	ZW	SZ	2	1	CSF	ZA	13	1461	1310	+1	−2	90	128
2017	07	05	ZW	LS	4	3	CSF	ZA	9	1470	1242	+2	−3	88	150
2017	07	09	ZW	ZM	3	1	CSF	ZA	30	1500	1435	+6	−7	82	98
2017	11	08	LS	ZW	1	0	F		14	1262	1486	+3	−2	145	83
2017	11	11	NA	ZW	3	1	HGG		24	1381	1462	+9	−9	110	92
2018	03	21	ZM	ZW	2	2	FT		-6	1492	1468	−2	0	84	90
2018	03	24	AO	ZW	2	2	FT	ZM	8	1258	1460	+5	0	145	90
2018	04	18	ZW	BW	0	1	F		-17	1443	1279	−5	+4	95	139
2018	06	03	BW	ZW	1	1	CSF	ZA	7	1324	1436	+2	−1	124	95
2018	06	06	LS	ZW	0	0	CSF	ZA	9	1286	1427	+1	−3	137	99
2018	06	09	ZW	ZM	4	2	CSF	ZA	34	1461	1442	+10	−8	89	94
2018	09	09	CG	ZW	1	1	FQ		-2	1387	1463	0	+1	108	89
2018	10	13	CD	ZW	1	2	FQ		-31	1543	1494	−9	+5	71	84
2018	10	16	ZW	CD	1	1	FQ		-3	1491	1546	−1	+1	85	70
2018	11	18	LR	ZW	1	0	FQ		24	1339	1467	+7	−3	121	88
2019	03	24	ZW	CG	2	0	FQ		16	1483	1370	+3	−3	88	112
2019	06	01	ZW	KM	2	0	CSF	ZA	6	1489	1107	+1	−2	86	178
2019	06	05	ZM	ZW	0	0	CSF	ZA	3	1431	1486	+1	0	97	86
2019	06	07	LS	ZW	2	2	CSF	ZA	10	1304	1476	+2	−3	137	89
2019	06	08	NG	ZW	0	0	F		-8	1709	1484	−1	+2	40	87
2019	06	16	TZ	ZW	1	1	F	EG	3	1362	1481	+2	−1	115	88
2019	06	21	EG	ZW	1	0	AR		11	1616	1470	+3	0	53	88
2019	06	26	UG	ZW	1	1	AR	EG	-2	1492	1472	0	0	85	89
2019	06	30	CD	ZW	4	0	AR	EG	46	1526	1426	+14	−9	74	98
2019	09	05	SO	ZW	1	0	WQ	DJ	39	874	1387	+2	−8	202	106
2019	09	10	ZW	SO	3	1	WQ		2	1389	872	+1	0	107	202
2019	11	15	ZW	BW	0	0	FQ		-10	1379	1303	−2	+2	110	133
2019	11	19	ZM	ZW	1	2	FQ		-30	1432	1409	−8	+6	97	104
2020	10	11	MW	ZW	0	0	F		-1	1337	1410	0	+1	122	102
2020	11	12	DZ	ZW	3	1	FQ		4	1759	1406	0	−1	31	103
2020	11	16	ZW	DZ	2	2	FQ		12	1418	1747	+3	−4	99	35
2021	03	25	BW	ZW	0	1	FQ		-20	1295	1438	−2	+2	133	96
2021	03	29	ZW	ZM	0	2	FQ		-37	1401	1493	−7	+12	102	80
2021	07	07	MZ	ZW	0	0	CSF	ZA	7	1279	1394	0	−2	139	105
2021	07	09	MW	ZW	2	2	CSF	ZA	3	1340	1391	0	0	125	105
2021	07	11	NA	ZW	2	0	CSF	ZA	32	1397	1359	+12	−14	104	119
2021	07	13	SN	ZW	2	1	CSF	ZA	5	1702	1354	0	0	40	119
2021	09	03	ZW	ZA	0	0	WQ		3	1357	1509	+1	−1	118	79
2021	09	07	ET	ZW	1	0	WQ		16	1347	1341	+4	−4	122	123
2021	10	09	GH	ZW	3	1	WQ		7	1589	1334	−1	0	61	123
2021	10	12	ZW	GH	0	1	WQ		-12	1322	1601	−1	+3	126	60
2021	11	11	ZA	ZW	1	0	WQ		5	1562	1317	−1	−1	70	127
2021	11	14	ZW	ET	1	1	WQ		-5	1312	1337	−2	+3	129	118
2022	01	02	SD	ZW	0	0	F	CM	0	1309	1312	0	0	131	130
2022	01	10	SN	ZW	1	0	AR	CM	5	1707	1307	0	−2	42	132
2022	01	14	MW	ZW	2	1	AR	CM	28	1293	1279	+9	−6	134	138
2022	01	18	ZW	GN	2	1	AR	CM	35	1314	1397	+10	−9	128	102
2023	09	04	ZW	NA	2	2	F		-1	1313	1371	0	+1	131	113
2023	09	30	BW	ZW	1	1	IPC		-6	1343	1319	−2	+4	118	127
2023	11	15	RW	ZW	0	0	WQ		-3	1261	1322	0	+1	149	129
2023	11	19	NG	ZW	1	1	WQ	RW	-13	1587	1335	−1	+2	61	127
2024	03	23	ZM	ZW	2	2	FT	MW	-6	1470	1341	−1	+2	89	123
2024	03	26	KE	ZW	3	1	FT	MW	20	1402	1321	+3	−7	105	129
2024	06	07	LS	ZW	2	0	WQ	ZA	36	1286	1285	+11	−13	143	144
2024	06	11	ZA	ZW	3	1	WQ		6	1585	1279	+1	−3	65	146
2024	06	27	ZW	KM	1	0	CSF	ZA	21	1300	1283	+7	−7	138	144
2024	06	30	ZW	ZM	2	0	CSF	ZA	40	1340	1374	+12	−12	126	113
2024	07	02	KE	ZW	2	0	CSF	ZA	25	1422	1315	+5	−11	100	137
2024	09	06	KE	ZW	0	0	FQ	UG	-6	1416	1321	−3	+5	102	132
2024	09	10	CM	ZW	0	0	FQ	UG	-13	1577	1334	−4	+4	65	129
2024	10	10	ZW	NA	1	0	FQ	ZA	21	1355	1328	+11	−8	118	130
2024	10	14	ZW	NA	3	1	FQ	ZA	28	1383	1300	+6	−8	110	135
2024	11	15	KE	ZW	1	1	FQ	ZA	-1	1407	1384	−1	+1	103	110
2024	11	19	CM	ZW	2	1	FQ		6	1594	1378	+1	−4	61	116
2025	03	20	BJ	ZW	2	2	WQ	ZA	-3	1426	1381	0	+2	95	112
2025	03	25	NG	ZW	1	1	WQ		-14	1558	1395	−4	+5	69	106
2025	06	04	MU	ZW	0	0	CSF	ZA	15	1059	1380	+4	−7	178	113
2025	06	06	BF	ZW	2	0	F	MA	10	1502	1370	+2	−5	82	117
2025	06	07	ZA	ZW	2	0	CSF		10	1570	1360	+1	−3	67	120
2025	06	10	NE	ZW	1	1	F	MA	1	1337	1359	+1	+17	125	102
2025	06	10	ZW	MZ	3	1	CSF	ZA	39	1398	1432	+17	−9	102	95
2025	09	05	BJ	ZW	1	0	WQ	CI	19	1426	1379	+4	−9	94	112
2025	09	09	RW	ZW	1	0	WQ	ZA	24	1340	1355	+6	−9	127	119
2025	10	10	ZA	ZW	0	0	WQ		-13	1514	1368	−3	+6	79	113
2025	10	13	LS	ZW	1	0	WQ	ZA	29	1224	1339	+5	−12	153	126
2025	11	13	DZ	ZW	3	1	F	SA	3	1703	1336	0	−1	43	127
2025	11	17	QA	ZW	1	2	F		-16	1486	1352	−1	+12	84	115
2025	12	22	EG	ZW	2	1	AR	MA	10	1608	1342	+3	−4	60	120
2025	12	26	AO	ZW	1	1	AR	MA	-13	1537	1355	−2	+5	77	115
2025	12	29	ZA	ZW	3	2	AR	MA	13	1551	1342	+3	−4	73	120
2026	03	28	BW	ZW	0	3	MKR		-29	1256	1371	−4	+10	148	112
2026	05	26	NG	ZW	2	0	UTC	EN	5	1757	1366	0	−1	32	113
2026	05	30	ZW	IN	1	0	UTC	EN	6	1372	1128	+2	0	111	168